true_similarity,predicted_similarity,model,seed,pair_idx
0.1692307692307693,0.1321689645791311,ADMM,0,0
0.8507462686567164,0.7462212617180273,ADMM,0,1
0.24626865671641784,0.12473334571225786,ADMM,0,2
0.1691176470588236,0.15198831605619867,ADMM,0,3
0.09848484848484851,0.10123785781747832,ADMM,0,4
0.040983606557377095,0.04398108070820787,ADMM,0,5
0.543859649122807,0.474052690029096,ADMM,0,6
0.25,0.30300904352060115,ADMM,0,7
0.3305084745762712,0.29378324051835514,ADMM,0,8
0.3671875,0.24567149576554653,ADMM,0,9
0.8484848484848485,0.7037762512941241,ADMM,0,10
0.2033898305084746,0.21655045479829133,ADMM,0,11
0.5970149253731343,0.47987313189077757,ADMM,0,12
0.1311475409836066,0.16516875703366218,ADMM,0,13
0.48461538461538467,0.4280796189239002,ADMM,0,14
0.3046875,0.27341180539247784,ADMM,0,15
0.140625,0.11038508134539514,ADMM,0,16
0.26190476190476186,0.18808388375671672,ADMM,0,17
0.24590163934426235,0.22928259347062452,ADMM,0,18
0.11904761904761907,0.12317445371147814,ADMM,0,19
0.07627118644067798,0.07158287515256337,ADMM,0,20
0.38983050847457634,0.28692691211998445,ADMM,0,21
0.05084745762711862,0.06791061439007047,ADMM,0,22
0.17796610169491522,0.11229439833982029,ADMM,0,23
0.16393442622950816,0.15767701613466978,ADMM,0,24
0.0757575757575758,0.14961668041633996,ADMM,0,25
0.08870967741935487,0.07698084004998454,ADMM,0,26
0.1428571428571428,0.07936826713025645,ADMM,0,27
0.17796610169491522,0.2031418887178905,ADMM,0,28
0.11538461538461542,0.08177148292073316,ADMM,0,29
0.08196721311475408,0.09158599199918582,ADMM,0,30
0.1724137931034483,0.17028289599076904,ADMM,0,31
0.14655172413793105,0.16369852168444757,ADMM,0,32
0.056451612903225756,0.08831039221009354,ADMM,0,33
0.0793650793650793,0.08189836111611476,ADMM,0,34
0.3571428571428572,0.28280839800815993,ADMM,0,35
0.4076923076923077,0.36946667061039,ADMM,0,36
0.16363636363636358,0.1452668421361658,ADMM,0,37
0.12068965517241381,0.14769547497797464,ADMM,0,38
0.19166666666666665,0.17102531071684024,ADMM,0,39
0.11111111111111116,0.10132252392855694,ADMM,0,40
0.08771929824561409,0.05226329949867647,ADMM,0,41
0.08208955223880599,0.09109518918822677,ADMM,0,42
0.265625,0.2671830797711324,ADMM,0,43
0.17460317460317465,0.10558605022280798,ADMM,0,44
0.15000000000000002,0.14082594597931702,ADMM,0,45
0.23809523809523814,0.2147711249256241,ADMM,0,46
0.3181818181818181,0.23779651537343674,ADMM,0,47
0.9761904761904762,0.8718496364150563,ADMM,0,48
0.10185185185185186,0.11910508184886578,ADMM,0,49
0.19444444444444442,0.13402898554195933,ADMM,0,50
0.11016949152542377,0.14211737869077895,ADMM,0,51
0.3070175438596492,0.2999058127534089,ADMM,0,52
0.10526315789473684,0.10297568937719245,ADMM,0,53
0.12878787878787878,0.21737764849726643,ADMM,0,54
0.0636363636363636,0.19327740132591406,ADMM,0,55
0.14754098360655732,0.17166711911122873,ADMM,0,56
0.5172413793103449,0.3918215759778653,ADMM,0,57
0.0803571428571429,0.13717273786259093,ADMM,0,58
0.16666666666666663,0.1627766449719922,ADMM,0,59
0.10833333333333339,0.13358574560075084,ADMM,0,60
0.05555555555555558,0.12675499942280719,ADMM,0,61
0.20491803278688525,0.20056746530064887,ADMM,0,62
0.045454545454545414,0.07371551258042372,ADMM,0,63
0.211864406779661,0.12806243779530774,ADMM,0,64
0.3015873015873016,0.24474154825998304,ADMM,0,65
0.2053571428571428,0.14663184455454167,ADMM,0,66
0.42105263157894735,0.3969377271273569,ADMM,0,67
0.12280701754385959,0.11706371848761968,ADMM,0,68
0.3090909090909091,0.2768193206642538,ADMM,0,69
0.05833333333333335,0.12232059344360857,ADMM,0,70
0.1272727272727272,0.1365349957763224,ADMM,0,71
0.19354838709677424,0.1447146445938138,ADMM,0,72
0.07499999999999996,0.13263732973629289,ADMM,0,73
0.06779661016949157,0.08699495027244535,ADMM,0,74
0.07627118644067798,0.08465690535819048,ADMM,0,75
0.1637931034482758,0.1443974963437119,ADMM,0,76
0.17272727272727273,0.19883279306446786,ADMM,0,77
0.06034482758620685,0.09736796245060991,ADMM,0,78
0.15000000000000002,0.15559503489980547,ADMM,0,79
0.435483870967742,0.33793488989879095,ADMM,0,80
0.5526315789473685,0.36088309238825206,ADMM,0,81
0.06666666666666665,0.06204246883332744,ADMM,0,82
0.08196721311475408,0.16700716324640885,ADMM,0,83
0.2589285714285714,0.3425350818745245,ADMM,0,84
0.1272727272727272,0.07447242101802046,ADMM,0,85
0.15322580645161288,0.1822427588306073,ADMM,0,86
0.13559322033898302,0.1580357219517183,ADMM,0,87
0.07547169811320753,0.11921009043463987,ADMM,0,88
0.07894736842105265,0.07426222771918585,ADMM,0,89
0.05737704918032782,0.05023826318186057,ADMM,0,90
0.07499999999999996,0.08984043287779724,ADMM,0,91
0.10909090909090913,0.15334768899326867,ADMM,0,92
0.3363636363636364,0.21594793347783578,ADMM,0,93
0.11016949152542377,0.13874832129671757,ADMM,0,94
0.1484375,0.1225441750804682,ADMM,0,95
0.09677419354838712,0.07380352655566219,ADMM,0,96
0.5338983050847458,0.531277205728498,ADMM,0,97
0.35964912280701755,0.30561877194500425,ADMM,0,98
0.16666666666666663,0.1419836224917618,ADMM,0,99
0.08771929824561409,0.12807295279210454,ADMM,0,100
0.7583333333333333,0.632901436637075,ADMM,0,101
0.10833333333333339,0.07093640424230295,ADMM,0,102
0.47413793103448276,0.3285711450420812,ADMM,0,103
0.15254237288135597,0.11925576983824736,ADMM,0,104
0.3508771929824561,0.4076252190958507,ADMM,0,105
0.23684210526315785,0.2967109707689816,ADMM,0,106
0.14406779661016955,0.13168694457344857,ADMM,0,107
0.2192982456140351,0.1559409789004594,ADMM,0,108
0.1929824561403508,0.1534603622828842,ADMM,0,109
0.1160714285714286,0.08674238640371258,ADMM,0,110
0.1271186440677966,0.08461138535928521,ADMM,0,111
0.24561403508771928,0.20688381333278352,ADMM,0,112
0.07499999999999996,0.07724145026556656,ADMM,0,113
0.15254237288135597,0.1809926411920223,ADMM,0,114
0.12962962962962965,0.10359322660638273,ADMM,0,115
0.13636363636363635,0.12839273056114092,ADMM,0,116
0.0862068965517242,0.10825765458286489,ADMM,0,117
0.10344827586206895,0.1503412026127741,ADMM,0,118
0.2894736842105263,0.30224649187984165,ADMM,0,119
0.09090909090909094,0.10646999934719639,ADMM,0,120
0.11206896551724133,0.06793387584392195,ADMM,0,121
0.17272727272727273,0.13458955626299438,ADMM,0,122
0.20454545454545459,0.07383422000130582,ADMM,0,123
0.07894736842105265,0.14198063825415883,ADMM,0,124
0.1694915254237288,0.14213846121373816,ADMM,0,125
0.44067796610169485,0.2941550315854505,ADMM,0,126
0.46825396825396826,0.4762265008445371,ADMM,0,127
0.13157894736842102,0.1141392729946011,ADMM,0,128
0.2033898305084746,0.13760798350450754,ADMM,0,129
0.21311475409836067,0.13797055798459898,ADMM,0,130
0.0862068965517242,0.10139656646828071,ADMM,0,131
0.05263157894736836,0.042885552977356085,ADMM,0,132
0.1311475409836066,0.07040435842869597,ADMM,0,133
0.18333333333333335,0.26706820000546616,ADMM,0,134
0.0847457627118644,0.061539894700643916,ADMM,0,135
0.15740740740740744,0.0667175036989077,ADMM,0,136
0.13157894736842102,0.18541409541853163,ADMM,0,137
0.0423728813559322,0.11752312391174186,ADMM,0,138
0.17543859649122806,0.18071746759454324,ADMM,0,139
0.07627118644067798,0.12687841988600257,ADMM,0,140
0.2666666666666666,0.27465979420817177,ADMM,0,141
0.09259259259259256,0.07547520901842558,ADMM,0,142
0.23275862068965514,0.19129205701738444,ADMM,0,143
0.09999999999999998,0.15066345401222656,ADMM,0,144
0.15573770491803285,0.17039710079888293,ADMM,0,145
0.38596491228070173,0.35156237123094153,ADMM,0,146
0.05263157894736836,0.11291575712457455,ADMM,0,147
0.018181818181818188,0.1585960974230661,ADMM,0,148
0.08181818181818179,0.088428397350202,ADMM,0,149
0.06140350877192979,0.1047450811342455,ADMM,0,150
0.10526315789473684,0.15308188110118962,ADMM,0,151
0.056451612903225756,0.08086653530074331,ADMM,0,152
0.05084745762711862,0.08992381312146425,ADMM,0,153
0.28688524590163933,0.29993917314124463,ADMM,0,154
0.14655172413793105,0.15971921675445747,ADMM,0,155
0.32407407407407407,0.3254743023033362,ADMM,0,156
0.1339285714285714,0.12534910787666212,ADMM,0,157
0.2909090909090909,0.2850207490745685,ADMM,0,158
0.01754385964912286,0.09767057172805699,ADMM,0,159
0.09166666666666667,0.13579021879403083,ADMM,0,160
0.05084745762711862,0.11477229116213516,ADMM,0,161
0.07758620689655171,0.09460713290543785,ADMM,0,162
0.08064516129032262,0.07419683347432278,ADMM,0,163
0.04385964912280704,0.10381231429304301,ADMM,0,164
0.1428571428571428,0.21931704134080207,ADMM,0,165
0.11818181818181817,0.1488596059173938,ADMM,0,166
0.05263157894736836,0.07970420551722757,ADMM,0,167
0.0431034482758621,0.1529299047801266,ADMM,0,168
0.2457627118644068,0.2708764897429563,ADMM,0,169
0.5258620689655172,0.38866747258847734,ADMM,0,170
0.05737704918032782,0.04012497629960953,ADMM,0,171
0.056451612903225756,0.16385971985722148,ADMM,0,172
0.2543859649122807,0.29645479275910447,ADMM,0,173
0.08196721311475408,0.07117155182254596,ADMM,0,174
0.14655172413793105,0.15664343548760296,ADMM,0,175
0.12280701754385959,0.20937138650436335,ADMM,0,176
0.050000000000000044,0.1563228830586472,ADMM,0,177
0.08196721311475408,0.0806483554227363,ADMM,0,178
0.025423728813559365,0.06360863202267869,ADMM,0,179
0.0267857142857143,0.10098737648268946,ADMM,0,180
0.11904761904761907,0.12731539956750018,ADMM,0,181
0.4732142857142857,0.4974229123523593,ADMM,0,182
0.22499999999999998,0.24752266953672108,ADMM,0,183
0.43965517241379315,0.30596152062077037,ADMM,0,184
0.868421052631579,0.814968036071606,ADMM,0,185
0.2666666666666666,0.21495552879878774,ADMM,0,186
0.19491525423728817,0.25647483698353457,ADMM,0,187
0.31034482758620685,0.22348954793288678,ADMM,0,188
0.2589285714285714,0.4259875449596244,ADMM,0,189
0.37037037037037035,0.4214089408604492,ADMM,0,190
0.2931034482758621,0.43446691954616573,ADMM,0,191
0.5083333333333333,0.39129118207901337,ADMM,0,192
0.4067796610169492,0.31995055183854776,ADMM,0,193
0.6454545454545455,0.5010213486587194,ADMM,0,194
0.32499999999999996,0.36590437722022634,ADMM,0,195
0.5526315789473685,0.3937766491527028,ADMM,0,196
0.2583333333333333,0.2510706367874952,ADMM,0,197
0.14035087719298245,0.1822410271141768,ADMM,0,198
0.6583333333333333,0.6761061372178204,ADMM,0,199
0.2272727272727273,0.2550246947339631,ADMM,0,200
0.5677966101694916,0.5153279770897119,ADMM,0,201
0.2727272727272727,0.32911936110554657,ADMM,0,202
0.2592592592592593,0.32567342915027864,ADMM,0,203
0.4298245614035088,0.3330192182760647,ADMM,0,204
0.4019607843137255,0.38659442492837537,ADMM,0,205
0.28846153846153844,0.45018667609852164,ADMM,0,206
0.17307692307692313,0.39369458786113454,ADMM,0,207
0.13636363636363635,0.1926375268110804,ADMM,0,208
0.7105263157894737,0.6286069035710372,ADMM,0,209
0.3928571428571428,0.4212786716712975,ADMM,0,210
0.32407407407407407,0.3534364976790155,ADMM,0,211
0.33333333333333326,0.37279197489396493,ADMM,0,212
0.34745762711864403,0.25571248227250937,ADMM,0,213
0.3770491803278688,0.33487967938846785,ADMM,0,214
0.6517857142857143,0.582832369443009,ADMM,0,215
0.2857142857142857,0.3802205886163197,ADMM,0,216
0.2068965517241379,0.2703298654147574,ADMM,0,217
0.375,0.4020434030892079,ADMM,0,218
0.10909090909090913,0.17832389155580586,ADMM,0,219
0.24137931034482762,0.2736243988132715,ADMM,0,220
0.8145161290322581,0.7557614667081612,ADMM,0,221
0.217741935483871,0.29421746793107867,ADMM,0,222
0.2222222222222222,0.3220722290566685,ADMM,0,223
0.2033898305084746,0.32013972358165527,ADMM,0,224
0.3706896551724138,0.41043703889773536,ADMM,0,225
0.23275862068965514,0.20457255196996732,ADMM,0,226
0.7767857142857143,0.613677567205993,ADMM,0,227
0.6111111111111112,0.519154327695415,ADMM,0,228
0.3508771929824561,0.38747766390030297,ADMM,0,229
0.15254237288135597,0.10126295319841667,ADMM,0,230
0.1785714285714286,0.1604520651557014,ADMM,0,231
0.3125,0.2686766290863737,ADMM,0,232
0.27192982456140347,0.29838876559374833,ADMM,0,233
0.2264150943396226,0.20025521283974335,ADMM,0,234
0.2735849056603774,0.3960677540147058,ADMM,0,235
0.3728813559322034,0.475340978627916,ADMM,0,236
0.19444444444444442,0.2894161044336389,ADMM,0,237
0.42592592592592593,0.4883565693890002,ADMM,0,238
0.23636363636363633,0.398312700436857,ADMM,0,239
0.5081967213114754,0.5896250015745688,ADMM,0,240
0.2457627118644068,0.34742661091863464,ADMM,0,241
0.3392857142857143,0.36922370622618883,ADMM,0,242
0.3571428571428572,0.3276726696393417,ADMM,0,243
0.19166666666666665,0.14109417756699438,ADMM,0,244
0.21818181818181814,0.23262196290096393,ADMM,0,245
0.2767857142857143,0.30164461898190953,ADMM,0,246
0.5089285714285714,0.5999935413093447,ADMM,0,247
0.2543859649122807,0.2717910164254239,ADMM,0,248
0.2622950819672132,0.4076517976340355,ADMM,0,249
0.2192982456140351,0.3200559795926858,ADMM,0,250
0.42592592592592593,0.4272000532976195,ADMM,0,251
0.1416666666666666,0.3192721587541673,ADMM,0,252
0.3839285714285714,0.42919205103077973,ADMM,0,253
0.43103448275862066,0.4709548234137116,ADMM,0,254
0.07894736842105265,0.22188407116427666,ADMM,0,255
0.2457627118644068,0.334899247075167,ADMM,0,256
0.17272727272727273,0.2938030410026368,ADMM,0,257
0.5648148148148148,0.2934010629481397,ADMM,0,258
0.2068965517241379,0.2656435285093377,ADMM,0,259
0.3017241379310345,0.4000241797739398,ADMM,0,260
0.10833333333333339,0.21712317871894218,ADMM,0,261
0.28181818181818175,0.24249545965545463,ADMM,0,262
0.5263157894736842,0.5813820747087279,ADMM,0,263
0.2547169811320755,0.36258512981972146,ADMM,0,264
0.35849056603773577,0.39272484665980995,ADMM,0,265
0.543859649122807,0.48798852682816235,ADMM,0,266
0.15833333333333333,0.0741313739467908,ADMM,0,267
0.2592592592592593,0.25453995704909677,ADMM,0,268
0.4017857142857143,0.538823515903923,ADMM,0,269
0.49122807017543857,0.484714028415035,ADMM,0,270
0.08771929824561409,0.10021002352472509,ADMM,0,271
0.26363636363636367,0.27989892450557746,ADMM,0,272
0.25,0.292887524019792,ADMM,0,273
0.38181818181818183,0.44340475306450466,ADMM,0,274
0.5377358490566038,0.5645655004190853,ADMM,0,275
0.47413793103448276,0.497733055977327,ADMM,0,276
0.6090909090909091,0.4569753743541551,ADMM,0,277
0.5725806451612904,0.48213328325981214,ADMM,0,278
0.39830508474576276,0.4377581149575289,ADMM,0,279
0.6228070175438597,0.727195281714331,ADMM,0,280
0.4833333333333334,0.5169091664340183,ADMM,0,281
0.1293103448275862,0.148657026382616,ADMM,0,282
0.4811320754716981,0.5030331448867703,ADMM,0,283
0.2894736842105263,0.3000728106147578,ADMM,0,284
0.5603448275862069,0.56812804099977,ADMM,0,285
0.575,0.4630615489793843,ADMM,0,286
0.5666666666666667,0.5317261797494723,ADMM,0,287
0.368421052631579,0.39160174251442287,ADMM,0,288
0.21818181818181814,0.34635845014486616,ADMM,0,289
0.75,0.7617027375882257,ADMM,0,290
0.6944444444444444,0.769301315506059,ADMM,0,291
0.24528301886792447,0.34072741206233786,ADMM,0,292
0.5089285714285714,0.5448960001895508,ADMM,0,293
0.967741935483871,0.8805428179498541,ADMM,0,294
0.4098360655737705,0.3947470696528333,ADMM,0,295
0.10169491525423724,0.08714810725884171,ADMM,0,296
0.423728813559322,0.36421838098372994,ADMM,0,297
0.2946428571428572,0.39264427496784526,ADMM,0,298
0.18103448275862066,0.21283477312421234,ADMM,0,299
0.4181818181818182,0.5005759739934164,ADMM,0,300
0.48245614035087714,0.48131126006850566,ADMM,0,301
0.3793103448275862,0.5553139917323744,ADMM,0,302
0.6206896551724138,0.6918977468755134,ADMM,0,303
0.2033898305084746,0.22327086428685294,ADMM,0,304
0.4196428571428572,0.41618675275282074,ADMM,0,305
0.9098360655737705,0.7299493553555737,ADMM,0,306
0.639344262295082,0.4826561548842211,ADMM,0,307
0.38983050847457634,0.43960567304680087,ADMM,0,308
0.20192307692307687,0.13525043919112353,ADMM,0,309
0.16666666666666663,0.21423025160566544,ADMM,0,310
0.603448275862069,0.5074445715448199,ADMM,0,311
0.21052631578947367,0.2320319791333759,ADMM,0,312
0.42105263157894735,0.2570845400846947,ADMM,0,313
0.28301886792452824,0.24727722263720597,ADMM,0,314
0.3076923076923077,0.2895384596616364,ADMM,0,315
0.423728813559322,0.2693359591568347,ADMM,0,316
0.2596153846153846,0.17271751759812182,ADMM,0,317
0.38983050847457634,0.4107032783343872,ADMM,0,318
0.2142857142857143,0.16128682505564634,ADMM,0,319
0.17272727272727273,0.11928514213504603,ADMM,0,320
0.160377358490566,0.2776346521360026,ADMM,0,321
0.3839285714285714,0.30306023539913335,ADMM,0,322
0.29166666666666674,0.24942342434014758,ADMM,0,323
0.21296296296296302,0.132920118458482,ADMM,0,324
0.2192982456140351,0.20461888287837515,ADMM,0,325
0.1875,0.15383416492096172,ADMM,0,326
0.18103448275862066,0.14942782197523397,ADMM,0,327
0.2685185185185186,0.14876522395449407,ADMM,0,328
0.2844827586206897,0.2658285749809511,ADMM,0,329
0.1696428571428572,0.10391237217346241,ADMM,0,330
0.10344827586206895,0.11192654865155954,ADMM,0,331
0.38181818181818183,0.2417687369537515,ADMM,0,332
0.19491525423728817,0.13590078754008655,ADMM,0,333
0.11403508771929827,0.1464601796562126,ADMM,0,334
0.46226415094339623,0.43016377978416215,ADMM,0,335
0.2090909090909091,0.18052415136672606,ADMM,0,336
0.38983050847457634,0.274596987785747,ADMM,0,337
0.5,0.34287365474196896,ADMM,0,338
0.24193548387096775,0.20538741863675905,ADMM,0,339
0.3090909090909091,0.2090587922875418,ADMM,0,340
0.37735849056603776,0.23615614831557882,ADMM,0,341
0.15573770491803285,0.0754397162830435,ADMM,0,342
0.18181818181818188,0.12041719324051069,ADMM,0,343
0.6229508196721312,0.4282090488206107,ADMM,0,344
0.11864406779661019,0.11171654489616487,ADMM,0,345
0.19999999999999996,0.145969363703842,ADMM,0,346
0.2592592592592593,0.1937297285872378,ADMM,0,347
0.32407407407407407,0.27659976134436043,ADMM,0,348
0.3220338983050848,0.3103144214298559,ADMM,0,349
0.4122807017543859,0.37749390126055826,ADMM,0,350
0.17924528301886788,0.2516097030749552,ADMM,0,351
0.5877192982456141,0.5334692126798468,ADMM,0,352
0.4285714285714286,0.35953283045804135,ADMM,0,353
0.5803571428571429,0.561138174706927,ADMM,0,354
0.3620689655172413,0.3485142428843785,ADMM,0,355
0.42727272727272725,0.47147407030412397,ADMM,0,356
0.3508771929824561,0.34212003376253386,ADMM,0,357
0.41666666666666674,0.48985919419138546,ADMM,0,358
0.11290322580645162,0.180225901166183,ADMM,0,359
0.19827586206896552,0.24324622160678416,ADMM,0,360
0.6833333333333333,0.5702888182019146,ADMM,0,361
0.16666666666666663,0.17699238657083607,ADMM,0,362
0.423728813559322,0.4093269950972707,ADMM,0,363
0.2068965517241379,0.2025740342707581,ADMM,0,364
0.26415094339622636,0.22525641193427906,ADMM,0,365
0.23275862068965514,0.33970439346414205,ADMM,0,366
0.5298507462686567,0.4979882657757022,ADMM,0,367
0.5084745762711864,0.40741622587874404,ADMM,0,368
0.2704918032786885,0.3874596756119409,ADMM,0,369
0.11864406779661019,0.10283821181422408,ADMM,0,370
0.5865384615384616,0.473313321488771,ADMM,0,371
0.2542372881355932,0.28458668254189873,ADMM,0,372
0.31896551724137934,0.3341408054730812,ADMM,0,373
0.2338709677419355,0.342420175436873,ADMM,0,374
0.13207547169811318,0.2622152163222921,ADMM,0,375
0.5701754385964912,0.52018863757414,ADMM,0,376
0.4363636363636363,0.3772313610754524,ADMM,0,377
0.31034482758620685,0.29869769335739055,ADMM,0,378
0.21969696969696972,0.17758293633885883,ADMM,0,379
0.30833333333333335,0.32381302869618944,ADMM,0,380
0.10526315789473684,0.09395802071573472,ADMM,0,381
0.2321428571428572,0.23092176507286208,ADMM,0,382
0.7946428571428571,0.8067731527819734,ADMM,0,383
0.3359375,0.25910609698520815,ADMM,0,384
0.2857142857142857,0.35279593354607686,ADMM,0,385
0.46226415094339623,0.44466848309777046,ADMM,0,386
0.33606557377049184,0.5031945448720159,ADMM,0,387
0.36111111111111116,0.23988745017719787,ADMM,0,388
0.2966101694915254,0.2532782746541038,ADMM,0,389
0.5086206896551724,0.467155612325093,ADMM,0,390
0.2033898305084746,0.4116579944642434,ADMM,0,391
0.2192982456140351,0.27998946173024086,ADMM,0,392
0.5803571428571429,0.6713669377306131,ADMM,0,393
0.33333333333333326,0.38712148836891214,ADMM,0,394
0.2807017543859649,0.3267466241864397,ADMM,0,395
0.3070175438596492,0.33648261414892866,ADMM,0,396
0.43965517241379315,0.5205075169669459,ADMM,0,397
0.4285714285714286,0.5521365472608628,ADMM,0,398
0.1785714285714286,0.2228884574220695,ADMM,0,399
0.287037037037037,0.30048718105802114,ADMM,0,400
0.23728813559322037,0.23122824419996782,ADMM,0,401
0.25,0.37498609700169944,ADMM,0,402
0.34905660377358494,0.42511656637252815,ADMM,0,403
0.3070175438596492,0.29487390658740603,ADMM,0,404
0.26363636363636367,0.3627110007153652,ADMM,0,405
0.2232142857142857,0.2756601298816422,ADMM,0,406
0.33018867924528306,0.4368123529991362,ADMM,0,407
0.27450980392156865,0.43631062134096704,ADMM,0,408
0.2627118644067796,0.33602534131786055,ADMM,0,409
0.26363636363636367,0.3929250115834776,ADMM,0,410
0.4636363636363636,0.5062247799011877,ADMM,0,411
0.43965517241379315,0.3885176102679125,ADMM,0,412
0.21551724137931028,0.2385914123254236,ADMM,0,413
0.3916666666666666,0.4368661016103435,ADMM,0,414
0.21666666666666667,0.376895301530256,ADMM,0,415
0.39473684210526316,0.24475234520104022,ADMM,0,416
0.2857142857142857,0.42775125058351327,ADMM,0,417
0.26190476190476186,0.3228093622653264,ADMM,0,418
0.1964285714285714,0.2953401833725493,ADMM,0,419
0.31034482758620685,0.42103098265382466,ADMM,0,420
0.20370370370370372,0.23263143784175191,ADMM,0,421
0.13157894736842102,0.31906027243225,ADMM,0,422
0.4385964912280702,0.5323596514616549,ADMM,0,423
0.5892857142857143,0.6155476769016694,ADMM,0,424
0.27586206896551724,0.271967365565431,ADMM,0,425
0.3793103448275862,0.3827796296258597,ADMM,0,426
0.23728813559322037,0.33172439442557344,ADMM,0,427
0.4537037037037037,0.5009559790984619,ADMM,0,428
0.31034482758620685,0.3405382740925622,ADMM,0,429
0.2410714285714286,0.39986450118846917,ADMM,0,430
0.421875,0.4769608455770233,ADMM,0,431
0.5,0.4723626327429801,ADMM,0,432
0.3909090909090909,0.45649120232265444,ADMM,0,433
0.3157894736842105,0.3750834719429207,ADMM,0,434
0.4568965517241379,0.44787915147637974,ADMM,0,435
0.21052631578947367,0.2501609220683797,ADMM,0,436
0.24137931034482762,0.27166889626851265,ADMM,0,437
0.12264150943396224,0.18991131005283682,ADMM,0,438
0.36363636363636365,0.3757817227873177,ADMM,0,439
0.3571428571428572,0.33307378099475093,ADMM,0,440
0.5703125,0.35413910437335167,ADMM,0,441
0.3416666666666667,0.3751741460361042,ADMM,0,442
0.22499999999999998,0.31941866554993603,ADMM,0,443
0.5982142857142857,0.5326549266667745,ADMM,0,444
0.39473684210526316,0.4909755590667004,ADMM,0,445
0.1454545454545455,0.19132040686296975,ADMM,0,446
0.2457627118644068,0.31741757102122264,ADMM,0,447
0.5,0.44157683255465785,ADMM,0,448
0.4426229508196722,0.38791041534821014,ADMM,0,449
0.07627118644067798,0.08271443624684968,ADMM,0,450
0.27192982456140347,0.26751279100400216,ADMM,0,451
0.1637931034482758,0.2501190375210065,ADMM,0,452
0.20370370370370372,0.18546462777169936,ADMM,0,453
0.3214285714285714,0.32619851024509566,ADMM,0,454
0.2232142857142857,0.3242971301481799,ADMM,0,455
0.3909090909090909,0.35669730870827343,ADMM,0,456
0.44166666666666665,0.4725464328429962,ADMM,0,457
0.23684210526315785,0.22466085740166844,ADMM,0,458
0.39830508474576276,0.4861724628533734,ADMM,0,459
0.3790322580645161,0.44937006144367186,ADMM,0,460
0.4811320754716981,0.48015207501865664,ADMM,0,461
0.14754098360655732,0.1713856764124804,ADMM,0,462
0.6363636363636364,0.5633699456334346,ADMM,0,463
0.3771929824561404,0.29011817082990904,ADMM,0,464
0.4772727272727273,0.5061022173674405,ADMM,0,465
0.4482758620689655,0.3166760101229553,ADMM,0,466
0.2295081967213115,0.20592674630043326,ADMM,0,467
0.3412698412698413,0.361142638441675,ADMM,0,468
0.4098360655737705,0.35763086571753944,ADMM,0,469
0.06896551724137934,0.12728111816378038,ADMM,0,470
0.10909090909090913,0.04996106190748989,ADMM,0,471
0.42105263157894735,0.30494417055424583,ADMM,0,472
0.09482758620689657,0.12462617774116687,ADMM,0,473
0.13559322033898302,0.16473493229161446,ADMM,0,474
0.31034482758620685,0.23065482029484816,ADMM,0,475
0.28181818181818175,0.26111545070019343,ADMM,0,476
0.19827586206896552,0.17890109761162057,ADMM,0,477
0.15573770491803285,0.16197962030568466,ADMM,0,478
0.2894736842105263,0.18353540488336634,ADMM,0,479
0.1842105263157895,0.10938442933458131,ADMM,0,480
0.1607142857142857,0.12143563077169589,ADMM,0,481
0.35344827586206895,0.2788426368566041,ADMM,0,482
0.2016129032258065,0.19010755702996124,ADMM,0,483
0.19999999999999996,0.09124481018523663,ADMM,0,484
0.27966101694915246,0.20145017220939165,ADMM,0,485
0.25,0.23432735580388436,ADMM,0,486
0.7105263157894737,0.6264448131245988,ADMM,0,487
0.36363636363636365,0.2717016926908377,ADMM,0,488
0.125,0.13656458725980378,ADMM,0,489
0.5,0.4381058464458607,ADMM,0,490
0.15454545454545454,0.18845145921553644,ADMM,0,491
0.07017543859649122,0.06486781610637952,ADMM,0,492
0.1484375,0.19702030017561226,ADMM,0,493
0.3813559322033898,0.31708669240597426,ADMM,0,494
0.2586206896551724,0.13464273006598942,ADMM,0,495
0.16666666666666663,0.12743026648982161,ADMM,0,496
0.525,0.3689907810583496,ADMM,0,497
0.26724137931034475,0.2806702569069662,ADMM,0,498
0.3660714285714286,0.4661359357103177,ADMM,0,499
0.2592592592592593,0.27838303462655706,ADMM,0,500
0.27586206896551724,0.24680275550946362,ADMM,0,501
0.296875,0.3528124186914227,ADMM,0,502
0.27586206896551724,0.3805126344713833,ADMM,0,503
0.3214285714285714,0.3505360002824585,ADMM,0,504
0.5789473684210527,0.4216901891387122,ADMM,0,505
0.4528301886792453,0.3999687214143499,ADMM,0,506
0.5423728813559322,0.5423626851024397,ADMM,0,507
0.3214285714285714,0.35040058828741666,ADMM,0,508
0.5666666666666667,0.49033128392637493,ADMM,0,509
0.3363636363636364,0.49638985906534505,ADMM,0,510
0.2058823529411764,0.36330520250755655,ADMM,0,511
0.543859649122807,0.6049735671393772,ADMM,0,512
0.2232142857142857,0.23987435060029683,ADMM,0,513
0.1454545454545455,0.26966564829867357,ADMM,0,514
0.27192982456140347,0.4385346369185999,ADMM,0,515
0.29824561403508776,0.3502190658819201,ADMM,0,516
0.3909090909090909,0.4337449004592572,ADMM,0,517
0.19444444444444442,0.2952582845523227,ADMM,0,518
0.2068965517241379,0.3051482323609083,ADMM,0,519
0.435483870967742,0.4268759945621912,ADMM,0,520
0.32499999999999996,0.2707703267986555,ADMM,0,521
0.25,0.12802725057422978,ADMM,0,522
0.4482758620689655,0.35291272167815013,ADMM,0,523
0.5,0.4277431889789151,ADMM,0,524
0.3846153846153846,0.44768021195301694,ADMM,0,525
0.4107142857142857,0.4487520203144642,ADMM,0,526
0.6311475409836066,0.5424850264162705,ADMM,0,527
0.40909090909090917,0.44132961374955765,ADMM,0,528
0.2807017543859649,0.3515590673810306,ADMM,0,529
0.15254237288135597,0.27026216080164345,ADMM,0,530
0.2314814814814815,0.2990460617731641,ADMM,0,531
0.2786885245901639,0.39838922734409804,ADMM,0,532
0.4916666666666667,0.6435633004990153,ADMM,0,533
0.6349206349206349,0.7050776991210945,ADMM,0,534
0.6057692307692307,0.6188824195812183,ADMM,0,535
0.5714285714285714,0.6095933736023209,ADMM,0,536
0.3727272727272728,0.4401039215461133,ADMM,0,537
0.5789473684210527,0.6496962338141193,ADMM,0,538
0.20833333333333337,0.26848442100160547,ADMM,0,539
0.211864406779661,0.216949667791567,ADMM,0,540
0.2767857142857143,0.3629296809232023,ADMM,0,541
0.20175438596491224,0.19633529315352644,ADMM,0,542
0.18867924528301883,0.2238400083005029,ADMM,0,543
0.3392857142857143,0.35360379866902425,ADMM,0,544
0.35344827586206895,0.3798508935704671,ADMM,0,545
0.4035087719298245,0.4137230676450589,ADMM,0,546
0.3928571428571428,0.4730177270471644,ADMM,0,547
0.6296296296296297,0.41085951619653643,ADMM,0,548
0.29824561403508776,0.3680509741969292,ADMM,0,549
0.19047619047619047,0.21610191710949717,ADMM,0,550
0.4568965517241379,0.3838684602632438,ADMM,0,551
0.39655172413793105,0.3226377990223847,ADMM,0,552
0.39423076923076916,0.3705421782863474,ADMM,0,553
0.47115384615384615,0.36012388532437334,ADMM,0,554
0.19090909090909092,0.22475549234140435,ADMM,0,555
0.6754385964912281,0.6324765643225747,ADMM,0,556
0.5086206896551724,0.3712419301455684,ADMM,0,557
0.23728813559322037,0.22543860384654044,ADMM,0,558
0.4528301886792453,0.4568124692638641,ADMM,0,559
0.2627118644067796,0.280783410247036,ADMM,0,560
0.13888888888888884,0.1781546494571555,ADMM,0,561
0.368421052631579,0.5008939223424815,ADMM,0,562
0.4568965517241379,0.4023949009514366,ADMM,0,563
0.22807017543859653,0.32214810506935576,ADMM,0,564
0.41666666666666674,0.5130677064281459,ADMM,0,565
0.3362068965517242,0.4575915225421473,ADMM,0,566
0.6578947368421053,0.5760241344181466,ADMM,0,567
0.5350877192982456,0.48635728568180725,ADMM,0,568
0.7543859649122807,0.7624135192007857,ADMM,0,569
0.4636363636363636,0.5408662931879151,ADMM,0,570
0.631578947368421,0.6643030056039666,ADMM,0,571
0.30645161290322576,0.3659946189427516,ADMM,0,572
0.287037037037037,0.35191205075795107,ADMM,0,573
0.2592592592592593,0.3332973567683399,ADMM,0,574
0.26415094339622636,0.1892541255198757,ADMM,0,575
0.18333333333333335,0.14071956862826768,ADMM,0,576
0.7166666666666667,0.6055821121787023,ADMM,0,577
0.5877192982456141,0.40249215711681746,ADMM,0,578
0.6181818181818182,0.6585600010352256,ADMM,0,579
0.5416666666666666,0.45982252892561803,ADMM,0,580
0.4181818181818182,0.456772335656969,ADMM,0,581
0.6785714285714286,0.5314420297092112,ADMM,0,582
0.3363636363636364,0.37066747422112534,ADMM,0,583
0.2333333333333334,0.3622145926528681,ADMM,0,584
0.5901639344262295,0.44768865711788897,ADMM,0,585
0.39622641509433965,0.4728608234817957,ADMM,0,586
0.5847457627118644,0.5559706199494879,ADMM,0,587
0.09482758620689657,0.08826858720384528,ADMM,0,588
0.4298245614035088,0.4105283400029333,ADMM,0,589
0.3879310344827587,0.46514405636188316,ADMM,0,590
0.2053571428571428,0.26544506218558656,ADMM,0,591
0.3303571428571428,0.4241261351611279,ADMM,0,592
0.25,0.3618831891437703,ADMM,0,593
0.1875,0.26854121394127134,ADMM,0,594
0.825,0.784081302490514,ADMM,0,595
0.3879310344827587,0.3465591978727457,ADMM,0,596
0.5849056603773585,0.5034380360474207,ADMM,0,597
0.4152542372881356,0.5315993139844425,ADMM,0,598
0.2589285714285714,0.40101099679222363,ADMM,0,599
0.4918032786885246,0.3598976151307745,ADMM,0,600
0.6833333333333333,0.6461473839661426,ADMM,0,601
0.603448275862069,0.5119126945410478,ADMM,0,602
0.6363636363636364,0.6137787253754847,ADMM,0,603
0.34905660377358494,0.3693218811028793,ADMM,0,604
0.23728813559322037,0.21834363137991655,ADMM,0,605
0.21052631578947367,0.24947535068575746,ADMM,0,606
0.31896551724137934,0.2904928780256091,ADMM,0,607
0.2421875,0.2252887688233497,ADMM,0,608
0.4722222222222222,0.44393333896224846,ADMM,0,609
0.38181818181818183,0.2699705154346989,ADMM,0,610
0.6339285714285714,0.5797626380650813,ADMM,0,611
0.4285714285714286,0.35693789411261734,ADMM,0,612
0.4035087719298245,0.3270293411183849,ADMM,0,613
0.5089285714285714,0.5573892611648299,ADMM,0,614
0.3113207547169812,0.24164439505384644,ADMM,0,615
0.17592592592592593,0.22641666921514902,ADMM,0,616
0.21818181818181814,0.2507964113902063,ADMM,0,617
0.7545454545454545,0.6991288664733158,ADMM,0,618
0.5471698113207547,0.38916134323193985,ADMM,0,619
0.11206896551724133,0.12187813008440304,ADMM,0,620
0.6810344827586207,0.580562688768035,ADMM,0,621
0.17924528301886788,0.23114613137866932,ADMM,0,622
0.09322033898305082,0.1296723918325832,ADMM,0,623
0.3157894736842105,0.2939335984863981,ADMM,0,624
0.3660714285714286,0.3321301950072534,ADMM,0,625
0.1885245901639344,0.263459493389445,ADMM,0,626
0.5350877192982456,0.5665474462266965,ADMM,0,627
0.44999999999999996,0.3273513911629529,ADMM,0,628
0.31034482758620685,0.17389262341895156,ADMM,0,629
0.5423728813559322,0.570600614464225,ADMM,0,630
0.46031746031746024,0.44828183987188813,ADMM,0,631
0.4035087719298245,0.398344249277756,ADMM,0,632
0.6140350877192983,0.5545833059223301,ADMM,0,633
0.4642857142857143,0.47373661238596565,ADMM,0,634
0.2946428571428572,0.38273213083288626,ADMM,0,635
0.27966101694915246,0.3809820724879331,ADMM,0,636
0.37735849056603776,0.27642822816411655,ADMM,0,637
0.29166666666666674,0.3514836032462012,ADMM,0,638
0.2338709677419355,0.3026659847920028,ADMM,0,639
0.4818181818181818,0.4151269516245359,ADMM,0,640
0.4537037037037037,0.4218340276512176,ADMM,0,641
0.43103448275862066,0.34385792934352427,ADMM,0,642
0.3545454545454545,0.4759161629773477,ADMM,0,643
0.3727272727272728,0.5884423735105587,ADMM,0,644
0.3070175438596492,0.36326429708809466,ADMM,0,645
0.3090909090909091,0.37313715768260075,ADMM,0,646
0.5,0.5632110102638209,ADMM,0,647
0.34905660377358494,0.4788481399108909,ADMM,0,648
0.5,0.41313980342395906,ADMM,0,649
0.39814814814814814,0.36643658010775554,ADMM,0,650
0.17543859649122806,0.24160622805136464,ADMM,0,651
0.7982456140350878,0.6230174450801619,ADMM,0,652
0.47540983606557374,0.5329625375041326,ADMM,0,653
0.21311475409836067,0.225634105164568,ADMM,0,654
0.3771929824561404,0.5745257562908433,ADMM,0,655
0.20967741935483875,0.3219740327060915,ADMM,0,656
0.2232142857142857,0.2521724481747439,ADMM,0,657
0.4655172413793103,0.4642495698015235,ADMM,0,658
0.34615384615384615,0.31728801343639523,ADMM,0,659
0.3728813559322034,0.3631643469038521,ADMM,0,660
0.4722222222222222,0.4564825218322242,ADMM,0,661
0.4051724137931034,0.45106544542023935,ADMM,0,662
0.49122807017543857,0.4998828541215267,ADMM,0,663
0.9224137931034483,0.8430710074981039,ADMM,0,664
0.2192982456140351,0.2551350797306623,ADMM,0,665
0.4083333333333333,0.4095023344787701,ADMM,0,666
0.17272727272727273,0.2594089689071027,ADMM,0,667
0.27118644067796605,0.3529887802409631,ADMM,0,668
0.24561403508771928,0.2087097568547101,ADMM,0,669
0.3909090909090909,0.4191419169114244,ADMM,0,670
0.2547169811320755,0.26159045580374307,ADMM,0,671
0.7142857142857143,0.6749696489306763,ADMM,0,672
0.6551724137931034,0.7233232939168122,ADMM,0,673
0.3278688524590163,0.35293311862877813,ADMM,0,674
0.5083333333333333,0.5450243118530946,ADMM,0,675
0.1785714285714286,0.3053591911765169,ADMM,0,676
0.22807017543859653,0.24768936862355556,ADMM,0,677
0.1923076923076923,0.27245562827128084,ADMM,0,678
0.631578947368421,0.557715720635782,ADMM,0,679
0.8947368421052632,0.7724405268346888,ADMM,0,680
0.10169491525423724,0.0749057935793751,ADMM,0,681
0.4491525423728814,0.4115356352373336,ADMM,0,682
0.2090909090909091,0.21417500362121136,ADMM,0,683
0.1929824561403508,0.30398012130232166,ADMM,0,684
0.2844827586206897,0.2561459475274602,ADMM,0,685
0.31896551724137934,0.4121562880001418,ADMM,0,686
0.12037037037037035,0.22661484350579153,ADMM,0,687
0.525,0.5520278950755078,ADMM,0,688
0.35964912280701755,0.34772713108826975,ADMM,0,689
0.2983870967741935,0.3756099235717163,ADMM,0,690
0.6166666666666667,0.5629409736714264,ADMM,0,691
0.5901639344262295,0.5332576950724615,ADMM,0,692
0.5350877192982456,0.5265009848099322,ADMM,0,693
0.36440677966101687,0.4113325595441813,ADMM,0,694
0.2807017543859649,0.3031696237486995,ADMM,0,695
0.22413793103448276,0.22711062638168117,ADMM,0,696
0.6,0.5099317620984322,ADMM,0,697
0.2777777777777778,0.1794061680819768,ADMM,0,698
0.6578947368421053,0.6426862141765851,ADMM,0,699
0.4363636363636363,0.43232212796190506,ADMM,0,700
0.39655172413793105,0.496188748014161,ADMM,0,701
0.4067796610169492,0.41916752673176577,ADMM,0,702
0.2931034482758621,0.4252566241226684,ADMM,0,703
0.29166666666666674,0.44361896737186995,ADMM,0,704
0.3125,0.4175979175871478,ADMM,0,705
0.34259259259259256,0.42119669788712466,ADMM,0,706
0.4298245614035088,0.40287640890114107,ADMM,0,707
0.5727272727272728,0.5773725191075728,ADMM,0,708
0.42307692307692313,0.3912660538499265,ADMM,0,709
0.10344827586206895,0.07378150184957966,ADMM,0,710
0.6428571428571429,0.59567114458399,ADMM,0,711
0.5416666666666666,0.5822342963864797,ADMM,0,712
0.2033898305084746,0.16001616969669402,ADMM,0,713
0.7203389830508474,0.6129099106721522,ADMM,0,714
0.2767857142857143,0.3442270048834775,ADMM,0,715
0.2142857142857143,0.27303225171574125,ADMM,0,716
0.5357142857142857,0.5776813398725636,ADMM,0,717
0.2421875,0.3632797153748472,ADMM,0,718
0.4351851851851851,0.35624114817191876,ADMM,0,719
0.31896551724137934,0.39167966578736646,ADMM,0,720
0.19999999999999996,0.326732299148512,ADMM,0,721
0.1610169491525424,0.3030801675298498,ADMM,0,722
0.375,0.4215426092542465,ADMM,0,723
0.1428571428571428,0.20674772496171873,ADMM,0,724
0.2946428571428572,0.3045264872008466,ADMM,0,725
0.10377358490566035,0.1735379646082343,ADMM,0,726
0.2946428571428572,0.3795843346610435,ADMM,0,727
0.2857142857142857,0.34277020516740697,ADMM,0,728
0.7719298245614035,0.6205121269994716,ADMM,0,729
0.7166666666666667,0.7396393887716186,ADMM,0,730
0.4137931034482758,0.3159881340543127,ADMM,0,731
0.46226415094339623,0.5571741477221296,ADMM,0,732
0.2410714285714286,0.27163287014280624,ADMM,0,733
0.2589285714285714,0.32074340924207584,ADMM,0,734
0.2807017543859649,0.3748344636843557,ADMM,0,735
0.44545454545454544,0.4322751432852261,ADMM,0,736
0.8706896551724138,0.6869136008345343,ADMM,0,737
0.018181818181818188,0.07790223549735845,ADMM,0,738
0.5701754385964912,0.5196898788611639,ADMM,0,739
0.2407407407407407,0.21317526620961305,ADMM,0,740
0.20370370370370372,0.20424293085964904,ADMM,0,741
0.3545454545454545,0.3399776958680694,ADMM,0,742
0.2547169811320755,0.3538360150708577,ADMM,0,743
0.13636363636363635,0.25073285836846737,ADMM,0,744
0.4913793103448276,0.5679321726487088,ADMM,0,745
0.24561403508771928,0.31220626376210137,ADMM,0,746
0.603448275862069,0.5594222329151083,ADMM,0,747
0.5526315789473685,0.49539018735008067,ADMM,0,748
0.38888888888888884,0.39508135676657824,ADMM,0,749
0.35964912280701755,0.4666247618841568,ADMM,0,750
0.3545454545454545,0.30494654449428915,ADMM,0,751
0.5272727272727272,0.6094250863823154,ADMM,0,752
0.4907407407407407,0.4668327658499249,ADMM,0,753
0.4351851851851851,0.49871214743580555,ADMM,0,754
0.5789473684210527,0.6035109669453124,ADMM,0,755
0.35964912280701755,0.44842092607765727,ADMM,0,756
0.16666666666666663,0.28992994361620555,ADMM,0,757
0.2857142857142857,0.31075433765721766,ADMM,0,758
0.5576923076923077,0.5950923696046048,ADMM,0,759
0.6403508771929824,0.6172135885416249,ADMM,0,760
0.3363636363636364,0.34630574223428895,ADMM,0,761
0.6160714285714286,0.583693885440485,ADMM,0,762
0.5446428571428571,0.6311711063074801,ADMM,0,763
0.27966101694915246,0.3405173591052674,ADMM,0,764
0.3306451612903225,0.29549083484671307,ADMM,0,765
0.18867924528301883,0.23831703489357622,ADMM,0,766
0.4375,0.4407030010477812,ADMM,0,767
0.509090909090909,0.42777524819814927,ADMM,0,768
0.3771929824561404,0.531400294202625,ADMM,0,769
0.43103448275862066,0.504229642375471,ADMM,0,770
0.4056603773584906,0.550772123333488,ADMM,0,771
0.5267857142857143,0.6510447249510369,ADMM,0,772
0.25,0.1544591957342101,ADMM,0,773
0.4818181818181818,0.4325571655240385,ADMM,0,774
0.6759259259259259,0.617784123919887,ADMM,0,775
0.287037037037037,0.3536459883686786,ADMM,0,776
0.09523809523809523,0.11196244021767537,ADMM,0,777
0.4224137931034483,0.40676600727642065,ADMM,0,778
0.2909090909090909,0.2733509870029868,ADMM,0,779
0.27192982456140347,0.3017055901912606,ADMM,0,780
0.3771929824561404,0.43933757083080943,ADMM,0,781
0.5094339622641509,0.5043364087135994,ADMM,0,782
0.3545454545454545,0.4533112273742965,ADMM,0,783
0.13492063492063489,0.1893200183923899,ADMM,0,784
0.55,0.47489756991610077,ADMM,0,785
0.45614035087719296,0.4775421164734379,ADMM,0,786
0.2410714285714286,0.2882672831062007,ADMM,0,787
0.288135593220339,0.45314250105150283,ADMM,0,788
0.35344827586206895,0.4977573005814187,ADMM,0,789
0.5614035087719298,0.5655947141424962,ADMM,0,790
0.1428571428571428,0.09912950026992268,ADMM,0,791
0.3214285714285714,0.333415578720498,ADMM,0,792
0.2314814814814815,0.2110459970982634,ADMM,0,793
0.4553571428571428,0.2862196597532798,ADMM,0,794
0.3017241379310345,0.37627039453572636,ADMM,0,795
0.4716981132075472,0.38290769006930314,ADMM,0,796
0.49122807017543857,0.5673656668756056,ADMM,0,797
0.4,0.4900568012379933,ADMM,0,798
0.18867924528301883,0.28075085088904195,ADMM,0,799
0.3070175438596492,0.5072526465173688,ADMM,0,800
0.38983050847457634,0.4487909731420311,ADMM,0,801
0.4553571428571428,0.4613952635053763,ADMM,0,802
0.2416666666666667,0.14406379763647068,ADMM,0,803
0.6186440677966102,0.5973864560353644,ADMM,0,804
0.26724137931034475,0.3094860833361612,ADMM,0,805
0.17592592592592593,0.24842742965844583,ADMM,0,806
0.1637931034482758,0.2816900640776568,ADMM,0,807
0.22881355932203395,0.2777448647042538,ADMM,0,808
0.1311475409836066,0.23814382282762087,ADMM,0,809
0.1271186440677966,0.13052418610195396,ADMM,0,810
0.185483870967742,0.17607641756857162,ADMM,0,811
0.8909090909090909,0.7336066657464804,ADMM,0,812
0.5175438596491229,0.4285284201924732,ADMM,0,813
0.09090909090909094,0.16142250364097982,ADMM,0,814
0.17272727272727273,0.23995267875443455,ADMM,0,815
0.6,0.6469171390766267,ADMM,0,816
0.16666666666666663,0.1560457685089923,ADMM,0,817
0.7807017543859649,0.5509243542950099,ADMM,0,818
0.2627118644067796,0.429849577980111,ADMM,0,819
0.2589285714285714,0.21940139712892578,ADMM,0,820
0.2962962962962963,0.3060940027137934,ADMM,0,821
0.18103448275862066,0.16380897499658287,ADMM,0,822
0.11864406779661019,0.2513139917798166,ADMM,0,823
0.6428571428571429,0.5310541122925319,ADMM,0,824
0.2033898305084746,0.17210876527455665,ADMM,0,825
0.11403508771929827,0.18391088520197488,ADMM,0,826
0.3660714285714286,0.28596363467643227,ADMM,0,827
0.2661290322580645,0.40960731083114754,ADMM,0,828
0.27966101694915246,0.4266464536288089,ADMM,0,829
0.3055555555555556,0.4457356968678402,ADMM,0,830
0.3090909090909091,0.4327419957401989,ADMM,0,831
0.29807692307692313,0.39308593148244486,ADMM,0,832
0.15833333333333333,0.3055192066353589,ADMM,0,833
0.3017241379310345,0.3438839165481465,ADMM,0,834
0.3870967741935484,0.38239779129702073,ADMM,0,835
0.23584905660377364,0.2517222411687299,ADMM,0,836
0.2457627118644068,0.3146512544536823,ADMM,0,837
0.41666666666666674,0.4918173212461151,ADMM,0,838
0.4017857142857143,0.5433132962437557,ADMM,0,839
0.047169811320754707,0.08793716609105964,ADMM,0,840
0.27118644067796605,0.21974293368483258,ADMM,0,841
0.2767857142857143,0.2969392824823992,ADMM,0,842
0.3125,0.36662934820855875,ADMM,0,843
0.6271186440677966,0.4905609917343024,ADMM,0,844
0.5714285714285714,0.5677464361385562,ADMM,0,845
0.75,0.5923520131990224,ADMM,0,846
0.3018867924528301,0.41425809207063913,ADMM,0,847
0.2407407407407407,0.31759984090025767,ADMM,0,848
0.21818181818181814,0.25035553349776446,ADMM,0,849
0.5,0.5028688077937544,ADMM,0,850
0.25,0.2916810127236978,ADMM,0,851
0.17500000000000004,0.2518361308269487,ADMM,0,852
0.1694915254237288,0.26560866795300825,ADMM,0,853
0.20370370370370372,0.3780694502277036,ADMM,0,854
0.25,0.300465590561107,ADMM,0,855
0.1578947368421053,0.2707409400656906,ADMM,0,856
0.23684210526315785,0.20699104318198433,ADMM,0,857
0.20175438596491224,0.32829657584424266,ADMM,0,858
0.6578947368421053,0.5980161288714841,ADMM,0,859
0.29166666666666674,0.3259625318618519,ADMM,0,860
0.2068965517241379,0.23516644954564803,ADMM,0,861
0.30952380952380953,0.2966785229469518,ADMM,0,862
0.6339285714285714,0.6411376221274389,ADMM,0,863
0.3482142857142857,0.3045410280031572,ADMM,0,864
0.4056603773584906,0.49798858427889015,ADMM,0,865
0.6090909090909091,0.5807278162455631,ADMM,0,866
0.23770491803278682,0.31519242838175504,ADMM,0,867
0.5283018867924528,0.5675260789109194,ADMM,0,868
0.12068965517241381,0.29505434797185764,ADMM,0,869
0.13157894736842102,0.23482476321021362,ADMM,0,870
0.4375,0.4230205757468676,ADMM,0,871
0.13559322033898302,0.15404875374747137,ADMM,0,872
0.19999999999999996,0.2725689634582788,ADMM,0,873
0.25,0.29080974587040337,ADMM,0,874
0.6666666666666666,0.5181041276946398,ADMM,0,875
0.631578947368421,0.5558651162732847,ADMM,0,876
0.39814814814814814,0.3286127784491641,ADMM,0,877
0.3833333333333333,0.4209878592369486,ADMM,0,878
0.5175438596491229,0.45455247957951184,ADMM,0,879
0.5178571428571429,0.5281646979798291,ADMM,0,880
0.3035714285714286,0.3661069017449483,ADMM,0,881
0.6272727272727273,0.6314454056984726,ADMM,0,882
0.4339622641509434,0.5089980643604337,ADMM,0,883
0.34745762711864403,0.3292396986167874,ADMM,0,884
0.05833333333333335,0.08858696390603966,ADMM,0,885
0.4298245614035088,0.35721742695614866,ADMM,0,886
0.5333333333333333,0.5830595136024107,ADMM,0,887
0.2222222222222222,0.2926644524953363,ADMM,0,888
0.75,0.7162068994914611,ADMM,0,889
0.5241935483870968,0.47489840342398226,ADMM,0,890
0.3571428571428572,0.5153543394718716,ADMM,0,891
0.6636363636363637,0.661682329494037,ADMM,0,892
0.2192982456140351,0.2689190844120043,ADMM,0,893
0.4224137931034483,0.44286462008801225,ADMM,0,894
0.4051724137931034,0.435616060536519,ADMM,0,895
0.2946428571428572,0.262221286370666,ADMM,0,896
0.44067796610169485,0.3654276127323319,ADMM,0,897
0.4814814814814814,0.29174374708600953,ADMM,0,898
0.3400000000000001,0.4149293695339607,ADMM,0,899
0.7946428571428571,0.48505711200095825,ADMM,0,900
0.6851851851851852,0.6392725667601219,ADMM,0,901
0.4017857142857143,0.45394924526130204,ADMM,0,902
0.8771929824561403,0.7994137629740873,ADMM,0,903
0.49056603773584906,0.45438644454828886,ADMM,0,904
0.2272727272727273,0.3379976219912677,ADMM,0,905
0.10169491525423724,0.12381702659852241,ADMM,0,906
0.44736842105263164,0.5154861799980286,ADMM,0,907
0.3125,0.38567511080273204,ADMM,0,908
0.24545454545454548,0.27148747030735787,ADMM,0,909
0.4913793103448276,0.6766597911533422,ADMM,0,910
0.4326923076923077,0.5905505234720964,ADMM,0,911
0.3620689655172413,0.6509102538387955,ADMM,0,912
0.6982758620689655,0.5696237341780773,ADMM,0,913
0.28181818181818175,0.2667373223913395,ADMM,0,914
0.8389830508474576,0.7259652303994362,ADMM,0,915
0.6454545454545455,0.44933781302983933,ADMM,0,916
0.2666666666666666,0.38907749964737487,ADMM,0,917
0.576271186440678,0.5273438138709022,ADMM,0,918
0.26363636363636367,0.2657169563664161,ADMM,0,919
0.5982142857142857,0.5363405373578113,ADMM,0,920
0.33333333333333326,0.4036872110439829,ADMM,0,921
0.19090909090909092,0.3840564875374896,ADMM,0,922
0.2777777777777778,0.4462620734665731,ADMM,0,923
0.543859649122807,0.5320131698869023,ADMM,0,924
0.625,0.532684374656761,ADMM,0,925
0.08490566037735847,0.09944595707908004,ADMM,0,926
0.3392857142857143,0.3221218224695398,ADMM,0,927
0.3035714285714286,0.3007246119026573,ADMM,0,928
0.26415094339622636,0.19078216151924293,ADMM,0,929
0.36363636363636365,0.3590470610199773,ADMM,0,930
0.30327868852459017,0.42522719768228856,ADMM,0,931
0.31034482758620685,0.519448328465042,ADMM,0,932
0.7068965517241379,0.708918945183949,ADMM,0,933
0.30327868852459017,0.32032686339469596,ADMM,0,934
0.34375,0.36071736630581075,ADMM,0,935
0.4814814814814814,0.551056284245489,ADMM,0,936
0.41666666666666674,0.37550694825447783,ADMM,0,937
0.3421052631578947,0.3422266868515018,ADMM,0,938
0.3706896551724138,0.510378934552425,ADMM,0,939
0.1339285714285714,0.2548876690804321,ADMM,0,940
0.20175438596491224,0.325833031075612,ADMM,0,941
0.3362068965517242,0.3766738425516308,ADMM,0,942
0.4655172413793103,0.38559199611365086,ADMM,0,943
0.4576271186440678,0.5174432882506342,ADMM,0,944
0.11864406779661019,0.15072048123170714,ADMM,0,945
0.35185185185185186,0.45995545334214094,ADMM,0,946
0.32407407407407407,0.2942790732606716,ADMM,0,947
0.3660714285714286,0.3270738878638252,ADMM,0,948
0.2295081967213115,0.2915004576257604,ADMM,0,949
0.35,0.29191995511352786,ADMM,0,950
0.19444444444444442,0.25169980034484923,ADMM,0,951
0.3666666666666667,0.3898095547018177,ADMM,0,952
0.4516129032258065,0.39802104084138656,ADMM,0,953
0.5272727272727272,0.539770999667773,ADMM,0,954
0.39655172413793105,0.5276824437205337,ADMM,0,955
0.41129032258064524,0.4586807837006194,ADMM,0,956
0.373015873015873,0.39252934027269965,ADMM,0,957
0.33333333333333326,0.23698412747317574,ADMM,0,958
0.23636363636363633,0.36177746054644977,ADMM,0,959
0.4649122807017544,0.44331658132841845,ADMM,0,960
0.3303571428571428,0.3921799268162632,ADMM,0,961
0.1339285714285714,0.23496129958066223,ADMM,0,962
0.0982142857142857,0.11638069492390506,ADMM,0,963
0.31666666666666665,0.42370847376419213,ADMM,0,964
0.3833333333333333,0.4528630704634922,ADMM,0,965
0.6416666666666667,0.4851950852892539,ADMM,0,966
0.509090909090909,0.4516694461241657,ADMM,0,967
0.3928571428571428,0.40423763802215357,ADMM,0,968
0.1694915254237288,0.17314727796913945,ADMM,0,969
0.4196428571428572,0.36192607231739937,ADMM,0,970
0.45238095238095233,0.3904908986878358,ADMM,0,971
0.5,0.3907356380969733,ADMM,0,972
0.38983050847457634,0.3438714004197288,ADMM,0,973
0.19444444444444442,0.3310360338788651,ADMM,0,974
0.509090909090909,0.6059419041036939,ADMM,0,975
0.25,0.2321914844047463,ADMM,0,976
0.6754385964912281,0.4974924060369509,ADMM,0,977
0.8245614035087719,0.7441353157786871,ADMM,0,978
0.3571428571428572,0.37693289297973764,ADMM,0,979
0.032786885245901676,0.048836990344150094,ADMM,0,980
0.33333333333333326,0.40355794153528185,ADMM,0,981
0.21052631578947367,0.2667403342119898,ADMM,0,982
0.18181818181818188,0.18261436182884497,ADMM,0,983
0.28181818181818175,0.3722360386726736,ADMM,0,984
0.4642857142857143,0.40501054871709696,ADMM,0,985
0.4528301886792453,0.4594417664005202,ADMM,0,986
0.675,0.640827847436623,ADMM,0,987
0.2333333333333334,0.330145553916462,ADMM,0,988
0.7796610169491526,0.6129400849113654,ADMM,0,989
0.8559322033898306,0.8145555085708048,ADMM,0,990
0.5338983050847458,0.5671633906887784,ADMM,0,991
0.3392857142857143,0.36667314893421143,ADMM,0,992
0.5689655172413793,0.6135953019581116,ADMM,0,993
0.7678571428571429,0.6526441683838435,ADMM,0,994
0.1454545454545455,0.26350288399746785,ADMM,0,995
0.10377358490566035,0.17394252413833935,ADMM,0,996
0.2583333333333333,0.3076488876799818,ADMM,0,997
0.31034482758620685,0.3201340061654833,ADMM,0,998
0.19090909090909092,0.17682085574896844,ADMM,0,999
0.3157894736842105,0.5099840358281981,ADMM,0,1000
0.5089285714285714,0.5473425875425691,ADMM,0,1001
0.6492537313432836,0.6751000630461403,ADMM,0,1002
0.5350877192982456,0.5825541015507973,ADMM,0,1003
0.17500000000000004,0.20596038625319646,ADMM,0,1004
0.5416666666666666,0.5507288926172945,ADMM,0,1005
0.5677966101694916,0.5190269132185278,ADMM,0,1006
0.24545454545454548,0.3947837186560313,ADMM,0,1007
0.6228070175438597,0.6197243711465212,ADMM,0,1008
0.2321428571428572,0.2635050806225881,ADMM,0,1009
0.2410714285714286,0.30091469552206956,ADMM,0,1010
0.3125,0.4262895151705726,ADMM,0,1011
0.3125,0.3454524324358013,ADMM,0,1012
0.7844827586206896,0.6902321144044156,ADMM,0,1013
0.2924528301886793,0.3659516257748129,ADMM,0,1014
0.3770491803278688,0.42759505282199745,ADMM,0,1015
0.4913793103448276,0.49221491449263466,ADMM,0,1016
0.1272727272727272,0.2255103041484959,ADMM,0,1017
0.1785714285714286,0.3579158603977497,ADMM,0,1018
0.5681818181818182,0.5505946726442686,ADMM,0,1019
0.2627118644067796,0.33460746291281157,ADMM,0,1020
0.23684210526315785,0.26118492816338984,ADMM,0,1021
0.27586206896551724,0.30971968717552323,ADMM,0,1022
0.4285714285714286,0.4342597841171648,ADMM,0,1023
0.19047619047619047,0.22437591628918135,ADMM,0,1024
0.13559322033898302,0.18954015421514359,ADMM,0,1025
0.4017857142857143,0.39081396957218223,ADMM,0,1026
0.6818181818181818,0.4873527406214475,ADMM,0,1027
0.211864406779661,0.3076815523102734,ADMM,0,1028
0.35593220338983045,0.5403177184939292,ADMM,0,1029
0.3909090909090909,0.5041435057807853,ADMM,0,1030
0.47457627118644075,0.4901910607148446,ADMM,0,1031
0.5714285714285714,0.6333610291351157,ADMM,0,1032
0.3305084745762712,0.31312846719611703,ADMM,0,1033
0.8,0.7760496194928976,ADMM,0,1034
0.5166666666666667,0.527284428851106,ADMM,0,1035
0.20833333333333337,0.29440577178440325,ADMM,0,1036
0.44545454545454544,0.3627034410147832,ADMM,0,1037
0.04166666666666663,0.06793745509961752,ADMM,0,1038
0.39655172413793105,0.4135416541056689,ADMM,0,1039
0.23076923076923084,0.33342492537384194,ADMM,0,1040
0.20370370370370372,0.16503206894796377,ADMM,0,1041
0.30833333333333335,0.4303084768895769,ADMM,0,1042
0.44999999999999996,0.4083707562536282,ADMM,0,1043
0.38596491228070173,0.5264649108046999,ADMM,0,1044
0.6181818181818182,0.6292270614786473,ADMM,0,1045
0.25,0.2670400839004751,ADMM,0,1046
0.4083333333333333,0.3645777088815675,ADMM,0,1047
0.9210526315789473,0.6623283368226166,ADMM,0,1048
0.635593220338983,0.4542508330564403,ADMM,0,1049
0.06896551724137934,0.15932991699253546,ADMM,0,1050
0.21818181818181814,0.26495468238658537,ADMM,0,1051
0.22499999999999998,0.22261749229245692,ADMM,0,1052
0.45192307692307687,0.3672451158463078,ADMM,0,1053
0.3879310344827587,0.2772180702044307,ADMM,0,1054
0.5172413793103449,0.5436651243996539,ADMM,0,1055
0.19090909090909092,0.3004016140964021,ADMM,0,1056
0.4107142857142857,0.4580012616019756,ADMM,0,1057
0.27192982456140347,0.30572869707497013,ADMM,0,1058
0.35593220338983045,0.3075509329635175,ADMM,0,1059
0.37037037037037035,0.3745312333687814,ADMM,0,1060
0.3571428571428572,0.4513868665690117,ADMM,0,1061
0.08771929824561409,0.16692464840172366,ADMM,0,1062
0.26363636363636367,0.36626593834994386,ADMM,0,1063
0.2857142857142857,0.48222453248716896,ADMM,0,1064
0.06557377049180324,0.09039331742155043,ADMM,0,1065
0.17213114754098358,0.13287244577983764,ADMM,0,1066
0.04629629629629628,0.08363837184292883,ADMM,0,1067
0.010000000000000009,0.09448029230401273,ADMM,0,1068
0.21551724137931028,0.21284053813854212,ADMM,0,1069
0.0892857142857143,0.1292263506393025,ADMM,0,1070
0.07627118644067798,0.10876673410306342,ADMM,0,1071
0.14754098360655732,0.11269087012967052,ADMM,0,1072
0.3524590163934427,0.4079374025047703,ADMM,0,1073
0.1696428571428572,0.17015025073338952,ADMM,0,1074
0.6759259259259259,0.6196474369826106,ADMM,0,1075
0.35185185185185186,0.30434566098085414,ADMM,0,1076
0.21052631578947367,0.23667014117598448,ADMM,0,1077
0.40740740740740744,0.383474550293722,ADMM,0,1078
0.5089285714285714,0.4819487226870127,ADMM,0,1079
0.3275862068965517,0.3575496014924405,ADMM,0,1080
0.33333333333333326,0.2926940337719554,ADMM,0,1081
0.5350877192982456,0.5464648647269796,ADMM,0,1082
0.2321428571428572,0.38515985377745554,ADMM,0,1083
0.7131147540983607,0.6227855471390592,ADMM,0,1084
0.2583333333333333,0.3073426268294276,ADMM,0,1085
0.2232142857142857,0.21919333038164696,ADMM,0,1086
0.3679245283018868,0.3816379757546725,ADMM,0,1087
0.5,0.4744466672106615,ADMM,0,1088
0.2767857142857143,0.25088103701393644,ADMM,0,1089
0.22499999999999998,0.26343270019117737,ADMM,0,1090
0.1071428571428571,0.1711831959571065,ADMM,0,1091
0.3771929824561404,0.32346724635807766,ADMM,0,1092
0.5,0.48480802751689084,ADMM,0,1093
0.1517857142857143,0.20829259384506876,ADMM,0,1094
0.2685185185185186,0.17429486769328642,ADMM,0,1095
0.22413793103448276,0.3520704376258635,ADMM,0,1096
0.2407407407407407,0.2703716535265498,ADMM,0,1097
0.32692307692307687,0.22743541012889099,ADMM,0,1098
0.2931034482758621,0.2376996104654816,ADMM,0,1099
0.5847457627118644,0.5673901373615647,ADMM,0,1100
0.4,0.5190268228168511,ADMM,0,1101
0.2807017543859649,0.4678116149080666,ADMM,0,1102
0.3157894736842105,0.3089432880578142,ADMM,0,1103
0.2894736842105263,0.3837339561680417,ADMM,0,1104
0.3275862068965517,0.35326891232328633,ADMM,0,1105
0.3706896551724138,0.42053309114639215,ADMM,0,1106
0.2586206896551724,0.40731505978938637,ADMM,0,1107
0.24545454545454548,0.4401258988990666,ADMM,0,1108
0.49056603773584906,0.4307229724242584,ADMM,0,1109
0.3706896551724138,0.3756696635225966,ADMM,0,1110
0.5089285714285714,0.5073435644360721,ADMM,0,1111
0.5267857142857143,0.47038445518357597,ADMM,0,1112
0.4385964912280702,0.47976245573489307,ADMM,0,1113
0.13709677419354838,0.2451470043746082,ADMM,0,1114
0.43442622950819665,0.4667981288941867,ADMM,0,1115
0.3482142857142857,0.3821368705496596,ADMM,0,1116
0.16393442622950816,0.26281272731248256,ADMM,0,1117
0.2966101694915254,0.24568584933267737,ADMM,0,1118
0.532258064516129,0.5890465588284666,ADMM,0,1119
0.631578947368421,0.6709796743340753,ADMM,0,1120
0.3181818181818181,0.35744222755003263,ADMM,0,1121
0.27692307692307694,0.2565475210020218,ADMM,0,1122
0.3125,0.2816981768494406,ADMM,0,1123
0.4482758620689655,0.3967350780899529,ADMM,0,1124
0.4385964912280702,0.5446444950319879,ADMM,0,1125
0.2068965517241379,0.23705974866967336,ADMM,0,1126
0.7545454545454545,0.5632435660889744,ADMM,0,1127
0.1692307692307693,0.2466017958388738,SPoSE,0,0
0.8507462686567164,0.9171814984624003,SPoSE,0,1
0.24626865671641784,0.24916742044248044,SPoSE,0,2
0.1691176470588236,0.14598710693661132,SPoSE,0,3
0.09848484848484851,0.11011060610368124,SPoSE,0,4
0.040983606557377095,0.0708319895970852,SPoSE,0,5
0.543859649122807,0.625790778888551,SPoSE,0,6
0.25,0.3219269254898952,SPoSE,0,7
0.3305084745762712,0.33417558393970387,SPoSE,0,8
0.3671875,0.22086815904643678,SPoSE,0,9
0.8484848484848485,0.8549202472435068,SPoSE,0,10
0.2033898305084746,0.12493266699146031,SPoSE,0,11
0.5970149253731343,0.6283368509936256,SPoSE,0,12
0.1311475409836066,0.1532122650406173,SPoSE,0,13
0.48461538461538467,0.5316114300785847,SPoSE,0,14
0.3046875,0.1867447920126272,SPoSE,0,15
0.140625,0.11202790394840992,SPoSE,0,16
0.26190476190476186,0.1738358089140656,SPoSE,0,17
0.24590163934426235,0.21087481862452762,SPoSE,0,18
0.11904761904761907,0.09456532452947657,SPoSE,0,19
0.07627118644067798,0.09638314251131064,SPoSE,0,20
0.38983050847457634,0.27649253117270944,SPoSE,0,21
0.05084745762711862,0.10285416203099469,SPoSE,0,22
0.17796610169491522,0.13628435453166207,SPoSE,0,23
0.16393442622950816,0.10888757685427355,SPoSE,0,24
0.0757575757575758,0.11351076077085882,SPoSE,0,25
0.08870967741935487,0.09488733878133045,SPoSE,0,26
0.1428571428571428,0.11331039628265377,SPoSE,0,27
0.17796610169491522,0.1549515461884463,SPoSE,0,28
0.11538461538461542,0.07684824844990482,SPoSE,0,29
0.08196721311475408,0.08937045357247643,SPoSE,0,30
0.1724137931034483,0.21756643183117055,SPoSE,0,31
0.14655172413793105,0.12639634742908493,SPoSE,0,32
0.056451612903225756,0.09965816280550006,SPoSE,0,33
0.0793650793650793,0.1022255303979005,SPoSE,0,34
0.3571428571428572,0.37169144811015786,SPoSE,0,35
0.4076923076923077,0.4380449050032817,SPoSE,0,36
0.16363636363636358,0.12099056515854972,SPoSE,0,37
0.12068965517241381,0.1838841764353973,SPoSE,0,38
0.19166666666666665,0.12992730657012352,SPoSE,0,39
0.11111111111111116,0.1125283909732183,SPoSE,0,40
0.08771929824561409,0.11596309544542417,SPoSE,0,41
0.08208955223880599,0.08230802202925772,SPoSE,0,42
0.265625,0.3049359381150859,SPoSE,0,43
0.17460317460317465,0.10174942963609541,SPoSE,0,44
0.15000000000000002,0.10500021697990772,SPoSE,0,45
0.23809523809523814,0.15320036540835266,SPoSE,0,46
0.3181818181818181,0.3339188769769699,SPoSE,0,47
0.9761904761904762,0.9724664008779231,SPoSE,0,48
0.10185185185185186,0.12335056161062748,SPoSE,0,49
0.19444444444444442,0.11278164873100535,SPoSE,0,50
0.11016949152542377,0.09248436153151253,SPoSE,0,51
0.3070175438596492,0.31695931395750515,SPoSE,0,52
0.10526315789473684,0.11728283298851748,SPoSE,0,53
0.12878787878787878,0.11479714972340363,SPoSE,0,54
0.0636363636363636,0.10850977632128252,SPoSE,0,55
0.14754098360655732,0.19937067140557932,SPoSE,0,56
0.5172413793103449,0.49629248925174263,SPoSE,0,57
0.0803571428571429,0.09878265197683499,SPoSE,0,58
0.16666666666666663,0.09958622709953681,SPoSE,0,59
0.10833333333333339,0.08483099943734358,SPoSE,0,60
0.05555555555555558,0.10598752507949552,SPoSE,0,61
0.20491803278688525,0.16049166827580036,SPoSE,0,62
0.045454545454545414,0.07109149859531157,SPoSE,0,63
0.211864406779661,0.10526339077063593,SPoSE,0,64
0.3015873015873016,0.27342775401457936,SPoSE,0,65
0.2053571428571428,0.12411858293585863,SPoSE,0,66
0.42105263157894735,0.438551825531557,SPoSE,0,67
0.12280701754385959,0.12680653048759843,SPoSE,0,68
0.3090909090909091,0.3235114693968455,SPoSE,0,69
0.05833333333333335,0.092419882424592,SPoSE,0,70
0.1272727272727272,0.11456150646980634,SPoSE,0,71
0.19354838709677424,0.1081560559402994,SPoSE,0,72
0.07499999999999996,0.10629086816716804,SPoSE,0,73
0.06779661016949157,0.11709448115137337,SPoSE,0,74
0.07627118644067798,0.08482983872716042,SPoSE,0,75
0.1637931034482758,0.11101825107497593,SPoSE,0,76
0.17272727272727273,0.1872741609121116,SPoSE,0,77
0.06034482758620685,0.10245627783545208,SPoSE,0,78
0.15000000000000002,0.09466610934468411,SPoSE,0,79
0.435483870967742,0.2772965355808226,SPoSE,0,80
0.5526315789473685,0.5651286206323626,SPoSE,0,81
0.06666666666666665,0.07049711962390454,SPoSE,0,82
0.08196721311475408,0.10792387332016368,SPoSE,0,83
0.2589285714285714,0.4070271862072363,SPoSE,0,84
0.1272727272727272,0.08750711756297423,SPoSE,0,85
0.15322580645161288,0.17048078007095785,SPoSE,0,86
0.13559322033898302,0.14298228438226127,SPoSE,0,87
0.07547169811320753,0.09850845924641374,SPoSE,0,88
0.07894736842105265,0.10046238489564316,SPoSE,0,89
0.05737704918032782,0.09843019488643877,SPoSE,0,90
0.07499999999999996,0.09437316154569968,SPoSE,0,91
0.10909090909090913,0.11185469992543008,SPoSE,0,92
0.3363636363636364,0.2947516675692295,SPoSE,0,93
0.11016949152542377,0.18110662193883087,SPoSE,0,94
0.1484375,0.12421448015980435,SPoSE,0,95
0.09677419354838712,0.07852276464719196,SPoSE,0,96
0.5338983050847458,0.7899423700755278,SPoSE,0,97
0.35964912280701755,0.4971352728431982,SPoSE,0,98
0.16666666666666663,0.15670259247594528,SPoSE,0,99
0.08771929824561409,0.19136122905901068,SPoSE,0,100
0.7583333333333333,0.7986893273360084,SPoSE,0,101
0.10833333333333339,0.11381056749729367,SPoSE,0,102
0.47413793103448276,0.4302766658433323,SPoSE,0,103
0.15254237288135597,0.13553963790805068,SPoSE,0,104
0.3508771929824561,0.535483134474832,SPoSE,0,105
0.23684210526315785,0.2999594374693601,SPoSE,0,106
0.14406779661016955,0.14929024236503577,SPoSE,0,107
0.2192982456140351,0.2742457330575176,SPoSE,0,108
0.1929824561403508,0.20691983649750284,SPoSE,0,109
0.1160714285714286,0.08634193370349186,SPoSE,0,110
0.1271186440677966,0.1310863362910153,SPoSE,0,111
0.24561403508771928,0.2878067873049558,SPoSE,0,112
0.07499999999999996,0.09051494272761847,SPoSE,0,113
0.15254237288135597,0.15024943677552974,SPoSE,0,114
0.12962962962962965,0.11912273620122468,SPoSE,0,115
0.13636363636363635,0.12666245927185643,SPoSE,0,116
0.0862068965517242,0.11113433285103493,SPoSE,0,117
0.10344827586206895,0.12144012391102017,SPoSE,0,118
0.2894736842105263,0.32238459549199366,SPoSE,0,119
0.09090909090909094,0.10347474209254935,SPoSE,0,120
0.11206896551724133,0.1011218740653079,SPoSE,0,121
0.17272727272727273,0.1738143789598354,SPoSE,0,122
0.20454545454545459,0.10818325248643412,SPoSE,0,123
0.07894736842105265,0.1862791210772055,SPoSE,0,124
0.1694915254237288,0.1387507502228927,SPoSE,0,125
0.44067796610169485,0.33267920475645485,SPoSE,0,126
0.46825396825396826,0.439174967373284,SPoSE,0,127
0.13157894736842102,0.13111755036393732,SPoSE,0,128
0.2033898305084746,0.18167987931232196,SPoSE,0,129
0.21311475409836067,0.09572301075017321,SPoSE,0,130
0.0862068965517242,0.10727988616267828,SPoSE,0,131
0.05263157894736836,0.12006381040856695,SPoSE,0,132
0.1311475409836066,0.08994129943342374,SPoSE,0,133
0.18333333333333335,0.3070693779582069,SPoSE,0,134
0.0847457627118644,0.10582771339713384,SPoSE,0,135
0.15740740740740744,0.07812308056474908,SPoSE,0,136
0.13157894736842102,0.14639932018201893,SPoSE,0,137
0.0423728813559322,0.12222278042583487,SPoSE,0,138
0.17543859649122806,0.1289642046653135,SPoSE,0,139
0.07627118644067798,0.10411100497724733,SPoSE,0,140
0.2666666666666666,0.3024542870097103,SPoSE,0,141
0.09259259259259256,0.12408121675194077,SPoSE,0,142
0.23275862068965514,0.13914014461053806,SPoSE,0,143
0.09999999999999998,0.14147970055860623,SPoSE,0,144
0.15573770491803285,0.2257815392248144,SPoSE,0,145
0.38596491228070173,0.3469994998650085,SPoSE,0,146
0.05263157894736836,0.09774284227425915,SPoSE,0,147
0.018181818181818188,0.09085280975367796,SPoSE,0,148
0.08181818181818179,0.07965578821543559,SPoSE,0,149
0.06140350877192979,0.11367789889922819,SPoSE,0,150
0.10526315789473684,0.13011436556016026,SPoSE,0,151
0.056451612903225756,0.08875895210351849,SPoSE,0,152
0.05084745762711862,0.10279590201803186,SPoSE,0,153
0.28688524590163933,0.2611407508844139,SPoSE,0,154
0.14655172413793105,0.14917339536558108,SPoSE,0,155
0.32407407407407407,0.3355236921057618,SPoSE,0,156
0.1339285714285714,0.15324671359689046,SPoSE,0,157
0.2909090909090909,0.26696179629200917,SPoSE,0,158
0.01754385964912286,0.10536278523873853,SPoSE,0,159
0.09166666666666667,0.12313456403736013,SPoSE,0,160
0.05084745762711862,0.10702795980702137,SPoSE,0,161
0.07758620689655171,0.10947060237614664,SPoSE,0,162
0.08064516129032262,0.12441657612566258,SPoSE,0,163
0.04385964912280704,0.10503370026899081,SPoSE,0,164
0.1428571428571428,0.14427385436625018,SPoSE,0,165
0.11818181818181817,0.16192491563592804,SPoSE,0,166
0.05263157894736836,0.1027759247382431,SPoSE,0,167
0.0431034482758621,0.10569112067514223,SPoSE,0,168
0.2457627118644068,0.23213751673300448,SPoSE,0,169
0.5258620689655172,0.6014096879896629,SPoSE,0,170
0.05737704918032782,0.08295835947773215,SPoSE,0,171
0.056451612903225756,0.11597185453632393,SPoSE,0,172
0.2543859649122807,0.3475883321357242,SPoSE,0,173
0.08196721311475408,0.09627851069747376,SPoSE,0,174
0.14655172413793105,0.17943593808595776,SPoSE,0,175
0.12280701754385959,0.1620385328740764,SPoSE,0,176
0.050000000000000044,0.10886825867767734,SPoSE,0,177
0.08196721311475408,0.1153605314524889,SPoSE,0,178
0.025423728813559365,0.11851262576975913,SPoSE,0,179
0.0267857142857143,0.10263902475086246,SPoSE,0,180
0.11904761904761907,0.12599010424164586,SPoSE,0,181
0.4732142857142857,0.49131859987549475,SPoSE,0,182
0.22499999999999998,0.1980538368322926,SPoSE,0,183
0.43965517241379315,0.33495552409349666,SPoSE,0,184
0.868421052631579,0.8393806122221206,SPoSE,0,185
0.2666666666666666,0.17812877222869694,SPoSE,0,186
0.19491525423728817,0.2123251332952313,SPoSE,0,187
0.31034482758620685,0.1916232839348302,SPoSE,0,188
0.2589285714285714,0.274086871534853,SPoSE,0,189
0.37037037037037035,0.2916296861477458,SPoSE,0,190
0.2931034482758621,0.35626645156239056,SPoSE,0,191
0.5083333333333333,0.3302729807635072,SPoSE,0,192
0.4067796610169492,0.22991311176708262,SPoSE,0,193
0.6454545454545455,0.432312481009817,SPoSE,0,194
0.32499999999999996,0.2603513279133415,SPoSE,0,195
0.5526315789473685,0.3332867505108098,SPoSE,0,196
0.2583333333333333,0.19887086275500385,SPoSE,0,197
0.14035087719298245,0.21760014169796354,SPoSE,0,198
0.6583333333333333,0.7339964336455028,SPoSE,0,199
0.2272727272727273,0.2836852415518725,SPoSE,0,200
0.5677966101694916,0.560580750356353,SPoSE,0,201
0.2727272727272727,0.21349377928145763,SPoSE,0,202
0.2592592592592593,0.20371460766119528,SPoSE,0,203
0.4298245614035088,0.31346244106914,SPoSE,0,204
0.4019607843137255,0.4145019376166991,SPoSE,0,205
0.28846153846153844,0.39742207764379844,SPoSE,0,206
0.17307692307692313,0.26056611891943526,SPoSE,0,207
0.13636363636363635,0.19772620169668328,SPoSE,0,208
0.7105263157894737,0.7886123441667058,SPoSE,0,209
0.3928571428571428,0.36967853858143984,SPoSE,0,210
0.32407407407407407,0.26624983858875445,SPoSE,0,211
0.33333333333333326,0.3429035960176399,SPoSE,0,212
0.34745762711864403,0.24779036831199652,SPoSE,0,213
0.3770491803278688,0.2820737451594458,SPoSE,0,214
0.6517857142857143,0.5891327008842547,SPoSE,0,215
0.2857142857142857,0.3569514982363724,SPoSE,0,216
0.2068965517241379,0.18793018451548643,SPoSE,0,217
0.375,0.43719690334474964,SPoSE,0,218
0.10909090909090913,0.18277878961206187,SPoSE,0,219
0.24137931034482762,0.20589338044940264,SPoSE,0,220
0.8145161290322581,0.8512019840710899,SPoSE,0,221
0.217741935483871,0.2061364552517698,SPoSE,0,222
0.2222222222222222,0.2795062429177732,SPoSE,0,223
0.2033898305084746,0.18906764450728605,SPoSE,0,224
0.3706896551724138,0.44330459529015037,SPoSE,0,225
0.23275862068965514,0.15832876139123397,SPoSE,0,226
0.7767857142857143,0.5507244704765932,SPoSE,0,227
0.6111111111111112,0.4812880153118515,SPoSE,0,228
0.3508771929824561,0.42782081401179656,SPoSE,0,229
0.15254237288135597,0.13285037382203482,SPoSE,0,230
0.1785714285714286,0.18818596523586797,SPoSE,0,231
0.3125,0.2597392978204059,SPoSE,0,232
0.27192982456140347,0.28739535854960213,SPoSE,0,233
0.2264150943396226,0.25082563889605763,SPoSE,0,234
0.2735849056603774,0.416637525739285,SPoSE,0,235
0.3728813559322034,0.4903668173016398,SPoSE,0,236
0.19444444444444442,0.33414254911521984,SPoSE,0,237
0.42592592592592593,0.5062896265644317,SPoSE,0,238
0.23636363636363633,0.3223493717205069,SPoSE,0,239
0.5081967213114754,0.45494823757882397,SPoSE,0,240
0.2457627118644068,0.25311049809371017,SPoSE,0,241
0.3392857142857143,0.3312670935060657,SPoSE,0,242
0.3571428571428572,0.2719203584012756,SPoSE,0,243
0.19166666666666665,0.24663708989439279,SPoSE,0,244
0.21818181818181814,0.2601808293714699,SPoSE,0,245
0.2767857142857143,0.34222272077478905,SPoSE,0,246
0.5089285714285714,0.6625980615837055,SPoSE,0,247
0.2543859649122807,0.26167229437644607,SPoSE,0,248
0.2622950819672132,0.45947451628696817,SPoSE,0,249
0.2192982456140351,0.2959268706512073,SPoSE,0,250
0.42592592592592593,0.4271793520217205,SPoSE,0,251
0.1416666666666666,0.2965219402786604,SPoSE,0,252
0.3839285714285714,0.3970223887768683,SPoSE,0,253
0.43103448275862066,0.5111123382282685,SPoSE,0,254
0.07894736842105265,0.10950570217064791,SPoSE,0,255
0.2457627118644068,0.3179367778977586,SPoSE,0,256
0.17272727272727273,0.23841930998600766,SPoSE,0,257
0.5648148148148148,0.3188705454988247,SPoSE,0,258
0.2068965517241379,0.24671796982752964,SPoSE,0,259
0.3017241379310345,0.3684398758632301,SPoSE,0,260
0.10833333333333339,0.23174840660549387,SPoSE,0,261
0.28181818181818175,0.29272225089092807,SPoSE,0,262
0.5263157894736842,0.5427662661580186,SPoSE,0,263
0.2547169811320755,0.34424180359168255,SPoSE,0,264
0.35849056603773577,0.4485937893826583,SPoSE,0,265
0.543859649122807,0.4761810324092281,SPoSE,0,266
0.15833333333333333,0.09485166494176042,SPoSE,0,267
0.2592592592592593,0.19190501436461502,SPoSE,0,268
0.4017857142857143,0.4701006040055047,SPoSE,0,269
0.49122807017543857,0.3699060022252775,SPoSE,0,270
0.08771929824561409,0.10808536091737898,SPoSE,0,271
0.26363636363636367,0.2887010167132976,SPoSE,0,272
0.25,0.24148469451032673,SPoSE,0,273
0.38181818181818183,0.431823143962218,SPoSE,0,274
0.5377358490566038,0.6429567120992199,SPoSE,0,275
0.47413793103448276,0.5382691560381351,SPoSE,0,276
0.6090909090909091,0.4067972991414373,SPoSE,0,277
0.5725806451612904,0.5220585229334626,SPoSE,0,278
0.39830508474576276,0.3609829950981921,SPoSE,0,279
0.6228070175438597,0.8027215426068226,SPoSE,0,280
0.4833333333333334,0.48438681081447954,SPoSE,0,281
0.1293103448275862,0.11398545768292496,SPoSE,0,282
0.4811320754716981,0.4359052064150715,SPoSE,0,283
0.2894736842105263,0.24019478572265765,SPoSE,0,284
0.5603448275862069,0.509180257960907,SPoSE,0,285
0.575,0.4493869536198246,SPoSE,0,286
0.5666666666666667,0.5241309802690235,SPoSE,0,287
0.368421052631579,0.3630854531987206,SPoSE,0,288
0.21818181818181814,0.2698055098682283,SPoSE,0,289
0.75,0.8070252086070309,SPoSE,0,290
0.6944444444444444,0.7882540924463021,SPoSE,0,291
0.24528301886792447,0.2886945018678677,SPoSE,0,292
0.5089285714285714,0.4689280971012468,SPoSE,0,293
0.967741935483871,0.917591538653338,SPoSE,0,294
0.4098360655737705,0.3506161974850041,SPoSE,0,295
0.10169491525423724,0.10014381537947693,SPoSE,0,296
0.423728813559322,0.40062412615450904,SPoSE,0,297
0.2946428571428572,0.3009128367375066,SPoSE,0,298
0.18103448275862066,0.1497345093967528,SPoSE,0,299
0.4181818181818182,0.44101392358359554,SPoSE,0,300
0.48245614035087714,0.3514856558267816,SPoSE,0,301
0.3793103448275862,0.4634564629229464,SPoSE,0,302
0.6206896551724138,0.7558447215112293,SPoSE,0,303
0.2033898305084746,0.22377586836373334,SPoSE,0,304
0.4196428571428572,0.34119368556946716,SPoSE,0,305
0.9098360655737705,0.7876003982764873,SPoSE,0,306
0.639344262295082,0.5268842111902379,SPoSE,0,307
0.38983050847457634,0.43742711948720575,SPoSE,0,308
0.20192307692307687,0.15129533022279584,SPoSE,0,309
0.16666666666666663,0.16400119125819687,SPoSE,0,310
0.603448275862069,0.6254925894672705,SPoSE,0,311
0.21052631578947367,0.25195833915892446,SPoSE,0,312
0.42105263157894735,0.24615996719336153,SPoSE,0,313
0.28301886792452824,0.2134751365495604,SPoSE,0,314
0.3076923076923077,0.38095162192878895,SPoSE,0,315
0.423728813559322,0.19922753685592434,SPoSE,0,316
0.2596153846153846,0.16733874442937674,SPoSE,0,317
0.38983050847457634,0.29311448846158034,SPoSE,0,318
0.2142857142857143,0.17910377314622455,SPoSE,0,319
0.17272727272727273,0.13176571207182244,SPoSE,0,320
0.160377358490566,0.26960548449925004,SPoSE,0,321
0.3839285714285714,0.4727725076621277,SPoSE,0,322
0.29166666666666674,0.15771255167415477,SPoSE,0,323
0.21296296296296302,0.2316099262468216,SPoSE,0,324
0.2192982456140351,0.17315659908493322,SPoSE,0,325
0.1875,0.10989748686112993,SPoSE,0,326
0.18103448275862066,0.14609637136172451,SPoSE,0,327
0.2685185185185186,0.172999730301468,SPoSE,0,328
0.2844827586206897,0.2731487200753204,SPoSE,0,329
0.1696428571428572,0.13024697081817305,SPoSE,0,330
0.10344827586206895,0.09413394178483768,SPoSE,0,331
0.38181818181818183,0.2479726169184661,SPoSE,0,332
0.19491525423728817,0.1487541143563755,SPoSE,0,333
0.11403508771929827,0.14137758325059813,SPoSE,0,334
0.46226415094339623,0.3815509002685042,SPoSE,0,335
0.2090909090909091,0.23478239465447379,SPoSE,0,336
0.38983050847457634,0.320778768157636,SPoSE,0,337
0.5,0.3845063401012256,SPoSE,0,338
0.24193548387096775,0.25487254589976976,SPoSE,0,339
0.3090909090909091,0.16114844226063585,SPoSE,0,340
0.37735849056603776,0.1823182593414661,SPoSE,0,341
0.15573770491803285,0.0994149806508272,SPoSE,0,342
0.18181818181818188,0.10567627947420452,SPoSE,0,343
0.6229508196721312,0.4663313605346526,SPoSE,0,344
0.11864406779661019,0.11854993089421678,SPoSE,0,345
0.19999999999999996,0.12505994174544427,SPoSE,0,346
0.2592592592592593,0.13683915772897506,SPoSE,0,347
0.32407407407407407,0.25392168987915326,SPoSE,0,348
0.3220338983050848,0.26918241673107124,SPoSE,0,349
0.4122807017543859,0.38593010115377446,SPoSE,0,350
0.17924528301886788,0.23006874406826197,SPoSE,0,351
0.5877192982456141,0.4884245605176073,SPoSE,0,352
0.4285714285714286,0.3079212209435573,SPoSE,0,353
0.5803571428571429,0.5209908751762743,SPoSE,0,354
0.3620689655172413,0.298553428998992,SPoSE,0,355
0.42727272727272725,0.4392070057441579,SPoSE,0,356
0.3508771929824561,0.43686594624645975,SPoSE,0,357
0.41666666666666674,0.3994686187394644,SPoSE,0,358
0.11290322580645162,0.15923356203552344,SPoSE,0,359
0.19827586206896552,0.23045776781244498,SPoSE,0,360
0.6833333333333333,0.5780886760381698,SPoSE,0,361
0.16666666666666663,0.20696726369948035,SPoSE,0,362
0.423728813559322,0.4680152428576962,SPoSE,0,363
0.2068965517241379,0.17157947155356962,SPoSE,0,364
0.26415094339622636,0.19870797541812055,SPoSE,0,365
0.23275862068965514,0.31165450073517836,SPoSE,0,366
0.5298507462686567,0.490312219222742,SPoSE,0,367
0.5084745762711864,0.4753421929935085,SPoSE,0,368
0.2704918032786885,0.28577807919403514,SPoSE,0,369
0.11864406779661019,0.15419074381066897,SPoSE,0,370
0.5865384615384616,0.6117167803267903,SPoSE,0,371
0.2542372881355932,0.24314950384481943,SPoSE,0,372
0.31896551724137934,0.295522226979418,SPoSE,0,373
0.2338709677419355,0.3272404114902527,SPoSE,0,374
0.13207547169811318,0.20958141583512777,SPoSE,0,375
0.5701754385964912,0.4262681478265794,SPoSE,0,376
0.4363636363636363,0.3659505681680026,SPoSE,0,377
0.31034482758620685,0.3122955866042078,SPoSE,0,378
0.21969696969696972,0.17144165992420315,SPoSE,0,379
0.30833333333333335,0.3601697092417218,SPoSE,0,380
0.10526315789473684,0.1437714822899273,SPoSE,0,381
0.2321428571428572,0.18109807736649805,SPoSE,0,382
0.7946428571428571,0.8354324468992044,SPoSE,0,383
0.3359375,0.19316843762298527,SPoSE,0,384
0.2857142857142857,0.2790562179507509,SPoSE,0,385
0.46226415094339623,0.3336688762028876,SPoSE,0,386
0.33606557377049184,0.3644676824052321,SPoSE,0,387
0.36111111111111116,0.2746168745695685,SPoSE,0,388
0.2966101694915254,0.19801450822512073,SPoSE,0,389
0.5086206896551724,0.5473552614832193,SPoSE,0,390
0.2033898305084746,0.2920463584926977,SPoSE,0,391
0.2192982456140351,0.24965439087477848,SPoSE,0,392
0.5803571428571429,0.670480449938873,SPoSE,0,393
0.33333333333333326,0.3483848539289347,SPoSE,0,394
0.2807017543859649,0.3827355443262839,SPoSE,0,395
0.3070175438596492,0.3134218602837146,SPoSE,0,396
0.43965517241379315,0.4396995338236989,SPoSE,0,397
0.4285714285714286,0.4508016741448857,SPoSE,0,398
0.1785714285714286,0.1431195599040951,SPoSE,0,399
0.287037037037037,0.3628505347791722,SPoSE,0,400
0.23728813559322037,0.21110513644695997,SPoSE,0,401
0.25,0.3109943631382576,SPoSE,0,402
0.34905660377358494,0.37726381632401657,SPoSE,0,403
0.3070175438596492,0.37945564527251135,SPoSE,0,404
0.26363636363636367,0.34601850701929104,SPoSE,0,405
0.2232142857142857,0.23021439274836705,SPoSE,0,406
0.33018867924528306,0.36981764785310983,SPoSE,0,407
0.27450980392156865,0.37059039417410566,SPoSE,0,408
0.2627118644067796,0.32013642813223486,SPoSE,0,409
0.26363636363636367,0.34335938797026583,SPoSE,0,410
0.4636363636363636,0.35134084598450427,SPoSE,0,411
0.43965517241379315,0.41204391017294906,SPoSE,0,412
0.21551724137931028,0.18757888102418224,SPoSE,0,413
0.3916666666666666,0.4188401309721065,SPoSE,0,414
0.21666666666666667,0.25589204773838464,SPoSE,0,415
0.39473684210526316,0.24391159452541736,SPoSE,0,416
0.2857142857142857,0.3831575757234439,SPoSE,0,417
0.26190476190476186,0.27180496459066467,SPoSE,0,418
0.1964285714285714,0.2931832496721545,SPoSE,0,419
0.31034482758620685,0.32432692787296996,SPoSE,0,420
0.20370370370370372,0.29567123034935483,SPoSE,0,421
0.13157894736842102,0.24840840373010478,SPoSE,0,422
0.4385964912280702,0.43870630832988516,SPoSE,0,423
0.5892857142857143,0.5630465795358581,SPoSE,0,424
0.27586206896551724,0.25879821227877775,SPoSE,0,425
0.3793103448275862,0.3809708515660329,SPoSE,0,426
0.23728813559322037,0.3145149239634863,SPoSE,0,427
0.4537037037037037,0.4118097581838926,SPoSE,0,428
0.31034482758620685,0.34885285999734844,SPoSE,0,429
0.2410714285714286,0.37075788996769776,SPoSE,0,430
0.421875,0.4409530750561168,SPoSE,0,431
0.5,0.43295488696198237,SPoSE,0,432
0.3909090909090909,0.44275258194645856,SPoSE,0,433
0.3157894736842105,0.4298407973861698,SPoSE,0,434
0.4568965517241379,0.4367899433623462,SPoSE,0,435
0.21052631578947367,0.1921540944841142,SPoSE,0,436
0.24137931034482762,0.2934639867463092,SPoSE,0,437
0.12264150943396224,0.17645631549229365,SPoSE,0,438
0.36363636363636365,0.3323388962979154,SPoSE,0,439
0.3571428571428572,0.35594579221890993,SPoSE,0,440
0.5703125,0.3646952352266426,SPoSE,0,441
0.3416666666666667,0.450542193830201,SPoSE,0,442
0.22499999999999998,0.35496589771112297,SPoSE,0,443
0.5982142857142857,0.4648362468324293,SPoSE,0,444
0.39473684210526316,0.45289973852787846,SPoSE,0,445
0.1454545454545455,0.22547594958916772,SPoSE,0,446
0.2457627118644068,0.313199761201419,SPoSE,0,447
0.5,0.3626031683777536,SPoSE,0,448
0.4426229508196722,0.385965531628869,SPoSE,0,449
0.07627118644067798,0.10214105087376543,SPoSE,0,450
0.27192982456140347,0.34732201000749696,SPoSE,0,451
0.1637931034482758,0.23133694720839088,SPoSE,0,452
0.20370370370370372,0.18394619199443432,SPoSE,0,453
0.3214285714285714,0.33237472708021626,SPoSE,0,454
0.2232142857142857,0.3274908227583512,SPoSE,0,455
0.3909090909090909,0.38691217500580466,SPoSE,0,456
0.44166666666666665,0.40915780613895125,SPoSE,0,457
0.23684210526315785,0.25797332327995015,SPoSE,0,458
0.39830508474576276,0.481969838267344,SPoSE,0,459
0.3790322580645161,0.44228580021519276,SPoSE,0,460
0.4811320754716981,0.5812613217645471,SPoSE,0,461
0.14754098360655732,0.16474113658104195,SPoSE,0,462
0.6363636363636364,0.6843470991869296,SPoSE,0,463
0.3771929824561404,0.2148477848892026,SPoSE,0,464
0.4772727272727273,0.5564994336246039,SPoSE,0,465
0.4482758620689655,0.30887587668317834,SPoSE,0,466
0.2295081967213115,0.176796196013134,SPoSE,0,467
0.3412698412698413,0.29063952736102994,SPoSE,0,468
0.4098360655737705,0.31429084172568017,SPoSE,0,469
0.06896551724137934,0.10889658795388724,SPoSE,0,470
0.10909090909090913,0.1297045983950555,SPoSE,0,471
0.42105263157894735,0.2894574817969117,SPoSE,0,472
0.09482758620689657,0.1102801666444274,SPoSE,0,473
0.13559322033898302,0.14581719536659024,SPoSE,0,474
0.31034482758620685,0.17121019066771165,SPoSE,0,475
0.28181818181818175,0.22276602862882794,SPoSE,0,476
0.19827586206896552,0.15801633254428243,SPoSE,0,477
0.15573770491803285,0.14509810914766821,SPoSE,0,478
0.2894736842105263,0.24885843391743814,SPoSE,0,479
0.1842105263157895,0.11324548552252618,SPoSE,0,480
0.1607142857142857,0.11595688879648122,SPoSE,0,481
0.35344827586206895,0.27924953745099274,SPoSE,0,482
0.2016129032258065,0.15533190423806165,SPoSE,0,483
0.19999999999999996,0.1389262945584063,SPoSE,0,484
0.27966101694915246,0.17746032565457537,SPoSE,0,485
0.25,0.2542011749949895,SPoSE,0,486
0.7105263157894737,0.7922901771814483,SPoSE,0,487
0.36363636363636365,0.2040805990784452,SPoSE,0,488
0.125,0.14213681331267197,SPoSE,0,489
0.5,0.6761827224780541,SPoSE,0,490
0.15454545454545454,0.26265874414297646,SPoSE,0,491
0.07017543859649122,0.12666848138638115,SPoSE,0,492
0.1484375,0.15358228991529094,SPoSE,0,493
0.3813559322033898,0.3447270928205734,SPoSE,0,494
0.2586206896551724,0.1302681653394856,SPoSE,0,495
0.16666666666666663,0.12505490061677718,SPoSE,0,496
0.525,0.47641645830807156,SPoSE,0,497
0.26724137931034475,0.2688940550168435,SPoSE,0,498
0.3660714285714286,0.42832825858432033,SPoSE,0,499
0.2592592592592593,0.29760010064166176,SPoSE,0,500
0.27586206896551724,0.2693432160497366,SPoSE,0,501
0.296875,0.3671805552766487,SPoSE,0,502
0.27586206896551724,0.3604279812477428,SPoSE,0,503
0.3214285714285714,0.22906669897969262,SPoSE,0,504
0.5789473684210527,0.51163981690714,SPoSE,0,505
0.4528301886792453,0.3862443865963306,SPoSE,0,506
0.5423728813559322,0.5964370787246608,SPoSE,0,507
0.3214285714285714,0.3148025582933214,SPoSE,0,508
0.5666666666666667,0.5500672128270097,SPoSE,0,509
0.3363636363636364,0.5374775046482498,SPoSE,0,510
0.2058823529411764,0.34742180884283336,SPoSE,0,511
0.543859649122807,0.4910800655424402,SPoSE,0,512
0.2232142857142857,0.21831036886016875,SPoSE,0,513
0.1454545454545455,0.34996144552777436,SPoSE,0,514
0.27192982456140347,0.3531110258719073,SPoSE,0,515
0.29824561403508776,0.34192005538651143,SPoSE,0,516
0.3909090909090909,0.34168397582445525,SPoSE,0,517
0.19444444444444442,0.23827831057897,SPoSE,0,518
0.2068965517241379,0.36407649666016545,SPoSE,0,519
0.435483870967742,0.4107702377478262,SPoSE,0,520
0.32499999999999996,0.33315365343214054,SPoSE,0,521
0.25,0.21398700437643917,SPoSE,0,522
0.4482758620689655,0.4370936890946924,SPoSE,0,523
0.5,0.5186566884813604,SPoSE,0,524
0.3846153846153846,0.54558099690673,SPoSE,0,525
0.4107142857142857,0.3504334097261762,SPoSE,0,526
0.6311475409836066,0.7357562241541059,SPoSE,0,527
0.40909090909090917,0.37273305128865714,SPoSE,0,528
0.2807017543859649,0.21639453689871788,SPoSE,0,529
0.15254237288135597,0.24930109997326352,SPoSE,0,530
0.2314814814814815,0.3003348572028745,SPoSE,0,531
0.2786885245901639,0.32501857042123805,SPoSE,0,532
0.4916666666666667,0.6618013547215595,SPoSE,0,533
0.6349206349206349,0.6207521057682533,SPoSE,0,534
0.6057692307692307,0.5924149468661951,SPoSE,0,535
0.5714285714285714,0.5974199286382424,SPoSE,0,536
0.3727272727272728,0.47139888463352625,SPoSE,0,537
0.5789473684210527,0.5238061969001246,SPoSE,0,538
0.20833333333333337,0.1873370360252848,SPoSE,0,539
0.211864406779661,0.17412341164014192,SPoSE,0,540
0.2767857142857143,0.3010032317191273,SPoSE,0,541
0.20175438596491224,0.17103637499033247,SPoSE,0,542
0.18867924528301883,0.21790972377269074,SPoSE,0,543
0.3392857142857143,0.31811953592254727,SPoSE,0,544
0.35344827586206895,0.36547799034161227,SPoSE,0,545
0.4035087719298245,0.4016054222559333,SPoSE,0,546
0.3928571428571428,0.4315518566586977,SPoSE,0,547
0.6296296296296297,0.33589941939362766,SPoSE,0,548
0.29824561403508776,0.2606236066898445,SPoSE,0,549
0.19047619047619047,0.1877790215999179,SPoSE,0,550
0.4568965517241379,0.4550095472226984,SPoSE,0,551
0.39655172413793105,0.24677226090704707,SPoSE,0,552
0.39423076923076916,0.34638533486924417,SPoSE,0,553
0.47115384615384615,0.3736211216404344,SPoSE,0,554
0.19090909090909092,0.19552992865753221,SPoSE,0,555
0.6754385964912281,0.6385795205366208,SPoSE,0,556
0.5086206896551724,0.34236805447178326,SPoSE,0,557
0.23728813559322037,0.15507257427915672,SPoSE,0,558
0.4528301886792453,0.4620893141714929,SPoSE,0,559
0.2627118644067796,0.24296975730526574,SPoSE,0,560
0.13888888888888884,0.17493679927966757,SPoSE,0,561
0.368421052631579,0.423012413321807,SPoSE,0,562
0.4568965517241379,0.3585225296198174,SPoSE,0,563
0.22807017543859653,0.3175582919400567,SPoSE,0,564
0.41666666666666674,0.355745194538419,SPoSE,0,565
0.3362068965517242,0.3747627218543784,SPoSE,0,566
0.6578947368421053,0.7528700037901837,SPoSE,0,567
0.5350877192982456,0.489112241835547,SPoSE,0,568
0.7543859649122807,0.8634472303008724,SPoSE,0,569
0.4636363636363636,0.4810998818305695,SPoSE,0,570
0.631578947368421,0.665624469744763,SPoSE,0,571
0.30645161290322576,0.32623864812045783,SPoSE,0,572
0.287037037037037,0.2776416846262133,SPoSE,0,573
0.2592592592592593,0.25181376208469486,SPoSE,0,574
0.26415094339622636,0.2221733691013307,SPoSE,0,575
0.18333333333333335,0.19433595333926404,SPoSE,0,576
0.7166666666666667,0.677745000496815,SPoSE,0,577
0.5877192982456141,0.42485687663686295,SPoSE,0,578
0.6181818181818182,0.7053351628328671,SPoSE,0,579
0.5416666666666666,0.5694809040768266,SPoSE,0,580
0.4181818181818182,0.3848046560440174,SPoSE,0,581
0.6785714285714286,0.4791851853411357,SPoSE,0,582
0.3363636363636364,0.33219367117561943,SPoSE,0,583
0.2333333333333334,0.295149595897725,SPoSE,0,584
0.5901639344262295,0.5038503927677487,SPoSE,0,585
0.39622641509433965,0.418863626301321,SPoSE,0,586
0.5847457627118644,0.599206958791474,SPoSE,0,587
0.09482758620689657,0.08180528973378634,SPoSE,0,588
0.4298245614035088,0.4146911565477848,SPoSE,0,589
0.3879310344827587,0.38604133602220736,SPoSE,0,590
0.2053571428571428,0.1740386287144456,SPoSE,0,591
0.3303571428571428,0.40435028380045823,SPoSE,0,592
0.25,0.3435516667994731,SPoSE,0,593
0.1875,0.22793307677706673,SPoSE,0,594
0.825,0.7800900535522675,SPoSE,0,595
0.3879310344827587,0.2819880694058069,SPoSE,0,596
0.5849056603773585,0.5686825234899963,SPoSE,0,597
0.4152542372881356,0.5440351282276634,SPoSE,0,598
0.2589285714285714,0.3661610454863834,SPoSE,0,599
0.4918032786885246,0.47528419102523795,SPoSE,0,600
0.6833333333333333,0.7365019247736402,SPoSE,0,601
0.603448275862069,0.5249328403266181,SPoSE,0,602
0.6363636363636364,0.555851816733694,SPoSE,0,603
0.34905660377358494,0.3465321769017608,SPoSE,0,604
0.23728813559322037,0.22703316190687614,SPoSE,0,605
0.21052631578947367,0.1846257904199538,SPoSE,0,606
0.31896551724137934,0.3872484687183384,SPoSE,0,607
0.2421875,0.2250889676274063,SPoSE,0,608
0.4722222222222222,0.3600026363291321,SPoSE,0,609
0.38181818181818183,0.25211279818368826,SPoSE,0,610
0.6339285714285714,0.6314272805330936,SPoSE,0,611
0.4285714285714286,0.41559259114221353,SPoSE,0,612
0.4035087719298245,0.3796325177150371,SPoSE,0,613
0.5089285714285714,0.4996452311995627,SPoSE,0,614
0.3113207547169812,0.33188992132756806,SPoSE,0,615
0.17592592592592593,0.20396516201236145,SPoSE,0,616
0.21818181818181814,0.27489124193204467,SPoSE,0,617
0.7545454545454545,0.6839521141984589,SPoSE,0,618
0.5471698113207547,0.4426442078252561,SPoSE,0,619
0.11206896551724133,0.09908312364851923,SPoSE,0,620
0.6810344827586207,0.5354228232223495,SPoSE,0,621
0.17924528301886788,0.2228148046140066,SPoSE,0,622
0.09322033898305082,0.14744284787639325,SPoSE,0,623
0.3157894736842105,0.32273062579395173,SPoSE,0,624
0.3660714285714286,0.4120931763451332,SPoSE,0,625
0.1885245901639344,0.2565615090152231,SPoSE,0,626
0.5350877192982456,0.6280260219347193,SPoSE,0,627
0.44999999999999996,0.361805237769085,SPoSE,0,628
0.31034482758620685,0.19950861907470185,SPoSE,0,629
0.5423728813559322,0.5925742682806258,SPoSE,0,630
0.46031746031746024,0.4446547033403348,SPoSE,0,631
0.4035087719298245,0.4350792122932898,SPoSE,0,632
0.6140350877192983,0.5500982591579476,SPoSE,0,633
0.4642857142857143,0.5325159047644911,SPoSE,0,634
0.2946428571428572,0.3454333438759441,SPoSE,0,635
0.27966101694915246,0.375118999266032,SPoSE,0,636
0.37735849056603776,0.19693255902377516,SPoSE,0,637
0.29166666666666674,0.24291325745199582,SPoSE,0,638
0.2338709677419355,0.2496405385380994,SPoSE,0,639
0.4818181818181818,0.4515538572607331,SPoSE,0,640
0.4537037037037037,0.3834064837845291,SPoSE,0,641
0.43103448275862066,0.44354428261160894,SPoSE,0,642
0.3545454545454545,0.4401204473093946,SPoSE,0,643
0.3727272727272728,0.5818301151434584,SPoSE,0,644
0.3070175438596492,0.37166797545415164,SPoSE,0,645
0.3090909090909091,0.3712588034795049,SPoSE,0,646
0.5,0.6051547965205691,SPoSE,0,647
0.34905660377358494,0.4785508774054393,SPoSE,0,648
0.5,0.3753416237897579,SPoSE,0,649
0.39814814814814814,0.2880322070880149,SPoSE,0,650
0.17543859649122806,0.1887832430583995,SPoSE,0,651
0.7982456140350878,0.6993610518694126,SPoSE,0,652
0.47540983606557374,0.4499463413965161,SPoSE,0,653
0.21311475409836067,0.11194865990042177,SPoSE,0,654
0.3771929824561404,0.5476410694223264,SPoSE,0,655
0.20967741935483875,0.34714206482431015,SPoSE,0,656
0.2232142857142857,0.22677464738856856,SPoSE,0,657
0.4655172413793103,0.4735856428760948,SPoSE,0,658
0.34615384615384615,0.29051543654867096,SPoSE,0,659
0.3728813559322034,0.33929592484178733,SPoSE,0,660
0.4722222222222222,0.4198907773256104,SPoSE,0,661
0.4051724137931034,0.4964984927533094,SPoSE,0,662
0.49122807017543857,0.3780920980329459,SPoSE,0,663
0.9224137931034483,0.8406185957465535,SPoSE,0,664
0.2192982456140351,0.26418598323292825,SPoSE,0,665
0.4083333333333333,0.3976912981310249,SPoSE,0,666
0.17272727272727273,0.2019349954795988,SPoSE,0,667
0.27118644067796605,0.3187570673384299,SPoSE,0,668
0.24561403508771928,0.24237816265956916,SPoSE,0,669
0.3909090909090909,0.27630117107009017,SPoSE,0,670
0.2547169811320755,0.27045045276783386,SPoSE,0,671
0.7142857142857143,0.7620736514970942,SPoSE,0,672
0.6551724137931034,0.7687481899115594,SPoSE,0,673
0.3278688524590163,0.32389893929150765,SPoSE,0,674
0.5083333333333333,0.35945745809740476,SPoSE,0,675
0.1785714285714286,0.2564877386664702,SPoSE,0,676
0.22807017543859653,0.1718540724852015,SPoSE,0,677
0.1923076923076923,0.24798769697388268,SPoSE,0,678
0.631578947368421,0.4869354981283433,SPoSE,0,679
0.8947368421052632,0.8803206440187958,SPoSE,0,680
0.10169491525423724,0.09401182156655857,SPoSE,0,681
0.4491525423728814,0.3597572121210229,SPoSE,0,682
0.2090909090909091,0.16271597485057807,SPoSE,0,683
0.1929824561403508,0.2461700562147983,SPoSE,0,684
0.2844827586206897,0.23769420544285888,SPoSE,0,685
0.31896551724137934,0.3701109695843654,SPoSE,0,686
0.12037037037037035,0.22052367567591036,SPoSE,0,687
0.525,0.563179190215752,SPoSE,0,688
0.35964912280701755,0.26455902095266537,SPoSE,0,689
0.2983870967741935,0.34277415411967666,SPoSE,0,690
0.6166666666666667,0.510737285038284,SPoSE,0,691
0.5901639344262295,0.4182469113410273,SPoSE,0,692
0.5350877192982456,0.5774694127306298,SPoSE,0,693
0.36440677966101687,0.3729435433954672,SPoSE,0,694
0.2807017543859649,0.38785884996897324,SPoSE,0,695
0.22413793103448276,0.1859155515040231,SPoSE,0,696
0.6,0.6649818384884402,SPoSE,0,697
0.2777777777777778,0.12121442768940173,SPoSE,0,698
0.6578947368421053,0.6485020074216383,SPoSE,0,699
0.4363636363636363,0.4873302841110749,SPoSE,0,700
0.39655172413793105,0.372882437474523,SPoSE,0,701
0.4067796610169492,0.41129469889278253,SPoSE,0,702
0.2931034482758621,0.35648475849863165,SPoSE,0,703
0.29166666666666674,0.37984652282318854,SPoSE,0,704
0.3125,0.36687547880410876,SPoSE,0,705
0.34259259259259256,0.3471086799219755,SPoSE,0,706
0.4298245614035088,0.34751785107410427,SPoSE,0,707
0.5727272727272728,0.48648374315062426,SPoSE,0,708
0.42307692307692313,0.32800441335664965,SPoSE,0,709
0.10344827586206895,0.07858144111211825,SPoSE,0,710
0.6428571428571429,0.5679603256768977,SPoSE,0,711
0.5416666666666666,0.6081057614762614,SPoSE,0,712
0.2033898305084746,0.13083797581630152,SPoSE,0,713
0.7203389830508474,0.6291644477010806,SPoSE,0,714
0.2767857142857143,0.22630737533901454,SPoSE,0,715
0.2142857142857143,0.3035043377131916,SPoSE,0,716
0.5357142857142857,0.5966015084888929,SPoSE,0,717
0.2421875,0.29039883768567143,SPoSE,0,718
0.4351851851851851,0.3955528702711018,SPoSE,0,719
0.31896551724137934,0.3853568533944384,SPoSE,0,720
0.19999999999999996,0.3624701243778063,SPoSE,0,721
0.1610169491525424,0.20651938917676652,SPoSE,0,722
0.375,0.4218291756423585,SPoSE,0,723
0.1428571428571428,0.16469769663822653,SPoSE,0,724
0.2946428571428572,0.32934316139782605,SPoSE,0,725
0.10377358490566035,0.15191184760613813,SPoSE,0,726
0.2946428571428572,0.4249217719287503,SPoSE,0,727
0.2857142857142857,0.39104165185793804,SPoSE,0,728
0.7719298245614035,0.5941776861510044,SPoSE,0,729
0.7166666666666667,0.7516676664984645,SPoSE,0,730
0.4137931034482758,0.27732011026361447,SPoSE,0,731
0.46226415094339623,0.33279761908598776,SPoSE,0,732
0.2410714285714286,0.27604055311587156,SPoSE,0,733
0.2589285714285714,0.24776561204522204,SPoSE,0,734
0.2807017543859649,0.3163658282272102,SPoSE,0,735
0.44545454545454544,0.3522158249894249,SPoSE,0,736
0.8706896551724138,0.7173900079335888,SPoSE,0,737
0.018181818181818188,0.09283489737715918,SPoSE,0,738
0.5701754385964912,0.5331109797713635,SPoSE,0,739
0.2407407407407407,0.1958675145660761,SPoSE,0,740
0.20370370370370372,0.13904540429601558,SPoSE,0,741
0.3545454545454545,0.367440482841514,SPoSE,0,742
0.2547169811320755,0.2670012150117365,SPoSE,0,743
0.13636363636363635,0.21917355411835954,SPoSE,0,744
0.4913793103448276,0.5072380759912528,SPoSE,0,745
0.24561403508771928,0.31828097818637896,SPoSE,0,746
0.603448275862069,0.5009451035941316,SPoSE,0,747
0.5526315789473685,0.37930846993629985,SPoSE,0,748
0.38888888888888884,0.3632873590954666,SPoSE,0,749
0.35964912280701755,0.4267011989733657,SPoSE,0,750
0.3545454545454545,0.2911535453671017,SPoSE,0,751
0.5272727272727272,0.586254602274608,SPoSE,0,752
0.4907407407407407,0.3638007073036626,SPoSE,0,753
0.4351851851851851,0.5260276766398012,SPoSE,0,754
0.5789473684210527,0.5467571516630227,SPoSE,0,755
0.35964912280701755,0.4137637010297949,SPoSE,0,756
0.16666666666666663,0.22801496325845952,SPoSE,0,757
0.2857142857142857,0.3150738708354878,SPoSE,0,758
0.5576923076923077,0.6111847791642976,SPoSE,0,759
0.6403508771929824,0.646388831043198,SPoSE,0,760
0.3363636363636364,0.3249090461532244,SPoSE,0,761
0.6160714285714286,0.5198019126719834,SPoSE,0,762
0.5446428571428571,0.7164677522166484,SPoSE,0,763
0.27966101694915246,0.3656074294759183,SPoSE,0,764
0.3306451612903225,0.2655718281372649,SPoSE,0,765
0.18867924528301883,0.2522816542432271,SPoSE,0,766
0.4375,0.3620821489160115,SPoSE,0,767
0.509090909090909,0.3911151778826864,SPoSE,0,768
0.3771929824561404,0.4113979414203692,SPoSE,0,769
0.43103448275862066,0.43807227644014407,SPoSE,0,770
0.4056603773584906,0.5197563234500888,SPoSE,0,771
0.5267857142857143,0.5995693484477934,SPoSE,0,772
0.25,0.19571110756856422,SPoSE,0,773
0.4818181818181818,0.5067266882406524,SPoSE,0,774
0.6759259259259259,0.6571549396192582,SPoSE,0,775
0.287037037037037,0.3962540017530023,SPoSE,0,776
0.09523809523809523,0.12047113124539154,SPoSE,0,777
0.4224137931034483,0.4588392226464786,SPoSE,0,778
0.2909090909090909,0.19043042300571547,SPoSE,0,779
0.27192982456140347,0.33219243296267587,SPoSE,0,780
0.3771929824561404,0.39604228262844726,SPoSE,0,781
0.5094339622641509,0.44401982653606825,SPoSE,0,782
0.3545454545454545,0.38353074023502404,SPoSE,0,783
0.13492063492063489,0.21969525081963928,SPoSE,0,784
0.55,0.4950695364078392,SPoSE,0,785
0.45614035087719296,0.43105177337607437,SPoSE,0,786
0.2410714285714286,0.19031293788545323,SPoSE,0,787
0.288135593220339,0.34440044811652115,SPoSE,0,788
0.35344827586206895,0.44187317278714494,SPoSE,0,789
0.5614035087719298,0.5948845328682637,SPoSE,0,790
0.1428571428571428,0.0976995995076798,SPoSE,0,791
0.3214285714285714,0.30000550396142617,SPoSE,0,792
0.2314814814814815,0.1857528282936869,SPoSE,0,793
0.4553571428571428,0.19503373278262287,SPoSE,0,794
0.3017241379310345,0.34455067049023774,SPoSE,0,795
0.4716981132075472,0.31006392782286385,SPoSE,0,796
0.49122807017543857,0.5229729861024662,SPoSE,0,797
0.4,0.36359053243950656,SPoSE,0,798
0.18867924528301883,0.32093701590831325,SPoSE,0,799
0.3070175438596492,0.44030378823453376,SPoSE,0,800
0.38983050847457634,0.4308279990459251,SPoSE,0,801
0.4553571428571428,0.3889210660276372,SPoSE,0,802
0.2416666666666667,0.18483076901016837,SPoSE,0,803
0.6186440677966102,0.6358875684831491,SPoSE,0,804
0.26724137931034475,0.3135419289990907,SPoSE,0,805
0.17592592592592593,0.16872145869963165,SPoSE,0,806
0.1637931034482758,0.2045504578984775,SPoSE,0,807
0.22881355932203395,0.19054887178438257,SPoSE,0,808
0.1311475409836066,0.2293693838845641,SPoSE,0,809
0.1271186440677966,0.1259147645910306,SPoSE,0,810
0.185483870967742,0.14805553403404637,SPoSE,0,811
0.8909090909090909,0.8932380912503236,SPoSE,0,812
0.5175438596491229,0.5179833161150746,SPoSE,0,813
0.09090909090909094,0.16080191286427584,SPoSE,0,814
0.17272727272727273,0.2502797606950464,SPoSE,0,815
0.6,0.575280808516384,SPoSE,0,816
0.16666666666666663,0.19864975882220964,SPoSE,0,817
0.7807017543859649,0.7640601133526651,SPoSE,0,818
0.2627118644067796,0.5691182653834362,SPoSE,0,819
0.2589285714285714,0.17739904750697733,SPoSE,0,820
0.2962962962962963,0.3162263365201697,SPoSE,0,821
0.18103448275862066,0.15089723068351724,SPoSE,0,822
0.11864406779661019,0.1626374190100611,SPoSE,0,823
0.6428571428571429,0.5493450719744524,SPoSE,0,824
0.2033898305084746,0.14389625757241897,SPoSE,0,825
0.11403508771929827,0.16521723107252506,SPoSE,0,826
0.3660714285714286,0.1920754850775138,SPoSE,0,827
0.2661290322580645,0.26336977082133833,SPoSE,0,828
0.27966101694915246,0.39649561153219126,SPoSE,0,829
0.3055555555555556,0.47668998816856306,SPoSE,0,830
0.3090909090909091,0.35354820183602714,SPoSE,0,831
0.29807692307692313,0.24662696565389014,SPoSE,0,832
0.15833333333333333,0.24016268600996518,SPoSE,0,833
0.3017241379310345,0.3356645137138552,SPoSE,0,834
0.3870967741935484,0.34033097004843094,SPoSE,0,835
0.23584905660377364,0.28168837932190366,SPoSE,0,836
0.2457627118644068,0.33052323855402715,SPoSE,0,837
0.41666666666666674,0.41827941769714694,SPoSE,0,838
0.4017857142857143,0.5239241283475717,SPoSE,0,839
0.047169811320754707,0.10680490995435132,SPoSE,0,840
0.27118644067796605,0.2535404349950018,SPoSE,0,841
0.2767857142857143,0.27886021326297317,SPoSE,0,842
0.3125,0.33044885775868266,SPoSE,0,843
0.6271186440677966,0.4880425539613299,SPoSE,0,844
0.5714285714285714,0.414030081809676,SPoSE,0,845
0.75,0.8282753086900675,SPoSE,0,846
0.3018867924528301,0.38664524560162566,SPoSE,0,847
0.2407407407407407,0.2640558793065609,SPoSE,0,848
0.21818181818181814,0.3094308192349688,SPoSE,0,849
0.5,0.4285059899476506,SPoSE,0,850
0.25,0.32033418822525783,SPoSE,0,851
0.17500000000000004,0.19836071765077326,SPoSE,0,852
0.1694915254237288,0.21069763395502034,SPoSE,0,853
0.20370370370370372,0.3394227377398861,SPoSE,0,854
0.25,0.1951157816352845,SPoSE,0,855
0.1578947368421053,0.2574486237698787,SPoSE,0,856
0.23684210526315785,0.24204741342260006,SPoSE,0,857
0.20175438596491224,0.31370035580169214,SPoSE,0,858
0.6578947368421053,0.5291612557258276,SPoSE,0,859
0.29166666666666674,0.24349770568161808,SPoSE,0,860
0.2068965517241379,0.21995187343891617,SPoSE,0,861
0.30952380952380953,0.30150359885886874,SPoSE,0,862
0.6339285714285714,0.7837787593694501,SPoSE,0,863
0.3482142857142857,0.2863096784002889,SPoSE,0,864
0.4056603773584906,0.48129680023270577,SPoSE,0,865
0.6090909090909091,0.6122223646240892,SPoSE,0,866
0.23770491803278682,0.25223472070085945,SPoSE,0,867
0.5283018867924528,0.586087606418374,SPoSE,0,868
0.12068965517241381,0.28087295616210006,SPoSE,0,869
0.13157894736842102,0.1890672953397308,SPoSE,0,870
0.4375,0.43396036017969275,SPoSE,0,871
0.13559322033898302,0.14735938055801287,SPoSE,0,872
0.19999999999999996,0.21554410077031608,SPoSE,0,873
0.25,0.27241431972349395,SPoSE,0,874
0.6666666666666666,0.521787704133458,SPoSE,0,875
0.631578947368421,0.647458143653268,SPoSE,0,876
0.39814814814814814,0.2739837789821057,SPoSE,0,877
0.3833333333333333,0.36266053330974346,SPoSE,0,878
0.5175438596491229,0.4062391394353877,SPoSE,0,879
0.5178571428571429,0.4391630544751946,SPoSE,0,880
0.3035714285714286,0.3207217038712068,SPoSE,0,881
0.6272727272727273,0.7926017520680955,SPoSE,0,882
0.4339622641509434,0.48713044286645973,SPoSE,0,883
0.34745762711864403,0.24273733313683543,SPoSE,0,884
0.05833333333333335,0.10293534113326476,SPoSE,0,885
0.4298245614035088,0.4006520911558811,SPoSE,0,886
0.5333333333333333,0.6294088487512361,SPoSE,0,887
0.2222222222222222,0.20370262678004822,SPoSE,0,888
0.75,0.7008415224161432,SPoSE,0,889
0.5241935483870968,0.32512946526179515,SPoSE,0,890
0.3571428571428572,0.4031009539593012,SPoSE,0,891
0.6636363636363637,0.7972784469820435,SPoSE,0,892
0.2192982456140351,0.2046435642866524,SPoSE,0,893
0.4224137931034483,0.37366489908774336,SPoSE,0,894
0.4051724137931034,0.35970798249522007,SPoSE,0,895
0.2946428571428572,0.23456801103598157,SPoSE,0,896
0.44067796610169485,0.4073925691035327,SPoSE,0,897
0.4814814814814814,0.2813828172612906,SPoSE,0,898
0.3400000000000001,0.4518761933362387,SPoSE,0,899
0.7946428571428571,0.5017610231446844,SPoSE,0,900
0.6851851851851852,0.5445298886946364,SPoSE,0,901
0.4017857142857143,0.38835891319976606,SPoSE,0,902
0.8771929824561403,0.8161976404141149,SPoSE,0,903
0.49056603773584906,0.44175346055665443,SPoSE,0,904
0.2272727272727273,0.30676539123219587,SPoSE,0,905
0.10169491525423724,0.09616845703982366,SPoSE,0,906
0.44736842105263164,0.535922025904753,SPoSE,0,907
0.3125,0.24917393314269665,SPoSE,0,908
0.24545454545454548,0.21037250300237137,SPoSE,0,909
0.4913793103448276,0.6078940533459791,SPoSE,0,910
0.4326923076923077,0.5693799041073665,SPoSE,0,911
0.3620689655172413,0.683544437689764,SPoSE,0,912
0.6982758620689655,0.5732507449316551,SPoSE,0,913
0.28181818181818175,0.24730048720782216,SPoSE,0,914
0.8389830508474576,0.8592899939083931,SPoSE,0,915
0.6454545454545455,0.5057256531624506,SPoSE,0,916
0.2666666666666666,0.3555911153316159,SPoSE,0,917
0.576271186440678,0.4769514623134279,SPoSE,0,918
0.26363636363636367,0.31561024342106,SPoSE,0,919
0.5982142857142857,0.402558224395622,SPoSE,0,920
0.33333333333333326,0.40914013839563895,SPoSE,0,921
0.19090909090909092,0.26192181978267276,SPoSE,0,922
0.2777777777777778,0.48309076008583934,SPoSE,0,923
0.543859649122807,0.4945542359864526,SPoSE,0,924
0.625,0.6441551493772009,SPoSE,0,925
0.08490566037735847,0.0966181058751208,SPoSE,0,926
0.3392857142857143,0.3156472496460453,SPoSE,0,927
0.3035714285714286,0.2730174493902374,SPoSE,0,928
0.26415094339622636,0.18307096208647838,SPoSE,0,929
0.36363636363636365,0.4368514083345273,SPoSE,0,930
0.30327868852459017,0.4764446072303129,SPoSE,0,931
0.31034482758620685,0.45247691123062456,SPoSE,0,932
0.7068965517241379,0.61100402849976,SPoSE,0,933
0.30327868852459017,0.31009106241882456,SPoSE,0,934
0.34375,0.32637640688658137,SPoSE,0,935
0.4814814814814814,0.4938835249595939,SPoSE,0,936
0.41666666666666674,0.35391787968997185,SPoSE,0,937
0.3421052631578947,0.3048156719919327,SPoSE,0,938
0.3706896551724138,0.47465878822511764,SPoSE,0,939
0.1339285714285714,0.2719541915852504,SPoSE,0,940
0.20175438596491224,0.23921480418250932,SPoSE,0,941
0.3362068965517242,0.2597091131819763,SPoSE,0,942
0.4655172413793103,0.3579967320113693,SPoSE,0,943
0.4576271186440678,0.5471965772495557,SPoSE,0,944
0.11864406779661019,0.11321230514792364,SPoSE,0,945
0.35185185185185186,0.3723326201311997,SPoSE,0,946
0.32407407407407407,0.25263214405478357,SPoSE,0,947
0.3660714285714286,0.3033044160739256,SPoSE,0,948
0.2295081967213115,0.2366128609070204,SPoSE,0,949
0.35,0.24688790263825086,SPoSE,0,950
0.19444444444444442,0.23457912525404853,SPoSE,0,951
0.3666666666666667,0.4309853264975227,SPoSE,0,952
0.4516129032258065,0.4076759351796731,SPoSE,0,953
0.5272727272727272,0.5216046660802613,SPoSE,0,954
0.39655172413793105,0.4584338567015094,SPoSE,0,955
0.41129032258064524,0.4121345492003036,SPoSE,0,956
0.373015873015873,0.3739574573103662,SPoSE,0,957
0.33333333333333326,0.2748127782844172,SPoSE,0,958
0.23636363636363633,0.30522388429709674,SPoSE,0,959
0.4649122807017544,0.418075965813188,SPoSE,0,960
0.3303571428571428,0.3785063523944905,SPoSE,0,961
0.1339285714285714,0.213282887446449,SPoSE,0,962
0.0982142857142857,0.14802635650743304,SPoSE,0,963
0.31666666666666665,0.3845812963572898,SPoSE,0,964
0.3833333333333333,0.44774609434835577,SPoSE,0,965
0.6416666666666667,0.4110725138733953,SPoSE,0,966
0.509090909090909,0.4678415077556183,SPoSE,0,967
0.3928571428571428,0.3885885845796321,SPoSE,0,968
0.1694915254237288,0.2001748438448261,SPoSE,0,969
0.4196428571428572,0.32300474259395173,SPoSE,0,970
0.45238095238095233,0.3558364608996198,SPoSE,0,971
0.5,0.3931638796532294,SPoSE,0,972
0.38983050847457634,0.3111367885725545,SPoSE,0,973
0.19444444444444442,0.294278601257401,SPoSE,0,974
0.509090909090909,0.5662896895975965,SPoSE,0,975
0.25,0.2538976155398042,SPoSE,0,976
0.6754385964912281,0.45595357752350735,SPoSE,0,977
0.8245614035087719,0.817160355706599,SPoSE,0,978
0.3571428571428572,0.2904810555571702,SPoSE,0,979
0.032786885245901676,0.09572556001666406,SPoSE,0,980
0.33333333333333326,0.4329027611511694,SPoSE,0,981
0.21052631578947367,0.25523242363586734,SPoSE,0,982
0.18181818181818188,0.19997324557229948,SPoSE,0,983
0.28181818181818175,0.3458675165074031,SPoSE,0,984
0.4642857142857143,0.3034623085038603,SPoSE,0,985
0.4528301886792453,0.4727069835053062,SPoSE,0,986
0.675,0.6245541468677044,SPoSE,0,987
0.2333333333333334,0.34922294469756,SPoSE,0,988
0.7796610169491526,0.5607585692731013,SPoSE,0,989
0.8559322033898306,0.7337168925688218,SPoSE,0,990
0.5338983050847458,0.711172611192894,SPoSE,0,991
0.3392857142857143,0.20606409093332398,SPoSE,0,992
0.5689655172413793,0.4588908135838262,SPoSE,0,993
0.7678571428571429,0.6459564207645583,SPoSE,0,994
0.1454545454545455,0.22399741717900876,SPoSE,0,995
0.10377358490566035,0.14044423373571283,SPoSE,0,996
0.2583333333333333,0.3159623876995006,SPoSE,0,997
0.31034482758620685,0.2692237308956404,SPoSE,0,998
0.19090909090909092,0.19276521658494516,SPoSE,0,999
0.3157894736842105,0.39932441054062034,SPoSE,0,1000
0.5089285714285714,0.4498997138802007,SPoSE,0,1001
0.6492537313432836,0.6847062499006676,SPoSE,0,1002
0.5350877192982456,0.6112861643067141,SPoSE,0,1003
0.17500000000000004,0.20173299058516583,SPoSE,0,1004
0.5416666666666666,0.5120022667243458,SPoSE,0,1005
0.5677966101694916,0.5207405275239692,SPoSE,0,1006
0.24545454545454548,0.3284662047453295,SPoSE,0,1007
0.6228070175438597,0.6755116262764903,SPoSE,0,1008
0.2321428571428572,0.2655847539731351,SPoSE,0,1009
0.2410714285714286,0.2460875132537675,SPoSE,0,1010
0.3125,0.3174494342571597,SPoSE,0,1011
0.3125,0.30810112559771125,SPoSE,0,1012
0.7844827586206896,0.7549263511771958,SPoSE,0,1013
0.2924528301886793,0.2536974907891981,SPoSE,0,1014
0.3770491803278688,0.3361924441677956,SPoSE,0,1015
0.4913793103448276,0.44113050267595233,SPoSE,0,1016
0.1272727272727272,0.17875301156144274,SPoSE,0,1017
0.1785714285714286,0.25402434657903045,SPoSE,0,1018
0.5681818181818182,0.7411323288477165,SPoSE,0,1019
0.2627118644067796,0.26598502327690143,SPoSE,0,1020
0.23684210526315785,0.3134634636036138,SPoSE,0,1021
0.27586206896551724,0.21132701254451486,SPoSE,0,1022
0.4285714285714286,0.35370898451237587,SPoSE,0,1023
0.19047619047619047,0.20111913796743447,SPoSE,0,1024
0.13559322033898302,0.10241260531774794,SPoSE,0,1025
0.4017857142857143,0.3686348578979253,SPoSE,0,1026
0.6818181818181818,0.47077566818758143,SPoSE,0,1027
0.211864406779661,0.1645570087584342,SPoSE,0,1028
0.35593220338983045,0.4345176140494013,SPoSE,0,1029
0.3909090909090909,0.5225115899187466,SPoSE,0,1030
0.47457627118644075,0.3075726564338611,SPoSE,0,1031
0.5714285714285714,0.6297072296763772,SPoSE,0,1032
0.3305084745762712,0.3688597019796925,SPoSE,0,1033
0.8,0.76606061444848,SPoSE,0,1034
0.5166666666666667,0.5477852693321936,SPoSE,0,1035
0.20833333333333337,0.2310049433305138,SPoSE,0,1036
0.44545454545454544,0.3716545333235069,SPoSE,0,1037
0.04166666666666663,0.1061525954741093,SPoSE,0,1038
0.39655172413793105,0.4177684770292233,SPoSE,0,1039
0.23076923076923084,0.2943836573543195,SPoSE,0,1040
0.20370370370370372,0.17788533792760666,SPoSE,0,1041
0.30833333333333335,0.38149876503358277,SPoSE,0,1042
0.44999999999999996,0.2972354271956805,SPoSE,0,1043
0.38596491228070173,0.46775464674307243,SPoSE,0,1044
0.6181818181818182,0.6674565904459099,SPoSE,0,1045
0.25,0.23878018737156415,SPoSE,0,1046
0.4083333333333333,0.29227467601009477,SPoSE,0,1047
0.9210526315789473,0.7316240734494744,SPoSE,0,1048
0.635593220338983,0.4919573079336661,SPoSE,0,1049
0.06896551724137934,0.10742392410727607,SPoSE,0,1050
0.21818181818181814,0.2287133418777648,SPoSE,0,1051
0.22499999999999998,0.15784985756581313,SPoSE,0,1052
0.45192307692307687,0.3402456154423523,SPoSE,0,1053
0.3879310344827587,0.2682203001655432,SPoSE,0,1054
0.5172413793103449,0.5083622839691405,SPoSE,0,1055
0.19090909090909092,0.2768927913152426,SPoSE,0,1056
0.4107142857142857,0.33802547660671994,SPoSE,0,1057
0.27192982456140347,0.34793625329912264,SPoSE,0,1058
0.35593220338983045,0.2663638194365704,SPoSE,0,1059
0.37037037037037035,0.40114335881225205,SPoSE,0,1060
0.3571428571428572,0.42369512117579566,SPoSE,0,1061
0.08771929824561409,0.11703240921168172,SPoSE,0,1062
0.26363636363636367,0.32431231866639015,SPoSE,0,1063
0.2857142857142857,0.6350114251819098,SPoSE,0,1064
0.06557377049180324,0.09673171640807547,SPoSE,0,1065
0.17213114754098358,0.11051593371902171,SPoSE,0,1066
0.04629629629629628,0.12121905281259071,SPoSE,0,1067
0.010000000000000009,0.09279167214726389,SPoSE,0,1068
0.21551724137931028,0.14837617245575244,SPoSE,0,1069
0.0892857142857143,0.10570354344230945,SPoSE,0,1070
0.07627118644067798,0.0898284816176772,SPoSE,0,1071
0.14754098360655732,0.11562246496379144,SPoSE,0,1072
0.3524590163934427,0.31243173749960845,SPoSE,0,1073
0.1696428571428572,0.12181591719807545,SPoSE,0,1074
0.6759259259259259,0.7071439817671058,SPoSE,0,1075
0.35185185185185186,0.283394288463007,SPoSE,0,1076
0.21052631578947367,0.24460645608690024,SPoSE,0,1077
0.40740740740740744,0.4154390911638988,SPoSE,0,1078
0.5089285714285714,0.37106662526624457,SPoSE,0,1079
0.3275862068965517,0.40994227767065683,SPoSE,0,1080
0.33333333333333326,0.32929625706683513,SPoSE,0,1081
0.5350877192982456,0.6556419874403517,SPoSE,0,1082
0.2321428571428572,0.32264125254513215,SPoSE,0,1083
0.7131147540983607,0.5345820338272804,SPoSE,0,1084
0.2583333333333333,0.27693135759485304,SPoSE,0,1085
0.2232142857142857,0.1971521890747819,SPoSE,0,1086
0.3679245283018868,0.3908202986822698,SPoSE,0,1087
0.5,0.5372827111111291,SPoSE,0,1088
0.2767857142857143,0.2533272412453123,SPoSE,0,1089
0.22499999999999998,0.22917816120868284,SPoSE,0,1090
0.1071428571428571,0.1705282460260228,SPoSE,0,1091
0.3771929824561404,0.27050102523534203,SPoSE,0,1092
0.5,0.3956182567447185,SPoSE,0,1093
0.1517857142857143,0.17465123196838606,SPoSE,0,1094
0.2685185185185186,0.13404778059562963,SPoSE,0,1095
0.22413793103448276,0.2573731205591808,SPoSE,0,1096
0.2407407407407407,0.18119200658185183,SPoSE,0,1097
0.32692307692307687,0.18550782434283178,SPoSE,0,1098
0.2931034482758621,0.20844998791585814,SPoSE,0,1099
0.5847457627118644,0.5620420557246688,SPoSE,0,1100
0.4,0.517386087668123,SPoSE,0,1101
0.2807017543859649,0.5208044870355913,SPoSE,0,1102
0.3157894736842105,0.22956470290292647,SPoSE,0,1103
0.2894736842105263,0.34597006939548575,SPoSE,0,1104
0.3275862068965517,0.33959357593182127,SPoSE,0,1105
0.3706896551724138,0.46239729816020264,SPoSE,0,1106
0.2586206896551724,0.3042709841031738,SPoSE,0,1107
0.24545454545454548,0.3287648005197681,SPoSE,0,1108
0.49056603773584906,0.4534770950474351,SPoSE,0,1109
0.3706896551724138,0.344614237472871,SPoSE,0,1110
0.5089285714285714,0.4222578333173272,SPoSE,0,1111
0.5267857142857143,0.5087337000693026,SPoSE,0,1112
0.4385964912280702,0.3615674848924508,SPoSE,0,1113
0.13709677419354838,0.21728928479715184,SPoSE,0,1114
0.43442622950819665,0.3999157024288055,SPoSE,0,1115
0.3482142857142857,0.34370417881856813,SPoSE,0,1116
0.16393442622950816,0.2846020599083588,SPoSE,0,1117
0.2966101694915254,0.19776184961646212,SPoSE,0,1118
0.532258064516129,0.6690216487911025,SPoSE,0,1119
0.631578947368421,0.6699999393376419,SPoSE,0,1120
0.3181818181818181,0.32982705777256655,SPoSE,0,1121
0.27692307692307694,0.26660129265202054,SPoSE,0,1122
0.3125,0.31476180160118566,SPoSE,0,1123
0.4482758620689655,0.30955920684247806,SPoSE,0,1124
0.4385964912280702,0.5585505983247262,SPoSE,0,1125
0.2068965517241379,0.2209290242780729,SPoSE,0,1126
0.7545454545454545,0.527542690606959,SPoSE,0,1127
0.1692307692307693,0.1299285650152374,ADMM,1,0
0.8507462686567164,0.7354674122454288,ADMM,1,1
0.24626865671641784,0.11884982681193577,ADMM,1,2
0.1691176470588236,0.15551677048197848,ADMM,1,3
0.09848484848484851,0.0885129926748601,ADMM,1,4
0.040983606557377095,0.05330859925685845,ADMM,1,5
0.543859649122807,0.46141747698000013,ADMM,1,6
0.25,0.30463551610919337,ADMM,1,7
0.3305084745762712,0.26645649302624425,ADMM,1,8
0.3671875,0.2509128633026808,ADMM,1,9
0.8484848484848485,0.709863539380577,ADMM,1,10
0.2033898305084746,0.22664119958308024,ADMM,1,11
0.5970149253731343,0.49464331870852246,ADMM,1,12
0.1311475409836066,0.18640113953063572,ADMM,1,13
0.48461538461538467,0.46212768233710527,ADMM,1,14
0.3046875,0.26558305705510815,ADMM,1,15
0.140625,0.13447831445450112,ADMM,1,16
0.26190476190476186,0.1808478250087677,ADMM,1,17
0.24590163934426235,0.25685876070418856,ADMM,1,18
0.11904761904761907,0.11407884307864961,ADMM,1,19
0.07627118644067798,0.07240716498729181,ADMM,1,20
0.38983050847457634,0.294697323228133,ADMM,1,21
0.05084745762711862,0.06062765656003727,ADMM,1,22
0.17796610169491522,0.107644202016117,ADMM,1,23
0.16393442622950816,0.14598990638786052,ADMM,1,24
0.0757575757575758,0.1358682822688536,ADMM,1,25
0.08870967741935487,0.09989600530664068,ADMM,1,26
0.1428571428571428,0.10568503655290502,ADMM,1,27
0.17796610169491522,0.1855532825003024,ADMM,1,28
0.11538461538461542,0.07354842085203497,ADMM,1,29
0.08196721311475408,0.06934008166957795,ADMM,1,30
0.1724137931034483,0.15932410579346087,ADMM,1,31
0.14655172413793105,0.15996020640126773,ADMM,1,32
0.056451612903225756,0.09447008735173275,ADMM,1,33
0.0793650793650793,0.08919989028300206,ADMM,1,34
0.3571428571428572,0.264621525488775,ADMM,1,35
0.4076923076923077,0.37039478373705986,ADMM,1,36
0.16363636363636358,0.13187880594600418,ADMM,1,37
0.12068965517241381,0.15528994634627544,ADMM,1,38
0.19166666666666665,0.16853350584075255,ADMM,1,39
0.11111111111111116,0.11064740228079224,ADMM,1,40
0.08771929824561409,0.04463580184431695,ADMM,1,41
0.08208955223880599,0.10740593366363263,ADMM,1,42
0.265625,0.2602579358894761,ADMM,1,43
0.17460317460317465,0.110562471399823,ADMM,1,44
0.15000000000000002,0.1689997039953359,ADMM,1,45
0.23809523809523814,0.23270870442688862,ADMM,1,46
0.3181818181818181,0.24560791744390803,ADMM,1,47
0.9761904761904762,0.8770227979488279,ADMM,1,48
0.10185185185185186,0.11377858852268721,ADMM,1,49
0.19444444444444442,0.19652532045384927,ADMM,1,50
0.11016949152542377,0.09574165694798661,ADMM,1,51
0.3070175438596492,0.35295475380287644,ADMM,1,52
0.10526315789473684,0.09609108038067607,ADMM,1,53
0.12878787878787878,0.24655101033659774,ADMM,1,54
0.0636363636363636,0.13424530962979905,ADMM,1,55
0.14754098360655732,0.17465758321850292,ADMM,1,56
0.5172413793103449,0.3853553926897987,ADMM,1,57
0.0803571428571429,0.13291845721572856,ADMM,1,58
0.16666666666666663,0.14944282879441875,ADMM,1,59
0.10833333333333339,0.10806814388883271,ADMM,1,60
0.05555555555555558,0.12895219525715354,ADMM,1,61
0.20491803278688525,0.18798790646552913,ADMM,1,62
0.045454545454545414,0.11007714038923411,ADMM,1,63
0.211864406779661,0.14009105004373007,ADMM,1,64
0.3015873015873016,0.26287167493023256,ADMM,1,65
0.2053571428571428,0.15149342381932118,ADMM,1,66
0.42105263157894735,0.37446988369122514,ADMM,1,67
0.12280701754385959,0.12355320219663615,ADMM,1,68
0.3090909090909091,0.258116092616457,ADMM,1,69
0.05833333333333335,0.08351713492230411,ADMM,1,70
0.1272727272727272,0.13600515985620557,ADMM,1,71
0.19354838709677424,0.17277065196683705,ADMM,1,72
0.07499999999999996,0.09088342661111434,ADMM,1,73
0.06779661016949157,0.10578280555688539,ADMM,1,74
0.07627118644067798,0.07476180233631004,ADMM,1,75
0.1637931034482758,0.1420687212057412,ADMM,1,76
0.17272727272727273,0.1933783872646638,ADMM,1,77
0.06034482758620685,0.05991145112725776,ADMM,1,78
0.15000000000000002,0.1271346669320355,ADMM,1,79
0.435483870967742,0.3529620444063927,ADMM,1,80
0.5526315789473685,0.4079997426733089,ADMM,1,81
0.06666666666666665,0.05748460101386586,ADMM,1,82
0.08196721311475408,0.160081961283433,ADMM,1,83
0.2589285714285714,0.3397752829402635,ADMM,1,84
0.1272727272727272,0.06841909043720244,ADMM,1,85
0.15322580645161288,0.1301867845444513,ADMM,1,86
0.13559322033898302,0.1561179915363532,ADMM,1,87
0.07547169811320753,0.11393746255503488,ADMM,1,88
0.07894736842105265,0.09530009664480052,ADMM,1,89
0.05737704918032782,0.0493327956613859,ADMM,1,90
0.07499999999999996,0.08242915711022018,ADMM,1,91
0.10909090909090913,0.1214041096812655,ADMM,1,92
0.3363636363636364,0.22717014618997508,ADMM,1,93
0.11016949152542377,0.1428117409415622,ADMM,1,94
0.1484375,0.11518601452772093,ADMM,1,95
0.09677419354838712,0.09242833396412847,ADMM,1,96
0.5338983050847458,0.5231034024447105,ADMM,1,97
0.35964912280701755,0.33949054162455156,ADMM,1,98
0.16666666666666663,0.14711947164923403,ADMM,1,99
0.08771929824561409,0.15500772889841816,ADMM,1,100
0.7583333333333333,0.6444246351547218,ADMM,1,101
0.10833333333333339,0.07690328481002705,ADMM,1,102
0.47413793103448276,0.3820976277587124,ADMM,1,103
0.15254237288135597,0.14151526172791914,ADMM,1,104
0.3508771929824561,0.441677706123797,ADMM,1,105
0.23684210526315785,0.28197263083492924,ADMM,1,106
0.14406779661016955,0.14567283657739064,ADMM,1,107
0.2192982456140351,0.15446759711257546,ADMM,1,108
0.1929824561403508,0.17149494490455097,ADMM,1,109
0.1160714285714286,0.08426648652980034,ADMM,1,110
0.1271186440677966,0.11392382081290722,ADMM,1,111
0.24561403508771928,0.2180507228347931,ADMM,1,112
0.07499999999999996,0.08397434734631756,ADMM,1,113
0.15254237288135597,0.18256648048659865,ADMM,1,114
0.12962962962962965,0.12292888150710474,ADMM,1,115
0.13636363636363635,0.08878267865592084,ADMM,1,116
0.0862068965517242,0.11791990865049223,ADMM,1,117
0.10344827586206895,0.16929718214589937,ADMM,1,118
0.2894736842105263,0.30872255761618367,ADMM,1,119
0.09090909090909094,0.10626483496539353,ADMM,1,120
0.11206896551724133,0.05597225927785424,ADMM,1,121
0.17272727272727273,0.14505369679287036,ADMM,1,122
0.20454545454545459,0.08801635057606459,ADMM,1,123
0.07894736842105265,0.13101870857743822,ADMM,1,124
0.1694915254237288,0.14876158217448987,ADMM,1,125
0.44067796610169485,0.279098318960411,ADMM,1,126
0.46825396825396826,0.46335504546343353,ADMM,1,127
0.13157894736842102,0.11667504741609674,ADMM,1,128
0.2033898305084746,0.16179135544584938,ADMM,1,129
0.21311475409836067,0.1093452167230169,ADMM,1,130
0.0862068965517242,0.0865954993980508,ADMM,1,131
0.05263157894736836,0.047465156732923855,ADMM,1,132
0.1311475409836066,0.07174130065897584,ADMM,1,133
0.18333333333333335,0.23789867075442828,ADMM,1,134
0.0847457627118644,0.060061852829672246,ADMM,1,135
0.15740740740740744,0.07131734474236835,ADMM,1,136
0.13157894736842102,0.17890734693484814,ADMM,1,137
0.0423728813559322,0.10951278122384311,ADMM,1,138
0.17543859649122806,0.19556510962827223,ADMM,1,139
0.07627118644067798,0.10857390886552046,ADMM,1,140
0.2666666666666666,0.29290637290314203,ADMM,1,141
0.09259259259259256,0.07856318644821246,ADMM,1,142
0.23275862068965514,0.19373225422082704,ADMM,1,143
0.09999999999999998,0.1382180855566165,ADMM,1,144
0.15573770491803285,0.1814410060688503,ADMM,1,145
0.38596491228070173,0.34605158024462584,ADMM,1,146
0.05263157894736836,0.10153974799015335,ADMM,1,147
0.018181818181818188,0.14676373757202837,ADMM,1,148
0.08181818181818179,0.07440851871995291,ADMM,1,149
0.06140350877192979,0.09708880872507297,ADMM,1,150
0.10526315789473684,0.14550658231287947,ADMM,1,151
0.056451612903225756,0.10473626513764829,ADMM,1,152
0.05084745762711862,0.10210498073700254,ADMM,1,153
0.28688524590163933,0.2958120243338135,ADMM,1,154
0.14655172413793105,0.1370358633201958,ADMM,1,155
0.32407407407407407,0.3461257729286664,ADMM,1,156
0.1339285714285714,0.14336965291919682,ADMM,1,157
0.2909090909090909,0.2759665478360518,ADMM,1,158
0.01754385964912286,0.10507106666103205,ADMM,1,159
0.09166666666666667,0.13420316607324675,ADMM,1,160
0.05084745762711862,0.13239200634795045,ADMM,1,161
0.07758620689655171,0.08133450662406863,ADMM,1,162
0.08064516129032262,0.09312905675894738,ADMM,1,163
0.04385964912280704,0.09898525639969687,ADMM,1,164
0.1428571428571428,0.24017043758033801,ADMM,1,165
0.11818181818181817,0.14096945400873098,ADMM,1,166
0.05263157894736836,0.06591399731474133,ADMM,1,167
0.0431034482758621,0.13569901646104698,ADMM,1,168
0.2457627118644068,0.2747440067600153,ADMM,1,169
0.5258620689655172,0.39878272724462066,ADMM,1,170
0.05737704918032782,0.045202064039920095,ADMM,1,171
0.056451612903225756,0.1478052296022413,ADMM,1,172
0.2543859649122807,0.31015752406532154,ADMM,1,173
0.08196721311475408,0.08652239828210873,ADMM,1,174
0.14655172413793105,0.14604662503069107,ADMM,1,175
0.12280701754385959,0.2041731915501522,ADMM,1,176
0.050000000000000044,0.13939666872217935,ADMM,1,177
0.08196721311475408,0.07152140618094927,ADMM,1,178
0.025423728813559365,0.07435125452363635,ADMM,1,179
0.0267857142857143,0.10035526831842331,ADMM,1,180
0.11904761904761907,0.11735530160910737,ADMM,1,181
0.4732142857142857,0.4727485998212173,ADMM,1,182
0.22499999999999998,0.22941807568725084,ADMM,1,183
0.43965517241379315,0.29856276314296865,ADMM,1,184
0.868421052631579,0.7725478920506835,ADMM,1,185
0.2666666666666666,0.19241096743050248,ADMM,1,186
0.19491525423728817,0.26455664412981467,ADMM,1,187
0.31034482758620685,0.2190649607804653,ADMM,1,188
0.2589285714285714,0.38979037389474247,ADMM,1,189
0.37037037037037035,0.43185511560453116,ADMM,1,190
0.2931034482758621,0.4433353798384783,ADMM,1,191
0.5083333333333333,0.39424425260372936,ADMM,1,192
0.4067796610169492,0.3349960066963461,ADMM,1,193
0.6454545454545455,0.5043494714985427,ADMM,1,194
0.32499999999999996,0.3734762119913472,ADMM,1,195
0.5526315789473685,0.40437120047522385,ADMM,1,196
0.2583333333333333,0.23707838994703287,ADMM,1,197
0.14035087719298245,0.20379827663745856,ADMM,1,198
0.6583333333333333,0.6962090120707842,ADMM,1,199
0.2272727272727273,0.24467252813778703,ADMM,1,200
0.5677966101694916,0.4869264662424151,ADMM,1,201
0.2727272727272727,0.32484180575761334,ADMM,1,202
0.2592592592592593,0.29970509847138216,ADMM,1,203
0.4298245614035088,0.34855351129072487,ADMM,1,204
0.4019607843137255,0.387968315954177,ADMM,1,205
0.28846153846153844,0.4548753673359497,ADMM,1,206
0.17307692307692313,0.37525092319303144,ADMM,1,207
0.13636363636363635,0.18872831195856507,ADMM,1,208
0.7105263157894737,0.642440774587202,ADMM,1,209
0.3928571428571428,0.45174701786522425,ADMM,1,210
0.32407407407407407,0.3612101452395745,ADMM,1,211
0.33333333333333326,0.3687880674010266,ADMM,1,212
0.34745762711864403,0.2725699972921014,ADMM,1,213
0.3770491803278688,0.35522405392557843,ADMM,1,214
0.6517857142857143,0.5760601387670398,ADMM,1,215
0.2857142857142857,0.3963051893513904,ADMM,1,216
0.2068965517241379,0.25155822474461637,ADMM,1,217
0.375,0.3973888455076085,ADMM,1,218
0.10909090909090913,0.19794746566153662,ADMM,1,219
0.24137931034482762,0.2544542715046781,ADMM,1,220
0.8145161290322581,0.8133246448029033,ADMM,1,221
0.217741935483871,0.2745290658520494,ADMM,1,222
0.2222222222222222,0.2908190108098339,ADMM,1,223
0.2033898305084746,0.3047799846443888,ADMM,1,224
0.3706896551724138,0.4231367870230787,ADMM,1,225
0.23275862068965514,0.24630814473529536,ADMM,1,226
0.7767857142857143,0.6489202054331584,ADMM,1,227
0.6111111111111112,0.5877093036869365,ADMM,1,228
0.3508771929824561,0.3651303723602436,ADMM,1,229
0.15254237288135597,0.08992002296079377,ADMM,1,230
0.1785714285714286,0.16948914740395654,ADMM,1,231
0.3125,0.2755090393050578,ADMM,1,232
0.27192982456140347,0.28989223699664257,ADMM,1,233
0.2264150943396226,0.21644732352076584,ADMM,1,234
0.2735849056603774,0.3804219086808672,ADMM,1,235
0.3728813559322034,0.4588986532574376,ADMM,1,236
0.19444444444444442,0.28121152747495437,ADMM,1,237
0.42592592592592593,0.4511255777270795,ADMM,1,238
0.23636363636363633,0.40195384791386374,ADMM,1,239
0.5081967213114754,0.5669197211362816,ADMM,1,240
0.2457627118644068,0.2963347241076646,ADMM,1,241
0.3392857142857143,0.39594519739463296,ADMM,1,242
0.3571428571428572,0.33324611073403687,ADMM,1,243
0.19166666666666665,0.186666004687305,ADMM,1,244
0.21818181818181814,0.25720097305567746,ADMM,1,245
0.2767857142857143,0.34827575081413803,ADMM,1,246
0.5089285714285714,0.5946487383998702,ADMM,1,247
0.2543859649122807,0.2663737748843101,ADMM,1,248
0.2622950819672132,0.4628215070221373,ADMM,1,249
0.2192982456140351,0.3546739900616278,ADMM,1,250
0.42592592592592593,0.40624460859439104,ADMM,1,251
0.1416666666666666,0.3082442465635487,ADMM,1,252
0.3839285714285714,0.42177869688867536,ADMM,1,253
0.43103448275862066,0.4635834188681398,ADMM,1,254
0.07894736842105265,0.21498831883943503,ADMM,1,255
0.2457627118644068,0.319910514525812,ADMM,1,256
0.17272727272727273,0.2693628988144304,ADMM,1,257
0.5648148148148148,0.3034976715544675,ADMM,1,258
0.2068965517241379,0.2402229267072758,ADMM,1,259
0.3017241379310345,0.43544560423035733,ADMM,1,260
0.10833333333333339,0.21817037821304106,ADMM,1,261
0.28181818181818175,0.24982861594985442,ADMM,1,262
0.5263157894736842,0.5475879764208436,ADMM,1,263
0.2547169811320755,0.3644126622880921,ADMM,1,264
0.35849056603773577,0.45650778717192475,ADMM,1,265
0.543859649122807,0.515374354548052,ADMM,1,266
0.15833333333333333,0.07222186839917075,ADMM,1,267
0.2592592592592593,0.24442712802457006,ADMM,1,268
0.4017857142857143,0.5266236956997375,ADMM,1,269
0.49122807017543857,0.44094313690578835,ADMM,1,270
0.08771929824561409,0.09535435951352861,ADMM,1,271
0.26363636363636367,0.3102737375979027,ADMM,1,272
0.25,0.2552084054070572,ADMM,1,273
0.38181818181818183,0.4302232946009856,ADMM,1,274
0.5377358490566038,0.5697012392948667,ADMM,1,275
0.47413793103448276,0.4883013753269855,ADMM,1,276
0.6090909090909091,0.45594706803454704,ADMM,1,277
0.5725806451612904,0.5034270696621644,ADMM,1,278
0.39830508474576276,0.4010454551182442,ADMM,1,279
0.6228070175438597,0.7223291769861698,ADMM,1,280
0.4833333333333334,0.5593949936935786,ADMM,1,281
0.1293103448275862,0.16903132130085544,ADMM,1,282
0.4811320754716981,0.5300934820505699,ADMM,1,283
0.2894736842105263,0.34661259672418354,ADMM,1,284
0.5603448275862069,0.5588506344299388,ADMM,1,285
0.575,0.475497366474589,ADMM,1,286
0.5666666666666667,0.5672464311298192,ADMM,1,287
0.368421052631579,0.4352111265203658,ADMM,1,288
0.21818181818181814,0.3671404015042996,ADMM,1,289
0.75,0.745906664986352,ADMM,1,290
0.6944444444444444,0.723456095721348,ADMM,1,291
0.24528301886792447,0.3592163283699094,ADMM,1,292
0.5089285714285714,0.53406199657056,ADMM,1,293
0.967741935483871,0.8920164917801136,ADMM,1,294
0.4098360655737705,0.3615367622581338,ADMM,1,295
0.10169491525423724,0.09286859821721007,ADMM,1,296
0.423728813559322,0.3870945070012596,ADMM,1,297
0.2946428571428572,0.3644641035619621,ADMM,1,298
0.18103448275862066,0.24449668729710278,ADMM,1,299
0.4181818181818182,0.4639460668927519,ADMM,1,300
0.48245614035087714,0.46047192555802613,ADMM,1,301
0.3793103448275862,0.5567956895393075,ADMM,1,302
0.6206896551724138,0.6952846625009451,ADMM,1,303
0.2033898305084746,0.21450758595046848,ADMM,1,304
0.4196428571428572,0.3918669382959178,ADMM,1,305
0.9098360655737705,0.7031415345860421,ADMM,1,306
0.639344262295082,0.4812043052309227,ADMM,1,307
0.38983050847457634,0.4479398133216728,ADMM,1,308
0.20192307692307687,0.16485284302706957,ADMM,1,309
0.16666666666666663,0.1918400355375397,ADMM,1,310
0.603448275862069,0.5033674495982247,ADMM,1,311
0.21052631578947367,0.26225795229794807,ADMM,1,312
0.42105263157894735,0.2488805582061886,ADMM,1,313
0.28301886792452824,0.2395613328842742,ADMM,1,314
0.3076923076923077,0.3058048225223667,ADMM,1,315
0.423728813559322,0.270503908417132,ADMM,1,316
0.2596153846153846,0.16884203958611446,ADMM,1,317
0.38983050847457634,0.35465017202721666,ADMM,1,318
0.2142857142857143,0.17189614207446363,ADMM,1,319
0.17272727272727273,0.15375914376265587,ADMM,1,320
0.160377358490566,0.2988669820523653,ADMM,1,321
0.3839285714285714,0.31770903486726443,ADMM,1,322
0.29166666666666674,0.23343995065181655,ADMM,1,323
0.21296296296296302,0.13696602731992574,ADMM,1,324
0.2192982456140351,0.21483563109589235,ADMM,1,325
0.1875,0.14642078740821024,ADMM,1,326
0.18103448275862066,0.1636059237176996,ADMM,1,327
0.2685185185185186,0.14130691699457978,ADMM,1,328
0.2844827586206897,0.24719447876842357,ADMM,1,329
0.1696428571428572,0.11759733579114251,ADMM,1,330
0.10344827586206895,0.09217271549404561,ADMM,1,331
0.38181818181818183,0.24392713439753014,ADMM,1,332
0.19491525423728817,0.1126366558539181,ADMM,1,333
0.11403508771929827,0.15388094698089047,ADMM,1,334
0.46226415094339623,0.4168282620442204,ADMM,1,335
0.2090909090909091,0.174964427536163,ADMM,1,336
0.38983050847457634,0.26158065410195563,ADMM,1,337
0.5,0.3267861575596112,ADMM,1,338
0.24193548387096775,0.1939737594871737,ADMM,1,339
0.3090909090909091,0.2151583216788302,ADMM,1,340
0.37735849056603776,0.20605850640508633,ADMM,1,341
0.15573770491803285,0.08041039535644609,ADMM,1,342
0.18181818181818188,0.11959049891092946,ADMM,1,343
0.6229508196721312,0.38978716926297746,ADMM,1,344
0.11864406779661019,0.11789322112946435,ADMM,1,345
0.19999999999999996,0.14000569276327593,ADMM,1,346
0.2592592592592593,0.20627714194120877,ADMM,1,347
0.32407407407407407,0.26379705463016706,ADMM,1,348
0.3220338983050848,0.2948069524731085,ADMM,1,349
0.4122807017543859,0.338009404417115,ADMM,1,350
0.17924528301886788,0.24218543746038232,ADMM,1,351
0.5877192982456141,0.5111039854916671,ADMM,1,352
0.4285714285714286,0.34151937428464385,ADMM,1,353
0.5803571428571429,0.5368078849065135,ADMM,1,354
0.3620689655172413,0.337207787342883,ADMM,1,355
0.42727272727272725,0.4467042121061107,ADMM,1,356
0.3508771929824561,0.3633829328305613,ADMM,1,357
0.41666666666666674,0.4650919337180736,ADMM,1,358
0.11290322580645162,0.1759929935502327,ADMM,1,359
0.19827586206896552,0.2664809492584594,ADMM,1,360
0.6833333333333333,0.5714094604586313,ADMM,1,361
0.16666666666666663,0.1784379796467809,ADMM,1,362
0.423728813559322,0.42010915270753124,ADMM,1,363
0.2068965517241379,0.22540279238381428,ADMM,1,364
0.26415094339622636,0.23145342824177895,ADMM,1,365
0.23275862068965514,0.33357870756835944,ADMM,1,366
0.5298507462686567,0.5084261373310011,ADMM,1,367
0.5084745762711864,0.430164305278627,ADMM,1,368
0.2704918032786885,0.3899708698521891,ADMM,1,369
0.11864406779661019,0.11972662705250767,ADMM,1,370
0.5865384615384616,0.491818976344641,ADMM,1,371
0.2542372881355932,0.28717526573082286,ADMM,1,372
0.31896551724137934,0.31696975939052346,ADMM,1,373
0.2338709677419355,0.3446994661455807,ADMM,1,374
0.13207547169811318,0.28957620253212446,ADMM,1,375
0.5701754385964912,0.5410530749206148,ADMM,1,376
0.4363636363636363,0.3833776781485273,ADMM,1,377
0.31034482758620685,0.3159192165949603,ADMM,1,378
0.21969696969696972,0.18470878029891455,ADMM,1,379
0.30833333333333335,0.3667975079816532,ADMM,1,380
0.10526315789473684,0.10633226618642654,ADMM,1,381
0.2321428571428572,0.23767307962690723,ADMM,1,382
0.7946428571428571,0.8148757485624284,ADMM,1,383
0.3359375,0.24509503152923873,ADMM,1,384
0.2857142857142857,0.3347148822655443,ADMM,1,385
0.46226415094339623,0.47178392139963227,ADMM,1,386
0.33606557377049184,0.5178121331817052,ADMM,1,387
0.36111111111111116,0.23894359122460437,ADMM,1,388
0.2966101694915254,0.25483643082395335,ADMM,1,389
0.5086206896551724,0.4584582356086598,ADMM,1,390
0.2033898305084746,0.39546304148078176,ADMM,1,391
0.2192982456140351,0.2716193890734702,ADMM,1,392
0.5803571428571429,0.653889649135008,ADMM,1,393
0.33333333333333326,0.38546731593688394,ADMM,1,394
0.2807017543859649,0.360370914288377,ADMM,1,395
0.3070175438596492,0.32687992700369345,ADMM,1,396
0.43965517241379315,0.5171224697920133,ADMM,1,397
0.4285714285714286,0.5551081044466661,ADMM,1,398
0.1785714285714286,0.22573526786039244,ADMM,1,399
0.287037037037037,0.34302706580916204,ADMM,1,400
0.23728813559322037,0.24739970089568525,ADMM,1,401
0.25,0.3800995147759919,ADMM,1,402
0.34905660377358494,0.40924379572486813,ADMM,1,403
0.3070175438596492,0.32262481428685524,ADMM,1,404
0.26363636363636367,0.39681942379795715,ADMM,1,405
0.2232142857142857,0.29021620380306096,ADMM,1,406
0.33018867924528306,0.41425866547726103,ADMM,1,407
0.27450980392156865,0.4500988510952519,ADMM,1,408
0.2627118644067796,0.3245871449901745,ADMM,1,409
0.26363636363636367,0.3703053325135404,ADMM,1,410
0.4636363636363636,0.49067923872006103,ADMM,1,411
0.43965517241379315,0.4020590458368371,ADMM,1,412
0.21551724137931028,0.2765912811364818,ADMM,1,413
0.3916666666666666,0.43305732329962965,ADMM,1,414
0.21666666666666667,0.34646097674639326,ADMM,1,415
0.39473684210526316,0.26239200617650843,ADMM,1,416
0.2857142857142857,0.41422258085925207,ADMM,1,417
0.26190476190476186,0.2991388283217165,ADMM,1,418
0.1964285714285714,0.29337276210543484,ADMM,1,419
0.31034482758620685,0.42325666008639656,ADMM,1,420
0.20370370370370372,0.2568795821085565,ADMM,1,421
0.13157894736842102,0.2926723597340607,ADMM,1,422
0.4385964912280702,0.5225076363203466,ADMM,1,423
0.5892857142857143,0.637228860090693,ADMM,1,424
0.27586206896551724,0.2570506689576626,ADMM,1,425
0.3793103448275862,0.38394504433565513,ADMM,1,426
0.23728813559322037,0.31404723943499213,ADMM,1,427
0.4537037037037037,0.505131795333355,ADMM,1,428
0.31034482758620685,0.3546382493378075,ADMM,1,429
0.2410714285714286,0.3555757580907909,ADMM,1,430
0.421875,0.4860374413590495,ADMM,1,431
0.5,0.4866779721991418,ADMM,1,432
0.3909090909090909,0.402189164283152,ADMM,1,433
0.3157894736842105,0.40328780192748664,ADMM,1,434
0.4568965517241379,0.4521977624278971,ADMM,1,435
0.21052631578947367,0.2535306426889223,ADMM,1,436
0.24137931034482762,0.33755210559040727,ADMM,1,437
0.12264150943396224,0.18024516416984443,ADMM,1,438
0.36363636363636365,0.39879528317036633,ADMM,1,439
0.3571428571428572,0.3268822083328037,ADMM,1,440
0.5703125,0.35344632150787975,ADMM,1,441
0.3416666666666667,0.39258448596286555,ADMM,1,442
0.22499999999999998,0.3003467759413369,ADMM,1,443
0.5982142857142857,0.4993311022777917,ADMM,1,444
0.39473684210526316,0.45749885638260557,ADMM,1,445
0.1454545454545455,0.18227858730691848,ADMM,1,446
0.2457627118644068,0.33962372733928264,ADMM,1,447
0.5,0.41567557579355136,ADMM,1,448
0.4426229508196722,0.38580770164085343,ADMM,1,449
0.07627118644067798,0.09726426545824896,ADMM,1,450
0.27192982456140347,0.2886813593140294,ADMM,1,451
0.1637931034482758,0.2555350807424335,ADMM,1,452
0.20370370370370372,0.1910290727337057,ADMM,1,453
0.3214285714285714,0.28791358055120964,ADMM,1,454
0.2232142857142857,0.32109460869480544,ADMM,1,455
0.3909090909090909,0.3454958284067085,ADMM,1,456
0.44166666666666665,0.47016732287175594,ADMM,1,457
0.23684210526315785,0.24070160224636636,ADMM,1,458
0.39830508474576276,0.4628347693799551,ADMM,1,459
0.3790322580645161,0.4475556916866475,ADMM,1,460
0.4811320754716981,0.5030436143717469,ADMM,1,461
0.14754098360655732,0.16621429184761355,ADMM,1,462
0.6363636363636364,0.538193025650287,ADMM,1,463
0.3771929824561404,0.28377601793147295,ADMM,1,464
0.4772727272727273,0.48171663066206105,ADMM,1,465
0.4482758620689655,0.3153878523167588,ADMM,1,466
0.2295081967213115,0.21594487558791484,ADMM,1,467
0.3412698412698413,0.3467821915051096,ADMM,1,468
0.4098360655737705,0.34123205686916297,ADMM,1,469
0.06896551724137934,0.12578370795399269,ADMM,1,470
0.10909090909090913,0.06737471534221902,ADMM,1,471
0.42105263157894735,0.30151351667834525,ADMM,1,472
0.09482758620689657,0.14945524005995045,ADMM,1,473
0.13559322033898302,0.1761261905676264,ADMM,1,474
0.31034482758620685,0.2314278788808264,ADMM,1,475
0.28181818181818175,0.2574571199197676,ADMM,1,476
0.19827586206896552,0.18478712246743909,ADMM,1,477
0.15573770491803285,0.15124270491147807,ADMM,1,478
0.2894736842105263,0.21144302953665542,ADMM,1,479
0.1842105263157895,0.09114818969066937,ADMM,1,480
0.1607142857142857,0.12564584915815083,ADMM,1,481
0.35344827586206895,0.28397606791538765,ADMM,1,482
0.2016129032258065,0.18360000550823677,ADMM,1,483
0.19999999999999996,0.09531426584833118,ADMM,1,484
0.27966101694915246,0.20821152823155062,ADMM,1,485
0.25,0.2464520912499827,ADMM,1,486
0.7105263157894737,0.6016168525026483,ADMM,1,487
0.36363636363636365,0.2705632883520954,ADMM,1,488
0.125,0.1312134236544381,ADMM,1,489
0.5,0.45090653057376645,ADMM,1,490
0.15454545454545454,0.19645585190112447,ADMM,1,491
0.07017543859649122,0.08412349629548714,ADMM,1,492
0.1484375,0.17857818970523312,ADMM,1,493
0.3813559322033898,0.29696108972786084,ADMM,1,494
0.2586206896551724,0.1339807063400575,ADMM,1,495
0.16666666666666663,0.1326306674447796,ADMM,1,496
0.525,0.3637702758871911,ADMM,1,497
0.26724137931034475,0.3091510122924229,ADMM,1,498
0.3660714285714286,0.46205175890647554,ADMM,1,499
0.2592592592592593,0.26708495858389253,ADMM,1,500
0.27586206896551724,0.2611325069742885,ADMM,1,501
0.296875,0.3421992763602221,ADMM,1,502
0.27586206896551724,0.38361854430356773,ADMM,1,503
0.3214285714285714,0.2904804997746497,ADMM,1,504
0.5789473684210527,0.4608267055748093,ADMM,1,505
0.4528301886792453,0.4026502489040852,ADMM,1,506
0.5423728813559322,0.521368579806329,ADMM,1,507
0.3214285714285714,0.3524382280366556,ADMM,1,508
0.5666666666666667,0.478364018030139,ADMM,1,509
0.3363636363636364,0.4711383410115279,ADMM,1,510
0.2058823529411764,0.37246046628170393,ADMM,1,511
0.543859649122807,0.5800914076889153,ADMM,1,512
0.2232142857142857,0.21816012220909736,ADMM,1,513
0.1454545454545455,0.2792443759904091,ADMM,1,514
0.27192982456140347,0.42646755716162466,ADMM,1,515
0.29824561403508776,0.37521356811725726,ADMM,1,516
0.3909090909090909,0.416272115543674,ADMM,1,517
0.19444444444444442,0.3110870479780777,ADMM,1,518
0.2068965517241379,0.3105616284718806,ADMM,1,519
0.435483870967742,0.4259593663831796,ADMM,1,520
0.32499999999999996,0.3013116445262879,ADMM,1,521
0.25,0.10887782206476754,ADMM,1,522
0.4482758620689655,0.36460919299715316,ADMM,1,523
0.5,0.4894491945658104,ADMM,1,524
0.3846153846153846,0.4663532925397138,ADMM,1,525
0.4107142857142857,0.4477765516452138,ADMM,1,526
0.6311475409836066,0.5482686656566768,ADMM,1,527
0.40909090909090917,0.4324261572452215,ADMM,1,528
0.2807017543859649,0.35600079812234,ADMM,1,529
0.15254237288135597,0.27859424201577676,ADMM,1,530
0.2314814814814815,0.34939978946569483,ADMM,1,531
0.2786885245901639,0.4283009522752957,ADMM,1,532
0.4916666666666667,0.629015696491099,ADMM,1,533
0.6349206349206349,0.6955865503947064,ADMM,1,534
0.6057692307692307,0.5956931847715937,ADMM,1,535
0.5714285714285714,0.5966174324449981,ADMM,1,536
0.3727272727272728,0.46176288028151785,ADMM,1,537
0.5789473684210527,0.6345715470401666,ADMM,1,538
0.20833333333333337,0.23764589009524828,ADMM,1,539
0.211864406779661,0.232065055753489,ADMM,1,540
0.2767857142857143,0.3860709255352619,ADMM,1,541
0.20175438596491224,0.21508483002480855,ADMM,1,542
0.18867924528301883,0.24936588858602846,ADMM,1,543
0.3392857142857143,0.36990224791713344,ADMM,1,544
0.35344827586206895,0.35307413555187067,ADMM,1,545
0.4035087719298245,0.4470127996180779,ADMM,1,546
0.3928571428571428,0.4844459643721649,ADMM,1,547
0.6296296296296297,0.4051853759285572,ADMM,1,548
0.29824561403508776,0.33171569987545263,ADMM,1,549
0.19047619047619047,0.21776697208467571,ADMM,1,550
0.4568965517241379,0.4137183420678732,ADMM,1,551
0.39655172413793105,0.32476522928609697,ADMM,1,552
0.39423076923076916,0.3747582615553267,ADMM,1,553
0.47115384615384615,0.3659191055495836,ADMM,1,554
0.19090909090909092,0.2471233670729141,ADMM,1,555
0.6754385964912281,0.6198322066226053,ADMM,1,556
0.5086206896551724,0.37597185754113993,ADMM,1,557
0.23728813559322037,0.23009393563898087,ADMM,1,558
0.4528301886792453,0.4424994946758818,ADMM,1,559
0.2627118644067796,0.2554407806147757,ADMM,1,560
0.13888888888888884,0.18277976755249933,ADMM,1,561
0.368421052631579,0.5025549156847389,ADMM,1,562
0.4568965517241379,0.44531009152558454,ADMM,1,563
0.22807017543859653,0.32297467311136524,ADMM,1,564
0.41666666666666674,0.5067005923741215,ADMM,1,565
0.3362068965517242,0.46961442951965676,ADMM,1,566
0.6578947368421053,0.5749316042375737,ADMM,1,567
0.5350877192982456,0.5409579978747268,ADMM,1,568
0.7543859649122807,0.7575848451425196,ADMM,1,569
0.4636363636363636,0.565341778759005,ADMM,1,570
0.631578947368421,0.6528798509345864,ADMM,1,571
0.30645161290322576,0.3433050016197261,ADMM,1,572
0.287037037037037,0.3432221355664497,ADMM,1,573
0.2592592592592593,0.3670594456126645,ADMM,1,574
0.26415094339622636,0.217847874003715,ADMM,1,575
0.18333333333333335,0.13897322977866963,ADMM,1,576
0.7166666666666667,0.6167893414925687,ADMM,1,577
0.5877192982456141,0.3970818670960626,ADMM,1,578
0.6181818181818182,0.6510006449044977,ADMM,1,579
0.5416666666666666,0.44724750033469046,ADMM,1,580
0.4181818181818182,0.4281192342586583,ADMM,1,581
0.6785714285714286,0.540475970782368,ADMM,1,582
0.3363636363636364,0.4158246884170531,ADMM,1,583
0.2333333333333334,0.373434865679236,ADMM,1,584
0.5901639344262295,0.4908939187424041,ADMM,1,585
0.39622641509433965,0.48083825087017357,ADMM,1,586
0.5847457627118644,0.5460576120746943,ADMM,1,587
0.09482758620689657,0.09005755379178779,ADMM,1,588
0.4298245614035088,0.4121064374073104,ADMM,1,589
0.3879310344827587,0.41144707204831626,ADMM,1,590
0.2053571428571428,0.2530322511730582,ADMM,1,591
0.3303571428571428,0.42212427473505476,ADMM,1,592
0.25,0.3561085895059202,ADMM,1,593
0.1875,0.2632707606295807,ADMM,1,594
0.825,0.780291209503464,ADMM,1,595
0.3879310344827587,0.34245580841709355,ADMM,1,596
0.5849056603773585,0.5288044036398017,ADMM,1,597
0.4152542372881356,0.5367283104477086,ADMM,1,598
0.2589285714285714,0.40940771902287815,ADMM,1,599
0.4918032786885246,0.39568811931215103,ADMM,1,600
0.6833333333333333,0.6436440430529611,ADMM,1,601
0.603448275862069,0.5522352837507604,ADMM,1,602
0.6363636363636364,0.6044905907030781,ADMM,1,603
0.34905660377358494,0.33719765755000897,ADMM,1,604
0.23728813559322037,0.2429967294636432,ADMM,1,605
0.21052631578947367,0.24648255063793545,ADMM,1,606
0.31896551724137934,0.29031217967147654,ADMM,1,607
0.2421875,0.208273334296412,ADMM,1,608
0.4722222222222222,0.39886761149928135,ADMM,1,609
0.38181818181818183,0.29479792376981984,ADMM,1,610
0.6339285714285714,0.5588027365994843,ADMM,1,611
0.4285714285714286,0.3398757923873021,ADMM,1,612
0.4035087719298245,0.3533347666628845,ADMM,1,613
0.5089285714285714,0.5200831491332829,ADMM,1,614
0.3113207547169812,0.27122240941767667,ADMM,1,615
0.17592592592592593,0.2316601648240409,ADMM,1,616
0.21818181818181814,0.264972754071096,ADMM,1,617
0.7545454545454545,0.7243159130618059,ADMM,1,618
0.5471698113207547,0.38527976784611945,ADMM,1,619
0.11206896551724133,0.11084162917897436,ADMM,1,620
0.6810344827586207,0.5991825955099764,ADMM,1,621
0.17924528301886788,0.20960176888849147,ADMM,1,622
0.09322033898305082,0.176365975718795,ADMM,1,623
0.3157894736842105,0.2998690169679899,ADMM,1,624
0.3660714285714286,0.324785613675784,ADMM,1,625
0.1885245901639344,0.27535447905009725,ADMM,1,626
0.5350877192982456,0.5815314694397804,ADMM,1,627
0.44999999999999996,0.38244997423136323,ADMM,1,628
0.31034482758620685,0.1767256856163426,ADMM,1,629
0.5423728813559322,0.5566177784289549,ADMM,1,630
0.46031746031746024,0.44812528231875853,ADMM,1,631
0.4035087719298245,0.4074241922396371,ADMM,1,632
0.6140350877192983,0.5659377200263377,ADMM,1,633
0.4642857142857143,0.45250439082960053,ADMM,1,634
0.2946428571428572,0.34595597619785023,ADMM,1,635
0.27966101694915246,0.37244110590061325,ADMM,1,636
0.37735849056603776,0.2948059590143848,ADMM,1,637
0.29166666666666674,0.3389267823760623,ADMM,1,638
0.2338709677419355,0.2938220616856839,ADMM,1,639
0.4818181818181818,0.3917535950448429,ADMM,1,640
0.4537037037037037,0.38270873935796695,ADMM,1,641
0.43103448275862066,0.37995325365198257,ADMM,1,642
0.3545454545454545,0.4252017561760597,ADMM,1,643
0.3727272727272728,0.5184902473331948,ADMM,1,644
0.3070175438596492,0.3729577912163674,ADMM,1,645
0.3090909090909091,0.3769291772074251,ADMM,1,646
0.5,0.5713719693858236,ADMM,1,647
0.34905660377358494,0.46730142258801577,ADMM,1,648
0.5,0.42991107251368155,ADMM,1,649
0.39814814814814814,0.36739089696111343,ADMM,1,650
0.17543859649122806,0.24885303487341107,ADMM,1,651
0.7982456140350878,0.6583497524006621,ADMM,1,652
0.47540983606557374,0.5121867568597919,ADMM,1,653
0.21311475409836067,0.2220205607704918,ADMM,1,654
0.3771929824561404,0.5388282538663989,ADMM,1,655
0.20967741935483875,0.3050083347898894,ADMM,1,656
0.2232142857142857,0.23794691012483213,ADMM,1,657
0.4655172413793103,0.4759083037667563,ADMM,1,658
0.34615384615384615,0.3245232942425674,ADMM,1,659
0.3728813559322034,0.3614851100298493,ADMM,1,660
0.4722222222222222,0.4843037856536836,ADMM,1,661
0.4051724137931034,0.4227896688169962,ADMM,1,662
0.49122807017543857,0.47420787045689883,ADMM,1,663
0.9224137931034483,0.8601527911708682,ADMM,1,664
0.2192982456140351,0.2746341050012546,ADMM,1,665
0.4083333333333333,0.4255100357993246,ADMM,1,666
0.17272727272727273,0.24824001936346243,ADMM,1,667
0.27118644067796605,0.34090180155684996,ADMM,1,668
0.24561403508771928,0.24830166322103964,ADMM,1,669
0.3909090909090909,0.40812162762136156,ADMM,1,670
0.2547169811320755,0.31315767229331515,ADMM,1,671
0.7142857142857143,0.6642944476110767,ADMM,1,672
0.6551724137931034,0.7136059753160309,ADMM,1,673
0.3278688524590163,0.3513907041806496,ADMM,1,674
0.5083333333333333,0.5558455509358636,ADMM,1,675
0.1785714285714286,0.22335172786321325,ADMM,1,676
0.22807017543859653,0.25420589960118056,ADMM,1,677
0.1923076923076923,0.28910963199176937,ADMM,1,678
0.631578947368421,0.5562206627424952,ADMM,1,679
0.8947368421052632,0.7716051936152705,ADMM,1,680
0.10169491525423724,0.07451384504408429,ADMM,1,681
0.4491525423728814,0.40646670110051164,ADMM,1,682
0.2090909090909091,0.20528522615299957,ADMM,1,683
0.1929824561403508,0.2776898882351325,ADMM,1,684
0.2844827586206897,0.23246309439111867,ADMM,1,685
0.31896551724137934,0.39023007523963205,ADMM,1,686
0.12037037037037035,0.21781153637592193,ADMM,1,687
0.525,0.5788501397859395,ADMM,1,688
0.35964912280701755,0.32334921409673173,ADMM,1,689
0.2983870967741935,0.391893759498297,ADMM,1,690
0.6166666666666667,0.5343231434452581,ADMM,1,691
0.5901639344262295,0.5259456478544715,ADMM,1,692
0.5350877192982456,0.5440864897255444,ADMM,1,693
0.36440677966101687,0.4450551788621787,ADMM,1,694
0.2807017543859649,0.2845398491893945,ADMM,1,695
0.22413793103448276,0.22601691461469123,ADMM,1,696
0.6,0.4871621891461695,ADMM,1,697
0.2777777777777778,0.17956208605135676,ADMM,1,698
0.6578947368421053,0.6660973402436547,ADMM,1,699
0.4363636363636363,0.4226626669401245,ADMM,1,700
0.39655172413793105,0.4790298126093762,ADMM,1,701
0.4067796610169492,0.40430397544216523,ADMM,1,702
0.2931034482758621,0.3983124947132332,ADMM,1,703
0.29166666666666674,0.41799110657171773,ADMM,1,704
0.3125,0.4000889312276788,ADMM,1,705
0.34259259259259256,0.40551237246633776,ADMM,1,706
0.4298245614035088,0.43207761189016336,ADMM,1,707
0.5727272727272728,0.547850784135232,ADMM,1,708
0.42307692307692313,0.4089749172892886,ADMM,1,709
0.10344827586206895,0.051436523851979644,ADMM,1,710
0.6428571428571429,0.592838796248455,ADMM,1,711
0.5416666666666666,0.6353019698046418,ADMM,1,712
0.2033898305084746,0.16605151445205896,ADMM,1,713
0.7203389830508474,0.622104324230049,ADMM,1,714
0.2767857142857143,0.35339930967996497,ADMM,1,715
0.2142857142857143,0.29506311636105914,ADMM,1,716
0.5357142857142857,0.6035123377528004,ADMM,1,717
0.2421875,0.36201995502457635,ADMM,1,718
0.4351851851851851,0.35127909420679,ADMM,1,719
0.31896551724137934,0.4113283490329069,ADMM,1,720
0.19999999999999996,0.2988680686305844,ADMM,1,721
0.1610169491525424,0.24124125708858885,ADMM,1,722
0.375,0.4348747311641278,ADMM,1,723
0.1428571428571428,0.181973983389284,ADMM,1,724
0.2946428571428572,0.29613206940002595,ADMM,1,725
0.10377358490566035,0.16494149258424576,ADMM,1,726
0.2946428571428572,0.3566150247140254,ADMM,1,727
0.2857142857142857,0.3843513658675357,ADMM,1,728
0.7719298245614035,0.6420669043973379,ADMM,1,729
0.7166666666666667,0.7167900178780376,ADMM,1,730
0.4137931034482758,0.3213715541340602,ADMM,1,731
0.46226415094339623,0.4605400410004848,ADMM,1,732
0.2410714285714286,0.2855224035391662,ADMM,1,733
0.2589285714285714,0.29513605923235237,ADMM,1,734
0.2807017543859649,0.3953941546136298,ADMM,1,735
0.44545454545454544,0.4327339831230037,ADMM,1,736
0.8706896551724138,0.7162017798184976,ADMM,1,737
0.018181818181818188,0.08285371341700073,ADMM,1,738
0.5701754385964912,0.5459237376933483,ADMM,1,739
0.2407407407407407,0.23173385055249585,ADMM,1,740
0.20370370370370372,0.21180798239174256,ADMM,1,741
0.3545454545454545,0.35902087936970695,ADMM,1,742
0.2547169811320755,0.3745384515596953,ADMM,1,743
0.13636363636363635,0.2730544855277873,ADMM,1,744
0.4913793103448276,0.5829754513775571,ADMM,1,745
0.24561403508771928,0.39621128697681374,ADMM,1,746
0.603448275862069,0.5652749854176135,ADMM,1,747
0.5526315789473685,0.4717452600096489,ADMM,1,748
0.38888888888888884,0.3541712669100795,ADMM,1,749
0.35964912280701755,0.4592043806320306,ADMM,1,750
0.3545454545454545,0.3076236562015477,ADMM,1,751
0.5272727272727272,0.6173524612097522,ADMM,1,752
0.4907407407407407,0.46264567206802953,ADMM,1,753
0.4351851851851851,0.5354243520699321,ADMM,1,754
0.5789473684210527,0.6030353965394449,ADMM,1,755
0.35964912280701755,0.46758590629397684,ADMM,1,756
0.16666666666666663,0.29502733405000814,ADMM,1,757
0.2857142857142857,0.28912558554463086,ADMM,1,758
0.5576923076923077,0.6194686134918096,ADMM,1,759
0.6403508771929824,0.6537127933790872,ADMM,1,760
0.3363636363636364,0.38504001250440245,ADMM,1,761
0.6160714285714286,0.5893555357254824,ADMM,1,762
0.5446428571428571,0.6351071858051606,ADMM,1,763
0.27966101694915246,0.32887839719167217,ADMM,1,764
0.3306451612903225,0.2953265841471313,ADMM,1,765
0.18867924528301883,0.24204758774032392,ADMM,1,766
0.4375,0.44809121764893883,ADMM,1,767
0.509090909090909,0.4276018116372878,ADMM,1,768
0.3771929824561404,0.5146836139771517,ADMM,1,769
0.43103448275862066,0.48916187741548955,ADMM,1,770
0.4056603773584906,0.530717600348049,ADMM,1,771
0.5267857142857143,0.6041627547983582,ADMM,1,772
0.25,0.17988062237818242,ADMM,1,773
0.4818181818181818,0.41401532584393896,ADMM,1,774
0.6759259259259259,0.5838819063068194,ADMM,1,775
0.287037037037037,0.3903850777181247,ADMM,1,776
0.09523809523809523,0.10471724636037619,ADMM,1,777
0.4224137931034483,0.4412688402971321,ADMM,1,778
0.2909090909090909,0.25358834567088945,ADMM,1,779
0.27192982456140347,0.36858327619055936,ADMM,1,780
0.3771929824561404,0.4412893643207317,ADMM,1,781
0.5094339622641509,0.48655443967490225,ADMM,1,782
0.3545454545454545,0.4796140147155652,ADMM,1,783
0.13492063492063489,0.21192251543877946,ADMM,1,784
0.55,0.5608829766914936,ADMM,1,785
0.45614035087719296,0.5122775535451136,ADMM,1,786
0.2410714285714286,0.25425853765918566,ADMM,1,787
0.288135593220339,0.44090775166423063,ADMM,1,788
0.35344827586206895,0.5084153531330597,ADMM,1,789
0.5614035087719298,0.579880883392523,ADMM,1,790
0.1428571428571428,0.09128528298396962,ADMM,1,791
0.3214285714285714,0.3116668829145915,ADMM,1,792
0.2314814814814815,0.23296659500131678,ADMM,1,793
0.4553571428571428,0.2899664981638406,ADMM,1,794
0.3017241379310345,0.41024718866616433,ADMM,1,795
0.4716981132075472,0.395083554515889,ADMM,1,796
0.49122807017543857,0.5287469449095492,ADMM,1,797
0.4,0.47256229961844043,ADMM,1,798
0.18867924528301883,0.29284404159305566,ADMM,1,799
0.3070175438596492,0.5123426192923316,ADMM,1,800
0.38983050847457634,0.5334337116227288,ADMM,1,801
0.4553571428571428,0.4916367672837474,ADMM,1,802
0.2416666666666667,0.16292451054031676,ADMM,1,803
0.6186440677966102,0.6065411372104654,ADMM,1,804
0.26724137931034475,0.3397438081803296,ADMM,1,805
0.17592592592592593,0.244079940906298,ADMM,1,806
0.1637931034482758,0.23618876174771739,ADMM,1,807
0.22881355932203395,0.22165812381357033,ADMM,1,808
0.1311475409836066,0.23550243872438775,ADMM,1,809
0.1271186440677966,0.15823961680385848,ADMM,1,810
0.185483870967742,0.19724775511133452,ADMM,1,811
0.8909090909090909,0.7258494569572823,ADMM,1,812
0.5175438596491229,0.42367532420562426,ADMM,1,813
0.09090909090909094,0.14956560712101888,ADMM,1,814
0.17272727272727273,0.22962568708018027,ADMM,1,815
0.6,0.6404214298589883,ADMM,1,816
0.16666666666666663,0.18165791534609899,ADMM,1,817
0.7807017543859649,0.5953806605469912,ADMM,1,818
0.2627118644067796,0.4592963557867398,ADMM,1,819
0.2589285714285714,0.24382611797098785,ADMM,1,820
0.2962962962962963,0.31785702881726247,ADMM,1,821
0.18103448275862066,0.169745389266393,ADMM,1,822
0.11864406779661019,0.24346272594183102,ADMM,1,823
0.6428571428571429,0.5276457566963902,ADMM,1,824
0.2033898305084746,0.1967345117480951,ADMM,1,825
0.11403508771929827,0.2029167802698891,ADMM,1,826
0.3660714285714286,0.3359832330296856,ADMM,1,827
0.2661290322580645,0.39909763318925323,ADMM,1,828
0.27966101694915246,0.41846541405063936,ADMM,1,829
0.3055555555555556,0.40664978933349155,ADMM,1,830
0.3090909090909091,0.40833443138694475,ADMM,1,831
0.29807692307692313,0.4109512166475931,ADMM,1,832
0.15833333333333333,0.25716107870769883,ADMM,1,833
0.3017241379310345,0.3635517388995208,ADMM,1,834
0.3870967741935484,0.3596489450966757,ADMM,1,835
0.23584905660377364,0.29061767290285445,ADMM,1,836
0.2457627118644068,0.3175259963880274,ADMM,1,837
0.41666666666666674,0.47905971160193467,ADMM,1,838
0.4017857142857143,0.5123852713883548,ADMM,1,839
0.047169811320754707,0.06714235971563269,ADMM,1,840
0.27118644067796605,0.19235543963608148,ADMM,1,841
0.2767857142857143,0.29544586274607587,ADMM,1,842
0.3125,0.3936372012247545,ADMM,1,843
0.6271186440677966,0.48445323686427366,ADMM,1,844
0.5714285714285714,0.5280746601649252,ADMM,1,845
0.75,0.6047638280417983,ADMM,1,846
0.3018867924528301,0.4195777418625413,ADMM,1,847
0.2407407407407407,0.291533621240324,ADMM,1,848
0.21818181818181814,0.2540400360949496,ADMM,1,849
0.5,0.5091572247843918,ADMM,1,850
0.25,0.3262808062252197,ADMM,1,851
0.17500000000000004,0.23434917372136493,ADMM,1,852
0.1694915254237288,0.2659667132724018,ADMM,1,853
0.20370370370370372,0.32064486077345156,ADMM,1,854
0.25,0.3291037458087438,ADMM,1,855
0.1578947368421053,0.27701426144542374,ADMM,1,856
0.23684210526315785,0.2125445895227154,ADMM,1,857
0.20175438596491224,0.3196568607862411,ADMM,1,858
0.6578947368421053,0.627470399915847,ADMM,1,859
0.29166666666666674,0.3240951775419943,ADMM,1,860
0.2068965517241379,0.25567960269043233,ADMM,1,861
0.30952380952380953,0.28939655646356754,ADMM,1,862
0.6339285714285714,0.6453583482600462,ADMM,1,863
0.3482142857142857,0.2967397398792021,ADMM,1,864
0.4056603773584906,0.5009490939010295,ADMM,1,865
0.6090909090909091,0.6260145985535789,ADMM,1,866
0.23770491803278682,0.3065999191931679,ADMM,1,867
0.5283018867924528,0.5579435634923726,ADMM,1,868
0.12068965517241381,0.2833683311885363,ADMM,1,869
0.13157894736842102,0.2031797175164489,ADMM,1,870
0.4375,0.42239046264154456,ADMM,1,871
0.13559322033898302,0.13898538853752998,ADMM,1,872
0.19999999999999996,0.28260411390784523,ADMM,1,873
0.25,0.31991904557540357,ADMM,1,874
0.6666666666666666,0.5487731038286553,ADMM,1,875
0.631578947368421,0.5451773300781538,ADMM,1,876
0.39814814814814814,0.3349450268816382,ADMM,1,877
0.3833333333333333,0.4396247129314733,ADMM,1,878
0.5175438596491229,0.41895093623349877,ADMM,1,879
0.5178571428571429,0.5488851112265813,ADMM,1,880
0.3035714285714286,0.3842087673283822,ADMM,1,881
0.6272727272727273,0.6497588996048336,ADMM,1,882
0.4339622641509434,0.5247615730621659,ADMM,1,883
0.34745762711864403,0.33142110045545925,ADMM,1,884
0.05833333333333335,0.09676709896583056,ADMM,1,885
0.4298245614035088,0.37801460507013257,ADMM,1,886
0.5333333333333333,0.5824590955693758,ADMM,1,887
0.2222222222222222,0.3238461665530347,ADMM,1,888
0.75,0.7047114451890957,ADMM,1,889
0.5241935483870968,0.47893321975882563,ADMM,1,890
0.3571428571428572,0.5053446734409051,ADMM,1,891
0.6636363636363637,0.6419864927365033,ADMM,1,892
0.2192982456140351,0.2784779268362634,ADMM,1,893
0.4224137931034483,0.46125601246105,ADMM,1,894
0.4051724137931034,0.3587310298989672,ADMM,1,895
0.2946428571428572,0.31369478238457893,ADMM,1,896
0.44067796610169485,0.3909514921681078,ADMM,1,897
0.4814814814814814,0.37024167074616526,ADMM,1,898
0.3400000000000001,0.45406628076687616,ADMM,1,899
0.7946428571428571,0.5058755730529226,ADMM,1,900
0.6851851851851852,0.5985138731565185,ADMM,1,901
0.4017857142857143,0.4512922254398335,ADMM,1,902
0.8771929824561403,0.803202665371374,ADMM,1,903
0.49056603773584906,0.46409287336281246,ADMM,1,904
0.2272727272727273,0.3231571638788422,ADMM,1,905
0.10169491525423724,0.11223210319619689,ADMM,1,906
0.44736842105263164,0.45508654147188693,ADMM,1,907
0.3125,0.3749255977824448,ADMM,1,908
0.24545454545454548,0.240656087866801,ADMM,1,909
0.4913793103448276,0.6063693403794769,ADMM,1,910
0.4326923076923077,0.6373571818834176,ADMM,1,911
0.3620689655172413,0.6351265925034524,ADMM,1,912
0.6982758620689655,0.5727650785554755,ADMM,1,913
0.28181818181818175,0.2709784819019318,ADMM,1,914
0.8389830508474576,0.7022254656334647,ADMM,1,915
0.6454545454545455,0.4743182913041488,ADMM,1,916
0.2666666666666666,0.37926798029020226,ADMM,1,917
0.576271186440678,0.5196393423619612,ADMM,1,918
0.26363636363636367,0.30453481922662035,ADMM,1,919
0.5982142857142857,0.5813901950918582,ADMM,1,920
0.33333333333333326,0.415807430239415,ADMM,1,921
0.19090909090909092,0.3624284546873649,ADMM,1,922
0.2777777777777778,0.470346214860466,ADMM,1,923
0.543859649122807,0.5257431490456417,ADMM,1,924
0.625,0.5745231325000887,ADMM,1,925
0.08490566037735847,0.09008528581269802,ADMM,1,926
0.3392857142857143,0.30845115938361745,ADMM,1,927
0.3035714285714286,0.332558448786893,ADMM,1,928
0.26415094339622636,0.22239774631114786,ADMM,1,929
0.36363636363636365,0.4364192649716694,ADMM,1,930
0.30327868852459017,0.41111958940900833,ADMM,1,931
0.31034482758620685,0.5307796737309946,ADMM,1,932
0.7068965517241379,0.7331971586992178,ADMM,1,933
0.30327868852459017,0.32286749164662293,ADMM,1,934
0.34375,0.38141895187650765,ADMM,1,935
0.4814814814814814,0.5844710989516886,ADMM,1,936
0.41666666666666674,0.41097478981033797,ADMM,1,937
0.3421052631578947,0.3435404167348442,ADMM,1,938
0.3706896551724138,0.46346301628621367,ADMM,1,939
0.1339285714285714,0.23989034557156727,ADMM,1,940
0.20175438596491224,0.2933292405899634,ADMM,1,941
0.3362068965517242,0.3795044270428779,ADMM,1,942
0.4655172413793103,0.363566864880462,ADMM,1,943
0.4576271186440678,0.5068088862803843,ADMM,1,944
0.11864406779661019,0.14812534040749076,ADMM,1,945
0.35185185185185186,0.45714402200592646,ADMM,1,946
0.32407407407407407,0.31212780096794934,ADMM,1,947
0.3660714285714286,0.3740624279676403,ADMM,1,948
0.2295081967213115,0.2477286663508033,ADMM,1,949
0.35,0.3426474489971956,ADMM,1,950
0.19444444444444442,0.2720030771092456,ADMM,1,951
0.3666666666666667,0.41000506311232776,ADMM,1,952
0.4516129032258065,0.4379873248949028,ADMM,1,953
0.5272727272727272,0.525871152611698,ADMM,1,954
0.39655172413793105,0.5162891353940443,ADMM,1,955
0.41129032258064524,0.4858280551033284,ADMM,1,956
0.373015873015873,0.4275056489752374,ADMM,1,957
0.33333333333333326,0.3047875940395459,ADMM,1,958
0.23636363636363633,0.3517788465059918,ADMM,1,959
0.4649122807017544,0.4598058796742966,ADMM,1,960
0.3303571428571428,0.38640803275548224,ADMM,1,961
0.1339285714285714,0.2718346897444104,ADMM,1,962
0.0982142857142857,0.10429629316586252,ADMM,1,963
0.31666666666666665,0.4191756574243504,ADMM,1,964
0.3833333333333333,0.4706095149422149,ADMM,1,965
0.6416666666666667,0.48123464551941725,ADMM,1,966
0.509090909090909,0.46420049272652325,ADMM,1,967
0.3928571428571428,0.42770287622476494,ADMM,1,968
0.1694915254237288,0.17979153455022517,ADMM,1,969
0.4196428571428572,0.3536189273502469,ADMM,1,970
0.45238095238095233,0.37892573342570846,ADMM,1,971
0.5,0.41593482030275314,ADMM,1,972
0.38983050847457634,0.3696868087856235,ADMM,1,973
0.19444444444444442,0.31356966694509636,ADMM,1,974
0.509090909090909,0.612159647991396,ADMM,1,975
0.25,0.28107857053498786,ADMM,1,976
0.6754385964912281,0.5217188581695776,ADMM,1,977
0.8245614035087719,0.7892328051823753,ADMM,1,978
0.3571428571428572,0.33249631371492644,ADMM,1,979
0.032786885245901676,0.07726319726951056,ADMM,1,980
0.33333333333333326,0.43775084027358574,ADMM,1,981
0.21052631578947367,0.22458643931513492,ADMM,1,982
0.18181818181818188,0.2124920987386863,ADMM,1,983
0.28181818181818175,0.37286852037262047,ADMM,1,984
0.4642857142857143,0.38987753949523685,ADMM,1,985
0.4528301886792453,0.4938524695077357,ADMM,1,986
0.675,0.6391440636909226,ADMM,1,987
0.2333333333333334,0.33001688995525763,ADMM,1,988
0.7796610169491526,0.6126726577865589,ADMM,1,989
0.8559322033898306,0.7095374789453622,ADMM,1,990
0.5338983050847458,0.6041425740193097,ADMM,1,991
0.3392857142857143,0.350404633122441,ADMM,1,992
0.5689655172413793,0.6037991119919452,ADMM,1,993
0.7678571428571429,0.6409716466563873,ADMM,1,994
0.1454545454545455,0.24831702917747311,ADMM,1,995
0.10377358490566035,0.13262825171399162,ADMM,1,996
0.2583333333333333,0.30231810601309467,ADMM,1,997
0.31034482758620685,0.304440082186289,ADMM,1,998
0.19090909090909092,0.19962069730344104,ADMM,1,999
0.3157894736842105,0.4989033104309171,ADMM,1,1000
0.5089285714285714,0.5190250360522319,ADMM,1,1001
0.6492537313432836,0.648559946268666,ADMM,1,1002
0.5350877192982456,0.6650712174893115,ADMM,1,1003
0.17500000000000004,0.16811099884716976,ADMM,1,1004
0.5416666666666666,0.5876741571850622,ADMM,1,1005
0.5677966101694916,0.5132486937027233,ADMM,1,1006
0.24545454545454548,0.34270763512603625,ADMM,1,1007
0.6228070175438597,0.6267070900349091,ADMM,1,1008
0.2321428571428572,0.27085094563347883,ADMM,1,1009
0.2410714285714286,0.2968275027471038,ADMM,1,1010
0.3125,0.46690089353385583,ADMM,1,1011
0.3125,0.3486544517405779,ADMM,1,1012
0.7844827586206896,0.7229664633976757,ADMM,1,1013
0.2924528301886793,0.34100191417475656,ADMM,1,1014
0.3770491803278688,0.4510428673054447,ADMM,1,1015
0.4913793103448276,0.46772379896685895,ADMM,1,1016
0.1272727272727272,0.22984979505998632,ADMM,1,1017
0.1785714285714286,0.36034913186693307,ADMM,1,1018
0.5681818181818182,0.5501231454400293,ADMM,1,1019
0.2627118644067796,0.3227474528696851,ADMM,1,1020
0.23684210526315785,0.2705292195052492,ADMM,1,1021
0.27586206896551724,0.32892012674426446,ADMM,1,1022
0.4285714285714286,0.434988613763661,ADMM,1,1023
0.19047619047619047,0.20585121858720967,ADMM,1,1024
0.13559322033898302,0.1732032298987786,ADMM,1,1025
0.4017857142857143,0.40194686969979554,ADMM,1,1026
0.6818181818181818,0.5111783919260252,ADMM,1,1027
0.211864406779661,0.2794751795448723,ADMM,1,1028
0.35593220338983045,0.5072681524882853,ADMM,1,1029
0.3909090909090909,0.48689251968732944,ADMM,1,1030
0.47457627118644075,0.4661629006512234,ADMM,1,1031
0.5714285714285714,0.6275583015487548,ADMM,1,1032
0.3305084745762712,0.3414272282902183,ADMM,1,1033
0.8,0.7745031933056161,ADMM,1,1034
0.5166666666666667,0.5095381693903855,ADMM,1,1035
0.20833333333333337,0.2948019288396909,ADMM,1,1036
0.44545454545454544,0.36854394090400533,ADMM,1,1037
0.04166666666666663,0.06202466899548236,ADMM,1,1038
0.39655172413793105,0.41973428762901,ADMM,1,1039
0.23076923076923084,0.3140579814278381,ADMM,1,1040
0.20370370370370372,0.17785275590091276,ADMM,1,1041
0.30833333333333335,0.42113404398594184,ADMM,1,1042
0.44999999999999996,0.4205181713268394,ADMM,1,1043
0.38596491228070173,0.5263083780761587,ADMM,1,1044
0.6181818181818182,0.642760830030539,ADMM,1,1045
0.25,0.2752067020716802,ADMM,1,1046
0.4083333333333333,0.3633918184974126,ADMM,1,1047
0.9210526315789473,0.6725707996669559,ADMM,1,1048
0.635593220338983,0.4591778903037678,ADMM,1,1049
0.06896551724137934,0.15530770232072036,ADMM,1,1050
0.21818181818181814,0.2564441701224173,ADMM,1,1051
0.22499999999999998,0.2459050961571769,ADMM,1,1052
0.45192307692307687,0.39108024436099725,ADMM,1,1053
0.3879310344827587,0.3038378160281695,ADMM,1,1054
0.5172413793103449,0.4750813210907535,ADMM,1,1055
0.19090909090909092,0.31384256527941873,ADMM,1,1056
0.4107142857142857,0.4832396855546017,ADMM,1,1057
0.27192982456140347,0.3311850272190879,ADMM,1,1058
0.35593220338983045,0.27691398559177405,ADMM,1,1059
0.37037037037037035,0.3595134181142691,ADMM,1,1060
0.3571428571428572,0.42327131809379254,ADMM,1,1061
0.08771929824561409,0.15806217812858178,ADMM,1,1062
0.26363636363636367,0.39372000366787485,ADMM,1,1063
0.2857142857142857,0.47163729778338426,ADMM,1,1064
0.06557377049180324,0.101404011642415,ADMM,1,1065
0.17213114754098358,0.14199921141964367,ADMM,1,1066
0.04629629629629628,0.07736506284294335,ADMM,1,1067
0.010000000000000009,0.1084393067180071,ADMM,1,1068
0.21551724137931028,0.17968607753587323,ADMM,1,1069
0.0892857142857143,0.12780428286687215,ADMM,1,1070
0.07627118644067798,0.1148457018112125,ADMM,1,1071
0.14754098360655732,0.1467772609095815,ADMM,1,1072
0.3524590163934427,0.3979198808174012,ADMM,1,1073
0.1696428571428572,0.16460285403271022,ADMM,1,1074
0.6759259259259259,0.587813254058579,ADMM,1,1075
0.35185185185185186,0.3143177101305886,ADMM,1,1076
0.21052631578947367,0.21375253538378894,ADMM,1,1077
0.40740740740740744,0.37066550693575717,ADMM,1,1078
0.5089285714285714,0.4791690703089777,ADMM,1,1079
0.3275862068965517,0.36091656747431505,ADMM,1,1080
0.33333333333333326,0.34051024233213356,ADMM,1,1081
0.5350877192982456,0.51769018362594,ADMM,1,1082
0.2321428571428572,0.4065629316233626,ADMM,1,1083
0.7131147540983607,0.6240717665049155,ADMM,1,1084
0.2583333333333333,0.27287013170744767,ADMM,1,1085
0.2232142857142857,0.19072690134015605,ADMM,1,1086
0.3679245283018868,0.37714720989038836,ADMM,1,1087
0.5,0.4835493366130872,ADMM,1,1088
0.2767857142857143,0.2426111785740297,ADMM,1,1089
0.22499999999999998,0.2025843057146503,ADMM,1,1090
0.1071428571428571,0.14386908358850448,ADMM,1,1091
0.3771929824561404,0.3204127030246685,ADMM,1,1092
0.5,0.46214576127161316,ADMM,1,1093
0.1517857142857143,0.17303773371645037,ADMM,1,1094
0.2685185185185186,0.1643405266361395,ADMM,1,1095
0.22413793103448276,0.3134362751050574,ADMM,1,1096
0.2407407407407407,0.2483137797372379,ADMM,1,1097
0.32692307692307687,0.2914993305837507,ADMM,1,1098
0.2931034482758621,0.27617565325683274,ADMM,1,1099
0.5847457627118644,0.5862072712027284,ADMM,1,1100
0.4,0.483108094936948,ADMM,1,1101
0.2807017543859649,0.49032562724861595,ADMM,1,1102
0.3157894736842105,0.27263847084496884,ADMM,1,1103
0.2894736842105263,0.39840699195750906,ADMM,1,1104
0.3275862068965517,0.3627955902552666,ADMM,1,1105
0.3706896551724138,0.37248904650649817,ADMM,1,1106
0.2586206896551724,0.3835782281885715,ADMM,1,1107
0.24545454545454548,0.4103142541513628,ADMM,1,1108
0.49056603773584906,0.43844029712935884,ADMM,1,1109
0.3706896551724138,0.37599385116307227,ADMM,1,1110
0.5089285714285714,0.47334893885668317,ADMM,1,1111
0.5267857142857143,0.4389862278036027,ADMM,1,1112
0.4385964912280702,0.5248236674457792,ADMM,1,1113
0.13709677419354838,0.2421084789146473,ADMM,1,1114
0.43442622950819665,0.4816316108302312,ADMM,1,1115
0.3482142857142857,0.3769350332762995,ADMM,1,1116
0.16393442622950816,0.2413763984562022,ADMM,1,1117
0.2966101694915254,0.2362739567919512,ADMM,1,1118
0.532258064516129,0.580927544242839,ADMM,1,1119
0.631578947368421,0.7098523248049075,ADMM,1,1120
0.3181818181818181,0.38352388590888303,ADMM,1,1121
0.27692307692307694,0.2665019083327772,ADMM,1,1122
0.3125,0.2905139950809535,ADMM,1,1123
0.4482758620689655,0.37012711650364255,ADMM,1,1124
0.4385964912280702,0.5243397462823192,ADMM,1,1125
0.2068965517241379,0.23110325378473492,ADMM,1,1126
0.7545454545454545,0.5333407028761604,ADMM,1,1127
0.1692307692307693,0.14594206748372895,ADMM,2,0
0.8507462686567164,0.7295022106043825,ADMM,2,1
0.24626865671641784,0.12439144798218703,ADMM,2,2
0.1691176470588236,0.16269172245067953,ADMM,2,3
0.09848484848484851,0.1168303683887761,ADMM,2,4
0.040983606557377095,0.05764491072639056,ADMM,2,5
0.543859649122807,0.46502687808412657,ADMM,2,6
0.25,0.3045854000939104,ADMM,2,7
0.3305084745762712,0.2909928211168947,ADMM,2,8
0.3671875,0.2479554434656538,ADMM,2,9
0.8484848484848485,0.7057084347313635,ADMM,2,10
0.2033898305084746,0.218522993283449,ADMM,2,11
0.5970149253731343,0.47132019442612766,ADMM,2,12
0.1311475409836066,0.15468280329932732,ADMM,2,13
0.48461538461538467,0.44463086745707125,ADMM,2,14
0.3046875,0.2749418228565919,ADMM,2,15
0.140625,0.11344587669990548,ADMM,2,16
0.26190476190476186,0.180392548126806,ADMM,2,17
0.24590163934426235,0.24465340082980117,ADMM,2,18
0.11904761904761907,0.1306283596533416,ADMM,2,19
0.07627118644067798,0.06924889168292946,ADMM,2,20
0.38983050847457634,0.3102276567366915,ADMM,2,21
0.05084745762711862,0.06286736127863861,ADMM,2,22
0.17796610169491522,0.10433837999239434,ADMM,2,23
0.16393442622950816,0.17019399532211849,ADMM,2,24
0.0757575757575758,0.1451795437850281,ADMM,2,25
0.08870967741935487,0.08499405783433643,ADMM,2,26
0.1428571428571428,0.09648596603858543,ADMM,2,27
0.17796610169491522,0.17762401909217337,ADMM,2,28
0.11538461538461542,0.08774674820536563,ADMM,2,29
0.08196721311475408,0.08458496200915976,ADMM,2,30
0.1724137931034483,0.18374714759993843,ADMM,2,31
0.14655172413793105,0.1792874557534278,ADMM,2,32
0.056451612903225756,0.10275168826260768,ADMM,2,33
0.0793650793650793,0.1031017203011921,ADMM,2,34
0.3571428571428572,0.26980701699412263,ADMM,2,35
0.4076923076923077,0.35358083359921627,ADMM,2,36
0.16363636363636358,0.13430866536282032,ADMM,2,37
0.12068965517241381,0.1252795740523307,ADMM,2,38
0.19166666666666665,0.16489686145550952,ADMM,2,39
0.11111111111111116,0.09600531156913462,ADMM,2,40
0.08771929824561409,0.051734377627499634,ADMM,2,41
0.08208955223880599,0.08412356827128264,ADMM,2,42
0.265625,0.2632220506120451,ADMM,2,43
0.17460317460317465,0.12711925426819623,ADMM,2,44
0.15000000000000002,0.16069163304429107,ADMM,2,45
0.23809523809523814,0.23233943581667105,ADMM,2,46
0.3181818181818181,0.2542773271464953,ADMM,2,47
0.9761904761904762,0.8564291705084286,ADMM,2,48
0.10185185185185186,0.1170749172946491,ADMM,2,49
0.19444444444444442,0.16024015137862874,ADMM,2,50
0.11016949152542377,0.12743016854387063,ADMM,2,51
0.3070175438596492,0.3165910090548585,ADMM,2,52
0.10526315789473684,0.11511471481684167,ADMM,2,53
0.12878787878787878,0.2007650169040796,ADMM,2,54
0.0636363636363636,0.17707548197996362,ADMM,2,55
0.14754098360655732,0.17168611974235654,ADMM,2,56
0.5172413793103449,0.3847280870966052,ADMM,2,57
0.0803571428571429,0.12277542004631584,ADMM,2,58
0.16666666666666663,0.1418104898099047,ADMM,2,59
0.10833333333333339,0.11891644289699409,ADMM,2,60
0.05555555555555558,0.13810089776662277,ADMM,2,61
0.20491803278688525,0.21165590777606302,ADMM,2,62
0.045454545454545414,0.0971595720856982,ADMM,2,63
0.211864406779661,0.12631050190291715,ADMM,2,64
0.3015873015873016,0.26203343941094887,ADMM,2,65
0.2053571428571428,0.144900641287439,ADMM,2,66
0.42105263157894735,0.36570800543377807,ADMM,2,67
0.12280701754385959,0.12517027006450707,ADMM,2,68
0.3090909090909091,0.2734231442883812,ADMM,2,69
0.05833333333333335,0.09832608536854504,ADMM,2,70
0.1272727272727272,0.14059256399028444,ADMM,2,71
0.19354838709677424,0.16893013951250796,ADMM,2,72
0.07499999999999996,0.1010986586509035,ADMM,2,73
0.06779661016949157,0.10492416788074924,ADMM,2,74
0.07627118644067798,0.07635820871602703,ADMM,2,75
0.1637931034482758,0.1257809770085173,ADMM,2,76
0.17272727272727273,0.1871461058156591,ADMM,2,77
0.06034482758620685,0.06708868995124813,ADMM,2,78
0.15000000000000002,0.16081705015220643,ADMM,2,79
0.435483870967742,0.35555443103467177,ADMM,2,80
0.5526315789473685,0.3906709833585375,ADMM,2,81
0.06666666666666665,0.049705776024575515,ADMM,2,82
0.08196721311475408,0.16521242857889398,ADMM,2,83
0.2589285714285714,0.329886924022754,ADMM,2,84
0.1272727272727272,0.07429158075483784,ADMM,2,85
0.15322580645161288,0.15333052018427892,ADMM,2,86
0.13559322033898302,0.1485515346991598,ADMM,2,87
0.07547169811320753,0.10503462665856564,ADMM,2,88
0.07894736842105265,0.0895508852703441,ADMM,2,89
0.05737704918032782,0.05261098965377161,ADMM,2,90
0.07499999999999996,0.10766116488592267,ADMM,2,91
0.10909090909090913,0.1317867491414308,ADMM,2,92
0.3363636363636364,0.23187291218451334,ADMM,2,93
0.11016949152542377,0.15963955255982032,ADMM,2,94
0.1484375,0.12783253940824718,ADMM,2,95
0.09677419354838712,0.07640695556035855,ADMM,2,96
0.5338983050847458,0.5165471569290307,ADMM,2,97
0.35964912280701755,0.3757275930376343,ADMM,2,98
0.16666666666666663,0.13165474159408222,ADMM,2,99
0.08771929824561409,0.12788481343872676,ADMM,2,100
0.7583333333333333,0.6235273428176558,ADMM,2,101
0.10833333333333339,0.07075639761666093,ADMM,2,102
0.47413793103448276,0.37712045749620765,ADMM,2,103
0.15254237288135597,0.11215087274196996,ADMM,2,104
0.3508771929824561,0.4655148321120873,ADMM,2,105
0.23684210526315785,0.2684778522294228,ADMM,2,106
0.14406779661016955,0.14755218238746726,ADMM,2,107
0.2192982456140351,0.138289233098838,ADMM,2,108
0.1929824561403508,0.1864475963604701,ADMM,2,109
0.1160714285714286,0.08462408048105897,ADMM,2,110
0.1271186440677966,0.07913474109881369,ADMM,2,111
0.24561403508771928,0.20508686466201068,ADMM,2,112
0.07499999999999996,0.072855586276293,ADMM,2,113
0.15254237288135597,0.17507898756611331,ADMM,2,114
0.12962962962962965,0.10640410212542328,ADMM,2,115
0.13636363636363635,0.12249761189718869,ADMM,2,116
0.0862068965517242,0.11543444366822421,ADMM,2,117
0.10344827586206895,0.14559349745960018,ADMM,2,118
0.2894736842105263,0.30614104721363006,ADMM,2,119
0.09090909090909094,0.12301570936800746,ADMM,2,120
0.11206896551724133,0.0549908810579077,ADMM,2,121
0.17272727272727273,0.14709588578660948,ADMM,2,122
0.20454545454545459,0.0684565646178208,ADMM,2,123
0.07894736842105265,0.14769888594214903,ADMM,2,124
0.1694915254237288,0.14113358302012566,ADMM,2,125
0.44067796610169485,0.2712080902454099,ADMM,2,126
0.46825396825396826,0.47154815473949147,ADMM,2,127
0.13157894736842102,0.12500796553535004,ADMM,2,128
0.2033898305084746,0.13886241379055198,ADMM,2,129
0.21311475409836067,0.12532333522284167,ADMM,2,130
0.0862068965517242,0.08871764381834682,ADMM,2,131
0.05263157894736836,0.05837267575440563,ADMM,2,132
0.1311475409836066,0.06812535403813585,ADMM,2,133
0.18333333333333335,0.2554492637468477,ADMM,2,134
0.0847457627118644,0.05567304249704094,ADMM,2,135
0.15740740740740744,0.06543361891788015,ADMM,2,136
0.13157894736842102,0.16037732132737603,ADMM,2,137
0.0423728813559322,0.11484890197820306,ADMM,2,138
0.17543859649122806,0.17729099364012177,ADMM,2,139
0.07627118644067798,0.1333399287673018,ADMM,2,140
0.2666666666666666,0.26280254167922806,ADMM,2,141
0.09259259259259256,0.08713540849596269,ADMM,2,142
0.23275862068965514,0.18666516227439692,ADMM,2,143
0.09999999999999998,0.16847238891588667,ADMM,2,144
0.15573770491803285,0.15736988330743595,ADMM,2,145
0.38596491228070173,0.34585851971381404,ADMM,2,146
0.05263157894736836,0.08653024612660108,ADMM,2,147
0.018181818181818188,0.1466276416256278,ADMM,2,148
0.08181818181818179,0.08354997137482874,ADMM,2,149
0.06140350877192979,0.12005762581814279,ADMM,2,150
0.10526315789473684,0.15472359448180972,ADMM,2,151
0.056451612903225756,0.10536731414939049,ADMM,2,152
0.05084745762711862,0.08318900619690306,ADMM,2,153
0.28688524590163933,0.297476441883212,ADMM,2,154
0.14655172413793105,0.14785527600172793,ADMM,2,155
0.32407407407407407,0.3269841019448336,ADMM,2,156
0.1339285714285714,0.1354655521948928,ADMM,2,157
0.2909090909090909,0.2739383015877202,ADMM,2,158
0.01754385964912286,0.10730712179701456,ADMM,2,159
0.09166666666666667,0.14721070784333096,ADMM,2,160
0.05084745762711862,0.12253241847972343,ADMM,2,161
0.07758620689655171,0.10874022272835573,ADMM,2,162
0.08064516129032262,0.09292869988136856,ADMM,2,163
0.04385964912280704,0.08731734615593319,ADMM,2,164
0.1428571428571428,0.21548541052900025,ADMM,2,165
0.11818181818181817,0.137444123231201,ADMM,2,166
0.05263157894736836,0.07272665827414042,ADMM,2,167
0.0431034482758621,0.15002356714657525,ADMM,2,168
0.2457627118644068,0.2612779467501585,ADMM,2,169
0.5258620689655172,0.3820093142787596,ADMM,2,170
0.05737704918032782,0.03301868280625329,ADMM,2,171
0.056451612903225756,0.16536098839633775,ADMM,2,172
0.2543859649122807,0.3156152555545658,ADMM,2,173
0.08196721311475408,0.084234622319889,ADMM,2,174
0.14655172413793105,0.15274063506623425,ADMM,2,175
0.12280701754385959,0.2084593719403843,ADMM,2,176
0.050000000000000044,0.12492890964265659,ADMM,2,177
0.08196721311475408,0.07505224135672488,ADMM,2,178
0.025423728813559365,0.06208227957665666,ADMM,2,179
0.0267857142857143,0.10684133908223906,ADMM,2,180
0.11904761904761907,0.11901427190487382,ADMM,2,181
0.4732142857142857,0.4936739768492628,ADMM,2,182
0.22499999999999998,0.24496026364464993,ADMM,2,183
0.43965517241379315,0.2903583834758502,ADMM,2,184
0.868421052631579,0.7946354156676234,ADMM,2,185
0.2666666666666666,0.19850968015666315,ADMM,2,186
0.19491525423728817,0.2625585314507123,ADMM,2,187
0.31034482758620685,0.2124120032354067,ADMM,2,188
0.2589285714285714,0.3954388531552478,ADMM,2,189
0.37037037037037035,0.40880964024255656,ADMM,2,190
0.2931034482758621,0.43075488820814894,ADMM,2,191
0.5083333333333333,0.37940600869879015,ADMM,2,192
0.4067796610169492,0.32730784929379164,ADMM,2,193
0.6454545454545455,0.48192404460760013,ADMM,2,194
0.32499999999999996,0.3631123506639815,ADMM,2,195
0.5526315789473685,0.39536825554356203,ADMM,2,196
0.2583333333333333,0.22866508328500543,ADMM,2,197
0.14035087719298245,0.1944775640356032,ADMM,2,198
0.6583333333333333,0.6991627624601877,ADMM,2,199
0.2272727272727273,0.24815369166438775,ADMM,2,200
0.5677966101694916,0.48706990443140347,ADMM,2,201
0.2727272727272727,0.3285094026638551,ADMM,2,202
0.2592592592592593,0.30283907907902535,ADMM,2,203
0.4298245614035088,0.3457402615563175,ADMM,2,204
0.4019607843137255,0.3947483301663997,ADMM,2,205
0.28846153846153844,0.4679740995551346,ADMM,2,206
0.17307692307692313,0.37688203586014135,ADMM,2,207
0.13636363636363635,0.16881858789495996,ADMM,2,208
0.7105263157894737,0.6366934852882358,ADMM,2,209
0.3928571428571428,0.4621155813726584,ADMM,2,210
0.32407407407407407,0.33936822501851954,ADMM,2,211
0.33333333333333326,0.38665920198050296,ADMM,2,212
0.34745762711864403,0.262996650850817,ADMM,2,213
0.3770491803278688,0.3317953844267868,ADMM,2,214
0.6517857142857143,0.5839336128968987,ADMM,2,215
0.2857142857142857,0.3822712672252143,ADMM,2,216
0.2068965517241379,0.2535058011019803,ADMM,2,217
0.375,0.42274878560187246,ADMM,2,218
0.10909090909090913,0.16067706636027143,ADMM,2,219
0.24137931034482762,0.2690885694258939,ADMM,2,220
0.8145161290322581,0.7787009537242916,ADMM,2,221
0.217741935483871,0.29161449521447125,ADMM,2,222
0.2222222222222222,0.3113972789356973,ADMM,2,223
0.2033898305084746,0.30816016598636875,ADMM,2,224
0.3706896551724138,0.4230537030490361,ADMM,2,225
0.23275862068965514,0.21372561929368972,ADMM,2,226
0.7767857142857143,0.5960063300715226,ADMM,2,227
0.6111111111111112,0.539627314360882,ADMM,2,228
0.3508771929824561,0.3772918441737366,ADMM,2,229
0.15254237288135597,0.12228868039274267,ADMM,2,230
0.1785714285714286,0.17254971118388698,ADMM,2,231
0.3125,0.275284344023701,ADMM,2,232
0.27192982456140347,0.3068702194596536,ADMM,2,233
0.2264150943396226,0.2060856293090153,ADMM,2,234
0.2735849056603774,0.39902728194677073,ADMM,2,235
0.3728813559322034,0.4625761437939039,ADMM,2,236
0.19444444444444442,0.30589974829136063,ADMM,2,237
0.42592592592592593,0.49497601198629015,ADMM,2,238
0.23636363636363633,0.3941072752117973,ADMM,2,239
0.5081967213114754,0.5243760279957047,ADMM,2,240
0.2457627118644068,0.30006911356034294,ADMM,2,241
0.3392857142857143,0.41060791963979976,ADMM,2,242
0.3571428571428572,0.3514583295519295,ADMM,2,243
0.19166666666666665,0.17425940788846028,ADMM,2,244
0.21818181818181814,0.25463323820356343,ADMM,2,245
0.2767857142857143,0.32566303046989026,ADMM,2,246
0.5089285714285714,0.6052272395481475,ADMM,2,247
0.2543859649122807,0.28998027363189466,ADMM,2,248
0.2622950819672132,0.42467693440244214,ADMM,2,249
0.2192982456140351,0.32361942465433075,ADMM,2,250
0.42592592592592593,0.4106913637577975,ADMM,2,251
0.1416666666666666,0.3161497294848746,ADMM,2,252
0.3839285714285714,0.3854170985286656,ADMM,2,253
0.43103448275862066,0.47064308432804924,ADMM,2,254
0.07894736842105265,0.19002078053435686,ADMM,2,255
0.2457627118644068,0.3247351075661065,ADMM,2,256
0.17272727272727273,0.2974239895966925,ADMM,2,257
0.5648148148148148,0.2975047719953884,ADMM,2,258
0.2068965517241379,0.2574519486640151,ADMM,2,259
0.3017241379310345,0.4154845304777048,ADMM,2,260
0.10833333333333339,0.1996129471042928,ADMM,2,261
0.28181818181818175,0.23302850584982063,ADMM,2,262
0.5263157894736842,0.5360483911491313,ADMM,2,263
0.2547169811320755,0.36817406616655823,ADMM,2,264
0.35849056603773577,0.4158912824697833,ADMM,2,265
0.543859649122807,0.4515744557252953,ADMM,2,266
0.15833333333333333,0.0786613272582763,ADMM,2,267
0.2592592592592593,0.24511964752975904,ADMM,2,268
0.4017857142857143,0.5457225596067313,ADMM,2,269
0.49122807017543857,0.4503187593754748,ADMM,2,270
0.08771929824561409,0.10574781320387368,ADMM,2,271
0.26363636363636367,0.2712043265548702,ADMM,2,272
0.25,0.27991358378729286,ADMM,2,273
0.38181818181818183,0.4260372792125456,ADMM,2,274
0.5377358490566038,0.5662845922725586,ADMM,2,275
0.47413793103448276,0.49814424785244604,ADMM,2,276
0.6090909090909091,0.45693124974167204,ADMM,2,277
0.5725806451612904,0.5072211230090383,ADMM,2,278
0.39830508474576276,0.4305672756738405,ADMM,2,279
0.6228070175438597,0.7164278697149454,ADMM,2,280
0.4833333333333334,0.5543770261797779,ADMM,2,281
0.1293103448275862,0.16649821364529455,ADMM,2,282
0.4811320754716981,0.4977911333472252,ADMM,2,283
0.2894736842105263,0.3148668510649866,ADMM,2,284
0.5603448275862069,0.5584984277909903,ADMM,2,285
0.575,0.4551260705856776,ADMM,2,286
0.5666666666666667,0.5437348383043097,ADMM,2,287
0.368421052631579,0.39656071624165457,ADMM,2,288
0.21818181818181814,0.3612521834071813,ADMM,2,289
0.75,0.7478481205435227,ADMM,2,290
0.6944444444444444,0.7403738652404238,ADMM,2,291
0.24528301886792447,0.3481448632991811,ADMM,2,292
0.5089285714285714,0.5382659853542322,ADMM,2,293
0.967741935483871,0.8993022752668774,ADMM,2,294
0.4098360655737705,0.38957805879934876,ADMM,2,295
0.10169491525423724,0.08756783984384361,ADMM,2,296
0.423728813559322,0.3846322636060792,ADMM,2,297
0.2946428571428572,0.38755428040592554,ADMM,2,298
0.18103448275862066,0.22346476451453015,ADMM,2,299
0.4181818181818182,0.5093120977852511,ADMM,2,300
0.48245614035087714,0.46904405586584974,ADMM,2,301
0.3793103448275862,0.5522834285572957,ADMM,2,302
0.6206896551724138,0.6779440694691924,ADMM,2,303
0.2033898305084746,0.2289695910228979,ADMM,2,304
0.4196428571428572,0.4232300592479735,ADMM,2,305
0.9098360655737705,0.7055898706325374,ADMM,2,306
0.639344262295082,0.48837008308778923,ADMM,2,307
0.38983050847457634,0.4405362472486615,ADMM,2,308
0.20192307692307687,0.1601385412771628,ADMM,2,309
0.16666666666666663,0.2262987024414137,ADMM,2,310
0.603448275862069,0.5130579258286935,ADMM,2,311
0.21052631578947367,0.23905818655571512,ADMM,2,312
0.42105263157894735,0.25405744867460145,ADMM,2,313
0.28301886792452824,0.23712239894640702,ADMM,2,314
0.3076923076923077,0.2635780450416201,ADMM,2,315
0.423728813559322,0.2769823647880696,ADMM,2,316
0.2596153846153846,0.16430273812747925,ADMM,2,317
0.38983050847457634,0.37412264077519786,ADMM,2,318
0.2142857142857143,0.1842172503512871,ADMM,2,319
0.17272727272727273,0.1282346642256385,ADMM,2,320
0.160377358490566,0.276664909036831,ADMM,2,321
0.3839285714285714,0.29786668348489626,ADMM,2,322
0.29166666666666674,0.22154270945629082,ADMM,2,323
0.21296296296296302,0.12877557249898652,ADMM,2,324
0.2192982456140351,0.17442776818718464,ADMM,2,325
0.1875,0.15088411112824734,ADMM,2,326
0.18103448275862066,0.1331272856757391,ADMM,2,327
0.2685185185185186,0.138770488092535,ADMM,2,328
0.2844827586206897,0.2693926466116065,ADMM,2,329
0.1696428571428572,0.09839855816723156,ADMM,2,330
0.10344827586206895,0.10251093501765451,ADMM,2,331
0.38181818181818183,0.23679917236780984,ADMM,2,332
0.19491525423728817,0.12253780206527605,ADMM,2,333
0.11403508771929827,0.13809469070946426,ADMM,2,334
0.46226415094339623,0.4051751602810864,ADMM,2,335
0.2090909090909091,0.17524031586671465,ADMM,2,336
0.38983050847457634,0.23944323556358738,ADMM,2,337
0.5,0.32892419089460756,ADMM,2,338
0.24193548387096775,0.2020408845461563,ADMM,2,339
0.3090909090909091,0.23309821808346967,ADMM,2,340
0.37735849056603776,0.2203720963277989,ADMM,2,341
0.15573770491803285,0.08822521689753639,ADMM,2,342
0.18181818181818188,0.12221465342368248,ADMM,2,343
0.6229508196721312,0.3898894838613059,ADMM,2,344
0.11864406779661019,0.11431238236572025,ADMM,2,345
0.19999999999999996,0.1443920553481571,ADMM,2,346
0.2592592592592593,0.1737665366124109,ADMM,2,347
0.32407407407407407,0.26673430646709206,ADMM,2,348
0.3220338983050848,0.2841481080387365,ADMM,2,349
0.4122807017543859,0.3735102901245155,ADMM,2,350
0.17924528301886788,0.24331834182908427,ADMM,2,351
0.5877192982456141,0.5061184506278136,ADMM,2,352
0.4285714285714286,0.3477903963425724,ADMM,2,353
0.5803571428571429,0.4995662969816144,ADMM,2,354
0.3620689655172413,0.3326459291704817,ADMM,2,355
0.42727272727272725,0.458522336759777,ADMM,2,356
0.3508771929824561,0.33509210399151573,ADMM,2,357
0.41666666666666674,0.46595152320681543,ADMM,2,358
0.11290322580645162,0.13667725861142765,ADMM,2,359
0.19827586206896552,0.22225265818761067,ADMM,2,360
0.6833333333333333,0.5641670704936295,ADMM,2,361
0.16666666666666663,0.2029895530559071,ADMM,2,362
0.423728813559322,0.4032364492126529,ADMM,2,363
0.2068965517241379,0.21514062658441171,ADMM,2,364
0.26415094339622636,0.2011577697854043,ADMM,2,365
0.23275862068965514,0.3519857834382564,ADMM,2,366
0.5298507462686567,0.5089432880981409,ADMM,2,367
0.5084745762711864,0.40413542674123965,ADMM,2,368
0.2704918032786885,0.3878860495295626,ADMM,2,369
0.11864406779661019,0.11784922020669927,ADMM,2,370
0.5865384615384616,0.4848217340725462,ADMM,2,371
0.2542372881355932,0.27614855495520707,ADMM,2,372
0.31896551724137934,0.3075718767280457,ADMM,2,373
0.2338709677419355,0.3456957467858806,ADMM,2,374
0.13207547169811318,0.25540037952337297,ADMM,2,375
0.5701754385964912,0.49775991003948766,ADMM,2,376
0.4363636363636363,0.35997927111558714,ADMM,2,377
0.31034482758620685,0.2881421334990874,ADMM,2,378
0.21969696969696972,0.21300535852912136,ADMM,2,379
0.30833333333333335,0.34665585434810464,ADMM,2,380
0.10526315789473684,0.09462712483704776,ADMM,2,381
0.2321428571428572,0.2291931436865899,ADMM,2,382
0.7946428571428571,0.7692921085683652,ADMM,2,383
0.3359375,0.2708113161709001,ADMM,2,384
0.2857142857142857,0.3332864122650901,ADMM,2,385
0.46226415094339623,0.4560613407552553,ADMM,2,386
0.33606557377049184,0.5292647993610867,ADMM,2,387
0.36111111111111116,0.2374872973536684,ADMM,2,388
0.2966101694915254,0.22587222298381726,ADMM,2,389
0.5086206896551724,0.4423588430065152,ADMM,2,390
0.2033898305084746,0.3960534939006779,ADMM,2,391
0.2192982456140351,0.2668233205672596,ADMM,2,392
0.5803571428571429,0.669225391054912,ADMM,2,393
0.33333333333333326,0.39840314294278917,ADMM,2,394
0.2807017543859649,0.3621152091751011,ADMM,2,395
0.3070175438596492,0.3282166090386828,ADMM,2,396
0.43965517241379315,0.5071342027255883,ADMM,2,397
0.4285714285714286,0.53730277286483,ADMM,2,398
0.1785714285714286,0.24937890738873036,ADMM,2,399
0.287037037037037,0.3342094765367458,ADMM,2,400
0.23728813559322037,0.259197760485673,ADMM,2,401
0.25,0.3682128434548575,ADMM,2,402
0.34905660377358494,0.40373455304002953,ADMM,2,403
0.3070175438596492,0.28692718722011695,ADMM,2,404
0.26363636363636367,0.39797870613371594,ADMM,2,405
0.2232142857142857,0.2922148715962081,ADMM,2,406
0.33018867924528306,0.43085984146240613,ADMM,2,407
0.27450980392156865,0.4375964027019059,ADMM,2,408
0.2627118644067796,0.32474144563164853,ADMM,2,409
0.26363636363636367,0.36925918213986025,ADMM,2,410
0.4636363636363636,0.5135964094842719,ADMM,2,411
0.43965517241379315,0.35430225140069777,ADMM,2,412
0.21551724137931028,0.28616906920853136,ADMM,2,413
0.3916666666666666,0.4230903392748252,ADMM,2,414
0.21666666666666667,0.34765765950527505,ADMM,2,415
0.39473684210526316,0.2453951580155828,ADMM,2,416
0.2857142857142857,0.4178582356343623,ADMM,2,417
0.26190476190476186,0.3051010306361171,ADMM,2,418
0.1964285714285714,0.2970620454716066,ADMM,2,419
0.31034482758620685,0.39882656813030964,ADMM,2,420
0.20370370370370372,0.25480090221476487,ADMM,2,421
0.13157894736842102,0.29736407091818706,ADMM,2,422
0.4385964912280702,0.5582100856552277,ADMM,2,423
0.5892857142857143,0.619084515709047,ADMM,2,424
0.27586206896551724,0.297365518903598,ADMM,2,425
0.3793103448275862,0.35833404021473425,ADMM,2,426
0.23728813559322037,0.3101725658940451,ADMM,2,427
0.4537037037037037,0.5057199999481422,ADMM,2,428
0.31034482758620685,0.329157891342295,ADMM,2,429
0.2410714285714286,0.3547674198189928,ADMM,2,430
0.421875,0.4981096379294613,ADMM,2,431
0.5,0.48844443418300687,ADMM,2,432
0.3909090909090909,0.43149641527946175,ADMM,2,433
0.3157894736842105,0.3484160044466417,ADMM,2,434
0.4568965517241379,0.4899073112233685,ADMM,2,435
0.21052631578947367,0.28546139313119323,ADMM,2,436
0.24137931034482762,0.26514754777296295,ADMM,2,437
0.12264150943396224,0.207653129232393,ADMM,2,438
0.36363636363636365,0.39943138475569817,ADMM,2,439
0.3571428571428572,0.32377098892655776,ADMM,2,440
0.5703125,0.3216422028163179,ADMM,2,441
0.3416666666666667,0.4220479992802904,ADMM,2,442
0.22499999999999998,0.3004018762675362,ADMM,2,443
0.5982142857142857,0.5198156188618956,ADMM,2,444
0.39473684210526316,0.4500766014222498,ADMM,2,445
0.1454545454545455,0.19303675496781866,ADMM,2,446
0.2457627118644068,0.3227248334505632,ADMM,2,447
0.5,0.441549073040855,ADMM,2,448
0.4426229508196722,0.37096988242059664,ADMM,2,449
0.07627118644067798,0.08812886590829146,ADMM,2,450
0.27192982456140347,0.27453869698492683,ADMM,2,451
0.1637931034482758,0.2616022175615952,ADMM,2,452
0.20370370370370372,0.204152337758659,ADMM,2,453
0.3214285714285714,0.30525796465500415,ADMM,2,454
0.2232142857142857,0.2911245555600192,ADMM,2,455
0.3909090909090909,0.3602282688704728,ADMM,2,456
0.44166666666666665,0.46583440981375857,ADMM,2,457
0.23684210526315785,0.2241867120769976,ADMM,2,458
0.39830508474576276,0.486442471401767,ADMM,2,459
0.3790322580645161,0.4155922085595661,ADMM,2,460
0.4811320754716981,0.504223026477396,ADMM,2,461
0.14754098360655732,0.16200004792091888,ADMM,2,462
0.6363636363636364,0.5597962894895192,ADMM,2,463
0.3771929824561404,0.27520092406572816,ADMM,2,464
0.4772727272727273,0.5027787661344929,ADMM,2,465
0.4482758620689655,0.31806324431428623,ADMM,2,466
0.2295081967213115,0.22519387324107704,ADMM,2,467
0.3412698412698413,0.37044873295978376,ADMM,2,468
0.4098360655737705,0.35405623723871105,ADMM,2,469
0.06896551724137934,0.1271674951765602,ADMM,2,470
0.10909090909090913,0.07872205650718236,ADMM,2,471
0.42105263157894735,0.31003988908558083,ADMM,2,472
0.09482758620689657,0.12782474132057775,ADMM,2,473
0.13559322033898302,0.1679927168999029,ADMM,2,474
0.31034482758620685,0.23422866468655545,ADMM,2,475
0.28181818181818175,0.24727913766859838,ADMM,2,476
0.19827586206896552,0.1604626809688833,ADMM,2,477
0.15573770491803285,0.17867275887712095,ADMM,2,478
0.2894736842105263,0.18424686287305306,ADMM,2,479
0.1842105263157895,0.10204480672923627,ADMM,2,480
0.1607142857142857,0.11055198155912656,ADMM,2,481
0.35344827586206895,0.28628740140920905,ADMM,2,482
0.2016129032258065,0.20063143447222545,ADMM,2,483
0.19999999999999996,0.1079409305965701,ADMM,2,484
0.27966101694915246,0.1913369126429905,ADMM,2,485
0.25,0.24457950484216806,ADMM,2,486
0.7105263157894737,0.6164657851804526,ADMM,2,487
0.36363636363636365,0.29136670925870667,ADMM,2,488
0.125,0.11672416640706193,ADMM,2,489
0.5,0.4253964154438398,ADMM,2,490
0.15454545454545454,0.1601552479611551,ADMM,2,491
0.07017543859649122,0.0641808152725156,ADMM,2,492
0.1484375,0.17587439466456925,ADMM,2,493
0.3813559322033898,0.3309843849283866,ADMM,2,494
0.2586206896551724,0.13764355592025726,ADMM,2,495
0.16666666666666663,0.13137870886148548,ADMM,2,496
0.525,0.36721030030009777,ADMM,2,497
0.26724137931034475,0.27769609048856986,ADMM,2,498
0.3660714285714286,0.4479725470449421,ADMM,2,499
0.2592592592592593,0.2747706835015498,ADMM,2,500
0.27586206896551724,0.24769597693847092,ADMM,2,501
0.296875,0.32718950682369635,ADMM,2,502
0.27586206896551724,0.40967170870975916,ADMM,2,503
0.3214285714285714,0.3193796438340229,ADMM,2,504
0.5789473684210527,0.45885130770253635,ADMM,2,505
0.4528301886792453,0.40023087124448653,ADMM,2,506
0.5423728813559322,0.5328005395879042,ADMM,2,507
0.3214285714285714,0.34492974164018325,ADMM,2,508
0.5666666666666667,0.48433603188898144,ADMM,2,509
0.3363636363636364,0.4830648876524043,ADMM,2,510
0.2058823529411764,0.35845685768617475,ADMM,2,511
0.543859649122807,0.592576530078235,ADMM,2,512
0.2232142857142857,0.2190836700075415,ADMM,2,513
0.1454545454545455,0.26751158752950505,ADMM,2,514
0.27192982456140347,0.3958621864022868,ADMM,2,515
0.29824561403508776,0.3692021693074799,ADMM,2,516
0.3909090909090909,0.42173517164550517,ADMM,2,517
0.19444444444444442,0.29134822982634484,ADMM,2,518
0.2068965517241379,0.2833355080170372,ADMM,2,519
0.435483870967742,0.4372689617393129,ADMM,2,520
0.32499999999999996,0.30103052608692643,ADMM,2,521
0.25,0.13351768146302442,ADMM,2,522
0.4482758620689655,0.36755920121610924,ADMM,2,523
0.5,0.4603299556913119,ADMM,2,524
0.3846153846153846,0.42845634366504237,ADMM,2,525
0.4107142857142857,0.43893259174947263,ADMM,2,526
0.6311475409836066,0.5330951447320862,ADMM,2,527
0.40909090909090917,0.45006630094880334,ADMM,2,528
0.2807017543859649,0.3588307349712213,ADMM,2,529
0.15254237288135597,0.27975321855863167,ADMM,2,530
0.2314814814814815,0.31495349235358033,ADMM,2,531
0.2786885245901639,0.40302294590871407,ADMM,2,532
0.4916666666666667,0.6063270073894256,ADMM,2,533
0.6349206349206349,0.6467164181258767,ADMM,2,534
0.6057692307692307,0.5998928989952896,ADMM,2,535
0.5714285714285714,0.6138048470868567,ADMM,2,536
0.3727272727272728,0.4520577260709913,ADMM,2,537
0.5789473684210527,0.6166494848091523,ADMM,2,538
0.20833333333333337,0.2695494008783132,ADMM,2,539
0.211864406779661,0.22753561751086362,ADMM,2,540
0.2767857142857143,0.3833005891609377,ADMM,2,541
0.20175438596491224,0.23920336057341035,ADMM,2,542
0.18867924528301883,0.24214264153731888,ADMM,2,543
0.3392857142857143,0.3531339599754291,ADMM,2,544
0.35344827586206895,0.3837953277083652,ADMM,2,545
0.4035087719298245,0.44026047089987014,ADMM,2,546
0.3928571428571428,0.49567827886820737,ADMM,2,547
0.6296296296296297,0.3656282495580028,ADMM,2,548
0.29824561403508776,0.34291901150278614,ADMM,2,549
0.19047619047619047,0.22162092003192985,ADMM,2,550
0.4568965517241379,0.42297651781104517,ADMM,2,551
0.39655172413793105,0.3439131111515886,ADMM,2,552
0.39423076923076916,0.3833282572378289,ADMM,2,553
0.47115384615384615,0.3504859737444963,ADMM,2,554
0.19090909090909092,0.24737705757596828,ADMM,2,555
0.6754385964912281,0.6296186108757844,ADMM,2,556
0.5086206896551724,0.3749213885651425,ADMM,2,557
0.23728813559322037,0.2203476218160866,ADMM,2,558
0.4528301886792453,0.4421477725375521,ADMM,2,559
0.2627118644067796,0.2889243069898107,ADMM,2,560
0.13888888888888884,0.17763061368293764,ADMM,2,561
0.368421052631579,0.4625222248424362,ADMM,2,562
0.4568965517241379,0.403700545439601,ADMM,2,563
0.22807017543859653,0.32034700404622035,ADMM,2,564
0.41666666666666674,0.49483632989235854,ADMM,2,565
0.3362068965517242,0.4838791022568279,ADMM,2,566
0.6578947368421053,0.5821603874819095,ADMM,2,567
0.5350877192982456,0.48151263185507215,ADMM,2,568
0.7543859649122807,0.7495604950062064,ADMM,2,569
0.4636363636363636,0.5547783303082409,ADMM,2,570
0.631578947368421,0.6624860456365779,ADMM,2,571
0.30645161290322576,0.3647299774622797,ADMM,2,572
0.287037037037037,0.3598127036622025,ADMM,2,573
0.2592592592592593,0.33398348366836067,ADMM,2,574
0.26415094339622636,0.22115924404059892,ADMM,2,575
0.18333333333333335,0.15167597694386006,ADMM,2,576
0.7166666666666667,0.6161150892994568,ADMM,2,577
0.5877192982456141,0.41795938995538373,ADMM,2,578
0.6181818181818182,0.5986332014817608,ADMM,2,579
0.5416666666666666,0.49185453081026476,ADMM,2,580
0.4181818181818182,0.4709141722341501,ADMM,2,581
0.6785714285714286,0.570100792972588,ADMM,2,582
0.3363636363636364,0.3763946493380937,ADMM,2,583
0.2333333333333334,0.32622311836611784,ADMM,2,584
0.5901639344262295,0.4391035044002261,ADMM,2,585
0.39622641509433965,0.4422558432663827,ADMM,2,586
0.5847457627118644,0.551334764619417,ADMM,2,587
0.09482758620689657,0.1161530758997789,ADMM,2,588
0.4298245614035088,0.44939227854595654,ADMM,2,589
0.3879310344827587,0.4203994665194509,ADMM,2,590
0.2053571428571428,0.29729339972785856,ADMM,2,591
0.3303571428571428,0.41411362786936234,ADMM,2,592
0.25,0.40196723901877984,ADMM,2,593
0.1875,0.23448036910840658,ADMM,2,594
0.825,0.7830467291264513,ADMM,2,595
0.3879310344827587,0.3483096879974967,ADMM,2,596
0.5849056603773585,0.47688331309648185,ADMM,2,597
0.4152542372881356,0.5656452840978744,ADMM,2,598
0.2589285714285714,0.4110638954631681,ADMM,2,599
0.4918032786885246,0.3785542238804279,ADMM,2,600
0.6833333333333333,0.6351263962861111,ADMM,2,601
0.603448275862069,0.49167459834975713,ADMM,2,602
0.6363636363636364,0.6039077674279635,ADMM,2,603
0.34905660377358494,0.31355152424304455,ADMM,2,604
0.23728813559322037,0.25332079211882164,ADMM,2,605
0.21052631578947367,0.24996693617167887,ADMM,2,606
0.31896551724137934,0.30771797801105877,ADMM,2,607
0.2421875,0.22002729075670172,ADMM,2,608
0.4722222222222222,0.4486818667731919,ADMM,2,609
0.38181818181818183,0.24613310496905672,ADMM,2,610
0.6339285714285714,0.5887164074952407,ADMM,2,611
0.4285714285714286,0.3446556709717731,ADMM,2,612
0.4035087719298245,0.3061280541568332,ADMM,2,613
0.5089285714285714,0.5617257569981015,ADMM,2,614
0.3113207547169812,0.250524178675377,ADMM,2,615
0.17592592592592593,0.25896646842990473,ADMM,2,616
0.21818181818181814,0.2632274565020448,ADMM,2,617
0.7545454545454545,0.7089392452639748,ADMM,2,618
0.5471698113207547,0.38874117581261153,ADMM,2,619
0.11206896551724133,0.12251234005467747,ADMM,2,620
0.6810344827586207,0.5905277394508197,ADMM,2,621
0.17924528301886788,0.2316918241888,ADMM,2,622
0.09322033898305082,0.17025697792626004,ADMM,2,623
0.3157894736842105,0.3079722230462511,ADMM,2,624
0.3660714285714286,0.33938949538775187,ADMM,2,625
0.1885245901639344,0.27592889025830003,ADMM,2,626
0.5350877192982456,0.5764690556940351,ADMM,2,627
0.44999999999999996,0.36584588296786513,ADMM,2,628
0.31034482758620685,0.18085840990734942,ADMM,2,629
0.5423728813559322,0.5502609887556926,ADMM,2,630
0.46031746031746024,0.4694453525714172,ADMM,2,631
0.4035087719298245,0.429631622836044,ADMM,2,632
0.6140350877192983,0.5996239096122308,ADMM,2,633
0.4642857142857143,0.4620907673557857,ADMM,2,634
0.2946428571428572,0.3977555469487875,ADMM,2,635
0.27966101694915246,0.3652135615676676,ADMM,2,636
0.37735849056603776,0.27000682530349035,ADMM,2,637
0.29166666666666674,0.34524829653030087,ADMM,2,638
0.2338709677419355,0.29786290190377596,ADMM,2,639
0.4818181818181818,0.3781914909598115,ADMM,2,640
0.4537037037037037,0.42567843061924476,ADMM,2,641
0.43103448275862066,0.3777130498332444,ADMM,2,642
0.3545454545454545,0.4442007076855185,ADMM,2,643
0.3727272727272728,0.5575507452658572,ADMM,2,644
0.3070175438596492,0.34517930361597166,ADMM,2,645
0.3090909090909091,0.3811128721842862,ADMM,2,646
0.5,0.5475133299042388,ADMM,2,647
0.34905660377358494,0.4816812803872604,ADMM,2,648
0.5,0.42091539605153544,ADMM,2,649
0.39814814814814814,0.38488660182876894,ADMM,2,650
0.17543859649122806,0.266873120329126,ADMM,2,651
0.7982456140350878,0.6591631305816865,ADMM,2,652
0.47540983606557374,0.5463310269421657,ADMM,2,653
0.21311475409836067,0.22432889954188276,ADMM,2,654
0.3771929824561404,0.5592426412705933,ADMM,2,655
0.20967741935483875,0.29534279020181237,ADMM,2,656
0.2232142857142857,0.24601700923255365,ADMM,2,657
0.4655172413793103,0.4353103617104785,ADMM,2,658
0.34615384615384615,0.3546794122433048,ADMM,2,659
0.3728813559322034,0.3616659224401578,ADMM,2,660
0.4722222222222222,0.48996776422450006,ADMM,2,661
0.4051724137931034,0.4638524434389551,ADMM,2,662
0.49122807017543857,0.47043527910671784,ADMM,2,663
0.9224137931034483,0.8722421495222527,ADMM,2,664
0.2192982456140351,0.24108909240301757,ADMM,2,665
0.4083333333333333,0.44250500919098845,ADMM,2,666
0.17272727272727273,0.25719821286348077,ADMM,2,667
0.27118644067796605,0.3273932248547727,ADMM,2,668
0.24561403508771928,0.23307542640135565,ADMM,2,669
0.3909090909090909,0.4199102758222783,ADMM,2,670
0.2547169811320755,0.2672301626020981,ADMM,2,671
0.7142857142857143,0.6499169142614413,ADMM,2,672
0.6551724137931034,0.7031125150018412,ADMM,2,673
0.3278688524590163,0.37152144103265516,ADMM,2,674
0.5083333333333333,0.5364505331999269,ADMM,2,675
0.1785714285714286,0.24004891788455346,ADMM,2,676
0.22807017543859653,0.2516372589493082,ADMM,2,677
0.1923076923076923,0.29252918185952304,ADMM,2,678
0.631578947368421,0.5645696065550868,ADMM,2,679
0.8947368421052632,0.7757900926425544,ADMM,2,680
0.10169491525423724,0.0827398695776182,ADMM,2,681
0.4491525423728814,0.40032273311717914,ADMM,2,682
0.2090909090909091,0.2244408548550316,ADMM,2,683
0.1929824561403508,0.3021259120618062,ADMM,2,684
0.2844827586206897,0.2632522310498179,ADMM,2,685
0.31896551724137934,0.40511995635443193,ADMM,2,686
0.12037037037037035,0.19398900977132502,ADMM,2,687
0.525,0.585306145610316,ADMM,2,688
0.35964912280701755,0.34462226118210676,ADMM,2,689
0.2983870967741935,0.38111068431397715,ADMM,2,690
0.6166666666666667,0.5485699025737236,ADMM,2,691
0.5901639344262295,0.5390026905012807,ADMM,2,692
0.5350877192982456,0.5465376399330253,ADMM,2,693
0.36440677966101687,0.4431833192056567,ADMM,2,694
0.2807017543859649,0.30079267941334054,ADMM,2,695
0.22413793103448276,0.22660611984223855,ADMM,2,696
0.6,0.5012496967520274,ADMM,2,697
0.2777777777777778,0.1743860689032919,ADMM,2,698
0.6578947368421053,0.6447371419268092,ADMM,2,699
0.4363636363636363,0.3915147869211171,ADMM,2,700
0.39655172413793105,0.4901728302456125,ADMM,2,701
0.4067796610169492,0.40961792892066734,ADMM,2,702
0.2931034482758621,0.37794583177295293,ADMM,2,703
0.29166666666666674,0.405673264286222,ADMM,2,704
0.3125,0.42975142043724107,ADMM,2,705
0.34259259259259256,0.4213055273999132,ADMM,2,706
0.4298245614035088,0.41374431475345663,ADMM,2,707
0.5727272727272728,0.5490204380165137,ADMM,2,708
0.42307692307692313,0.38570879534412705,ADMM,2,709
0.10344827586206895,0.047208723991620995,ADMM,2,710
0.6428571428571429,0.5774170477062652,ADMM,2,711
0.5416666666666666,0.5843450183995766,ADMM,2,712
0.2033898305084746,0.14849108677158054,ADMM,2,713
0.7203389830508474,0.6076868633072668,ADMM,2,714
0.2767857142857143,0.33751774795643447,ADMM,2,715
0.2142857142857143,0.3156351364905195,ADMM,2,716
0.5357142857142857,0.6045721283713869,ADMM,2,717
0.2421875,0.35173451935089156,ADMM,2,718
0.4351851851851851,0.3598266790458046,ADMM,2,719
0.31896551724137934,0.38197990853946057,ADMM,2,720
0.19999999999999996,0.302063971150348,ADMM,2,721
0.1610169491525424,0.2741752292658047,ADMM,2,722
0.375,0.4154528517353118,ADMM,2,723
0.1428571428571428,0.17696391386487403,ADMM,2,724
0.2946428571428572,0.30293199937552373,ADMM,2,725
0.10377358490566035,0.1571191670106517,ADMM,2,726
0.2946428571428572,0.38810299493550027,ADMM,2,727
0.2857142857142857,0.33469530888600685,ADMM,2,728
0.7719298245614035,0.638329256681727,ADMM,2,729
0.7166666666666667,0.7250559666084083,ADMM,2,730
0.4137931034482758,0.28420668232004986,ADMM,2,731
0.46226415094339623,0.5589397756433101,ADMM,2,732
0.2410714285714286,0.27127954034611357,ADMM,2,733
0.2589285714285714,0.31780346900174283,ADMM,2,734
0.2807017543859649,0.37448287254439394,ADMM,2,735
0.44545454545454544,0.4545661588926508,ADMM,2,736
0.8706896551724138,0.6936904453897982,ADMM,2,737
0.018181818181818188,0.08371317177782021,ADMM,2,738
0.5701754385964912,0.5325599438311792,ADMM,2,739
0.2407407407407407,0.23075963126516585,ADMM,2,740
0.20370370370370372,0.18828380782418955,ADMM,2,741
0.3545454545454545,0.3358412791708729,ADMM,2,742
0.2547169811320755,0.3429038823601538,ADMM,2,743
0.13636363636363635,0.24240041744639867,ADMM,2,744
0.4913793103448276,0.5652835047101559,ADMM,2,745
0.24561403508771928,0.352421887431877,ADMM,2,746
0.603448275862069,0.5519438091043993,ADMM,2,747
0.5526315789473685,0.5065940452930732,ADMM,2,748
0.38888888888888884,0.4129167745359391,ADMM,2,749
0.35964912280701755,0.46660161292387425,ADMM,2,750
0.3545454545454545,0.31613376313585795,ADMM,2,751
0.5272727272727272,0.6186756148145012,ADMM,2,752
0.4907407407407407,0.4596619172949193,ADMM,2,753
0.4351851851851851,0.4836270894459871,ADMM,2,754
0.5789473684210527,0.5857604808335642,ADMM,2,755
0.35964912280701755,0.4658353160988952,ADMM,2,756
0.16666666666666663,0.2908563178115276,ADMM,2,757
0.2857142857142857,0.302001822606014,ADMM,2,758
0.5576923076923077,0.5563734572846235,ADMM,2,759
0.6403508771929824,0.6513820691606848,ADMM,2,760
0.3363636363636364,0.3685277788845779,ADMM,2,761
0.6160714285714286,0.5868730301777098,ADMM,2,762
0.5446428571428571,0.6092582383377063,ADMM,2,763
0.27966101694915246,0.3447121668719843,ADMM,2,764
0.3306451612903225,0.29237371892209557,ADMM,2,765
0.18867924528301883,0.2442971568418698,ADMM,2,766
0.4375,0.4272064652321447,ADMM,2,767
0.509090909090909,0.45218339795126383,ADMM,2,768
0.3771929824561404,0.5313452697134252,ADMM,2,769
0.43103448275862066,0.5051074745735409,ADMM,2,770
0.4056603773584906,0.5145426617478825,ADMM,2,771
0.5267857142857143,0.6243214337014237,ADMM,2,772
0.25,0.1395891392520555,ADMM,2,773
0.4818181818181818,0.4480935188438028,ADMM,2,774
0.6759259259259259,0.5753482819816857,ADMM,2,775
0.287037037037037,0.3427730080569528,ADMM,2,776
0.09523809523809523,0.09270666552460896,ADMM,2,777
0.4224137931034483,0.41432191522033857,ADMM,2,778
0.2909090909090909,0.2817872524834355,ADMM,2,779
0.27192982456140347,0.33991316319942105,ADMM,2,780
0.3771929824561404,0.44073675301857357,ADMM,2,781
0.5094339622641509,0.5090324751817784,ADMM,2,782
0.3545454545454545,0.4501992872319879,ADMM,2,783
0.13492063492063489,0.22140245039475795,ADMM,2,784
0.55,0.5224962845677272,ADMM,2,785
0.45614035087719296,0.4654398148533111,ADMM,2,786
0.2410714285714286,0.24668906068443955,ADMM,2,787
0.288135593220339,0.43365863478503697,ADMM,2,788
0.35344827586206895,0.5011851355296472,ADMM,2,789
0.5614035087719298,0.5564785025767995,ADMM,2,790
0.1428571428571428,0.08937036008180123,ADMM,2,791
0.3214285714285714,0.30311457881885706,ADMM,2,792
0.2314814814814815,0.23328862879587137,ADMM,2,793
0.4553571428571428,0.292805210033238,ADMM,2,794
0.3017241379310345,0.380234172631848,ADMM,2,795
0.4716981132075472,0.3995889393982473,ADMM,2,796
0.49122807017543857,0.5404749398247408,ADMM,2,797
0.4,0.47465140257171007,ADMM,2,798
0.18867924528301883,0.2605365248593038,ADMM,2,799
0.3070175438596492,0.4794272903808482,ADMM,2,800
0.38983050847457634,0.49715862364622165,ADMM,2,801
0.4553571428571428,0.48475975700328544,ADMM,2,802
0.2416666666666667,0.17757305117752434,ADMM,2,803
0.6186440677966102,0.6200287851801284,ADMM,2,804
0.26724137931034475,0.33982717067112533,ADMM,2,805
0.17592592592592593,0.27278565422139084,ADMM,2,806
0.1637931034482758,0.21286664538830247,ADMM,2,807
0.22881355932203395,0.2590189164067715,ADMM,2,808
0.1311475409836066,0.2154836569419452,ADMM,2,809
0.1271186440677966,0.13423771237897142,ADMM,2,810
0.185483870967742,0.16929194699243863,ADMM,2,811
0.8909090909090909,0.7423376159438149,ADMM,2,812
0.5175438596491229,0.43597018289465217,ADMM,2,813
0.09090909090909094,0.15510007347672325,ADMM,2,814
0.17272727272727273,0.2319397998541092,ADMM,2,815
0.6,0.6123359131574696,ADMM,2,816
0.16666666666666663,0.15808323200559182,ADMM,2,817
0.7807017543859649,0.6031850285946512,ADMM,2,818
0.2627118644067796,0.44625312655835414,ADMM,2,819
0.2589285714285714,0.2181835713768912,ADMM,2,820
0.2962962962962963,0.32985915405134447,ADMM,2,821
0.18103448275862066,0.1571818512935866,ADMM,2,822
0.11864406779661019,0.2239796091254165,ADMM,2,823
0.6428571428571429,0.5439271303117971,ADMM,2,824
0.2033898305084746,0.19296029667390455,ADMM,2,825
0.11403508771929827,0.19357146721343566,ADMM,2,826
0.3660714285714286,0.33164482055238725,ADMM,2,827
0.2661290322580645,0.39876075613903217,ADMM,2,828
0.27966101694915246,0.40067858636401915,ADMM,2,829
0.3055555555555556,0.4608393680550121,ADMM,2,830
0.3090909090909091,0.39031871056861256,ADMM,2,831
0.29807692307692313,0.4163909229176408,ADMM,2,832
0.15833333333333333,0.2928882826718802,ADMM,2,833
0.3017241379310345,0.34650013601165136,ADMM,2,834
0.3870967741935484,0.3604724783990753,ADMM,2,835
0.23584905660377364,0.25768591235243454,ADMM,2,836
0.2457627118644068,0.32456909052277283,ADMM,2,837
0.41666666666666674,0.4937288404066908,ADMM,2,838
0.4017857142857143,0.4961886153612205,ADMM,2,839
0.047169811320754707,0.0708826806008419,ADMM,2,840
0.27118644067796605,0.24863331590394597,ADMM,2,841
0.2767857142857143,0.28444141706428705,ADMM,2,842
0.3125,0.36846026941741833,ADMM,2,843
0.6271186440677966,0.515300442187999,ADMM,2,844
0.5714285714285714,0.5670864380219792,ADMM,2,845
0.75,0.6129164591075978,ADMM,2,846
0.3018867924528301,0.4150349831052507,ADMM,2,847
0.2407407407407407,0.30993640098735015,ADMM,2,848
0.21818181818181814,0.24549061170271602,ADMM,2,849
0.5,0.48021232028099076,ADMM,2,850
0.25,0.3246833908062203,ADMM,2,851
0.17500000000000004,0.21401304125879184,ADMM,2,852
0.1694915254237288,0.24814011446330123,ADMM,2,853
0.20370370370370372,0.36562403960947876,ADMM,2,854
0.25,0.31247052196561953,ADMM,2,855
0.1578947368421053,0.2738659726015894,ADMM,2,856
0.23684210526315785,0.19424679294822872,ADMM,2,857
0.20175438596491224,0.31655705084153896,ADMM,2,858
0.6578947368421053,0.5785913819616635,ADMM,2,859
0.29166666666666674,0.2997745829050735,ADMM,2,860
0.2068965517241379,0.23720819487986206,ADMM,2,861
0.30952380952380953,0.26516012752125745,ADMM,2,862
0.6339285714285714,0.6642746006582104,ADMM,2,863
0.3482142857142857,0.29637122221046797,ADMM,2,864
0.4056603773584906,0.4907626877568392,ADMM,2,865
0.6090909090909091,0.6243405440923917,ADMM,2,866
0.23770491803278682,0.3101352056856149,ADMM,2,867
0.5283018867924528,0.5589954530618306,ADMM,2,868
0.12068965517241381,0.28771528927755974,ADMM,2,869
0.13157894736842102,0.2279038651769927,ADMM,2,870
0.4375,0.4360018365547349,ADMM,2,871
0.13559322033898302,0.12768244705837298,ADMM,2,872
0.19999999999999996,0.2947339473525804,ADMM,2,873
0.25,0.33311522745318184,ADMM,2,874
0.6666666666666666,0.524238939616611,ADMM,2,875
0.631578947368421,0.5462346430678536,ADMM,2,876
0.39814814814814814,0.3349554765721736,ADMM,2,877
0.3833333333333333,0.40239838816677514,ADMM,2,878
0.5175438596491229,0.4540989034058923,ADMM,2,879
0.5178571428571429,0.5195835832663246,ADMM,2,880
0.3035714285714286,0.38114268197163764,ADMM,2,881
0.6272727272727273,0.6439267163667183,ADMM,2,882
0.4339622641509434,0.530679434187976,ADMM,2,883
0.34745762711864403,0.34909382894138086,ADMM,2,884
0.05833333333333335,0.060564367674873755,ADMM,2,885
0.4298245614035088,0.3530040533861558,ADMM,2,886
0.5333333333333333,0.5785424727282299,ADMM,2,887
0.2222222222222222,0.2917928595807754,ADMM,2,888
0.75,0.7130048748254788,ADMM,2,889
0.5241935483870968,0.49603757987038943,ADMM,2,890
0.3571428571428572,0.48943037859623034,ADMM,2,891
0.6636363636363637,0.6470993546696246,ADMM,2,892
0.2192982456140351,0.26815650976663985,ADMM,2,893
0.4224137931034483,0.4788706532634622,ADMM,2,894
0.4051724137931034,0.44063708627960335,ADMM,2,895
0.2946428571428572,0.27725804273372695,ADMM,2,896
0.44067796610169485,0.35245386050518324,ADMM,2,897
0.4814814814814814,0.27845048923917454,ADMM,2,898
0.3400000000000001,0.4106604651227206,ADMM,2,899
0.7946428571428571,0.47544181651077144,ADMM,2,900
0.6851851851851852,0.6659508872175383,ADMM,2,901
0.4017857142857143,0.4715633987118285,ADMM,2,902
0.8771929824561403,0.7965126972432465,ADMM,2,903
0.49056603773584906,0.44703535614111706,ADMM,2,904
0.2272727272727273,0.34850265834250826,ADMM,2,905
0.10169491525423724,0.13390406687558834,ADMM,2,906
0.44736842105263164,0.5024217792068666,ADMM,2,907
0.3125,0.37119590031010685,ADMM,2,908
0.24545454545454548,0.27183666248865906,ADMM,2,909
0.4913793103448276,0.6875799186865497,ADMM,2,910
0.4326923076923077,0.665113835455787,ADMM,2,911
0.3620689655172413,0.6350953786773784,ADMM,2,912
0.6982758620689655,0.5550229842389276,ADMM,2,913
0.28181818181818175,0.2856360464026734,ADMM,2,914
0.8389830508474576,0.7294723177803261,ADMM,2,915
0.6454545454545455,0.4462106081343447,ADMM,2,916
0.2666666666666666,0.390742253685429,ADMM,2,917
0.576271186440678,0.4545572476008468,ADMM,2,918
0.26363636363636367,0.24908605687615898,ADMM,2,919
0.5982142857142857,0.529198514931145,ADMM,2,920
0.33333333333333326,0.4238348216739131,ADMM,2,921
0.19090909090909092,0.3528739344632684,ADMM,2,922
0.2777777777777778,0.45189089932237586,ADMM,2,923
0.543859649122807,0.5265540756623573,ADMM,2,924
0.625,0.5670175255391255,ADMM,2,925
0.08490566037735847,0.08844829592812448,ADMM,2,926
0.3392857142857143,0.30376529013179737,ADMM,2,927
0.3035714285714286,0.3244046266394892,ADMM,2,928
0.26415094339622636,0.20684825574899074,ADMM,2,929
0.36363636363636365,0.37168777103369643,ADMM,2,930
0.30327868852459017,0.4043966516633379,ADMM,2,931
0.31034482758620685,0.5102046811394302,ADMM,2,932
0.7068965517241379,0.7336696789907664,ADMM,2,933
0.30327868852459017,0.3145682219747175,ADMM,2,934
0.34375,0.37704014264314323,ADMM,2,935
0.4814814814814814,0.5602152880005561,ADMM,2,936
0.41666666666666674,0.37257616590563797,ADMM,2,937
0.3421052631578947,0.35440369111164843,ADMM,2,938
0.3706896551724138,0.46893510935096805,ADMM,2,939
0.1339285714285714,0.2612460951735444,ADMM,2,940
0.20175438596491224,0.29205879638316756,ADMM,2,941
0.3362068965517242,0.35602155479924236,ADMM,2,942
0.4655172413793103,0.3732405318884455,ADMM,2,943
0.4576271186440678,0.5148993577735872,ADMM,2,944
0.11864406779661019,0.14150757087416338,ADMM,2,945
0.35185185185185186,0.4486959149029749,ADMM,2,946
0.32407407407407407,0.3010884213311825,ADMM,2,947
0.3660714285714286,0.39207773918214195,ADMM,2,948
0.2295081967213115,0.24622257995161978,ADMM,2,949
0.35,0.31038418469431844,ADMM,2,950
0.19444444444444442,0.24137440575562402,ADMM,2,951
0.3666666666666667,0.41923003265136055,ADMM,2,952
0.4516129032258065,0.43681245451440454,ADMM,2,953
0.5272727272727272,0.5446218605309332,ADMM,2,954
0.39655172413793105,0.49465605828516995,ADMM,2,955
0.41129032258064524,0.45781882749329766,ADMM,2,956
0.373015873015873,0.4402948171009514,ADMM,2,957
0.33333333333333326,0.2735450614951282,ADMM,2,958
0.23636363636363633,0.36052620376463895,ADMM,2,959
0.4649122807017544,0.42917958491485825,ADMM,2,960
0.3303571428571428,0.38756484975273486,ADMM,2,961
0.1339285714285714,0.24435972350336024,ADMM,2,962
0.0982142857142857,0.11310629485521462,ADMM,2,963
0.31666666666666665,0.41914446144090206,ADMM,2,964
0.3833333333333333,0.4435957992282728,ADMM,2,965
0.6416666666666667,0.47948014502710273,ADMM,2,966
0.509090909090909,0.4310584889155264,ADMM,2,967
0.3928571428571428,0.39923975450278293,ADMM,2,968
0.1694915254237288,0.1849618439503335,ADMM,2,969
0.4196428571428572,0.3092265447855153,ADMM,2,970
0.45238095238095233,0.36588896439746527,ADMM,2,971
0.5,0.3751366478889538,ADMM,2,972
0.38983050847457634,0.3337165125686023,ADMM,2,973
0.19444444444444442,0.3312847615704683,ADMM,2,974
0.509090909090909,0.5890691883997768,ADMM,2,975
0.25,0.27573213384245665,ADMM,2,976
0.6754385964912281,0.49915926639784675,ADMM,2,977
0.8245614035087719,0.7624726215892476,ADMM,2,978
0.3571428571428572,0.3849175213255522,ADMM,2,979
0.032786885245901676,0.047461549519390286,ADMM,2,980
0.33333333333333326,0.4294835942751781,ADMM,2,981
0.21052631578947367,0.24169919293452444,ADMM,2,982
0.18181818181818188,0.22358374658798477,ADMM,2,983
0.28181818181818175,0.3841409619887174,ADMM,2,984
0.4642857142857143,0.4034659070194498,ADMM,2,985
0.4528301886792453,0.4961689863038653,ADMM,2,986
0.675,0.6710574753886274,ADMM,2,987
0.2333333333333334,0.31407279428277163,ADMM,2,988
0.7796610169491526,0.5838925089576884,ADMM,2,989
0.8559322033898306,0.7647341951259233,ADMM,2,990
0.5338983050847458,0.5095666372199735,ADMM,2,991
0.3392857142857143,0.32809016166931926,ADMM,2,992
0.5689655172413793,0.5877449790608527,ADMM,2,993
0.7678571428571429,0.6287103026361924,ADMM,2,994
0.1454545454545455,0.24281869801704684,ADMM,2,995
0.10377358490566035,0.1631504594105888,ADMM,2,996
0.2583333333333333,0.30355546092579183,ADMM,2,997
0.31034482758620685,0.29820332528804283,ADMM,2,998
0.19090909090909092,0.18289879223502176,ADMM,2,999
0.3157894736842105,0.5036045380021426,ADMM,2,1000
0.5089285714285714,0.573794518255015,ADMM,2,1001
0.6492537313432836,0.6435230753949724,ADMM,2,1002
0.5350877192982456,0.6163828733564872,ADMM,2,1003
0.17500000000000004,0.16483780488012756,ADMM,2,1004
0.5416666666666666,0.55842236088429,ADMM,2,1005
0.5677966101694916,0.5427882261990365,ADMM,2,1006
0.24545454545454548,0.34399790532507374,ADMM,2,1007
0.6228070175438597,0.6286246056847195,ADMM,2,1008
0.2321428571428572,0.2755291875553577,ADMM,2,1009
0.2410714285714286,0.2865858063747667,ADMM,2,1010
0.3125,0.44455297352210954,ADMM,2,1011
0.3125,0.36005724171836273,ADMM,2,1012
0.7844827586206896,0.7253401989879413,ADMM,2,1013
0.2924528301886793,0.3216914151898268,ADMM,2,1014
0.3770491803278688,0.4530180177916107,ADMM,2,1015
0.4913793103448276,0.5001075451387856,ADMM,2,1016
0.1272727272727272,0.22358788874225285,ADMM,2,1017
0.1785714285714286,0.343619540580517,ADMM,2,1018
0.5681818181818182,0.5606083565640846,ADMM,2,1019
0.2627118644067796,0.33413279998777706,ADMM,2,1020
0.23684210526315785,0.2807719333334114,ADMM,2,1021
0.27586206896551724,0.2991045072686698,ADMM,2,1022
0.4285714285714286,0.44847805854424483,ADMM,2,1023
0.19047619047619047,0.22520118457298324,ADMM,2,1024
0.13559322033898302,0.15245864109765384,ADMM,2,1025
0.4017857142857143,0.3899404955624281,ADMM,2,1026
0.6818181818181818,0.5269828765776132,ADMM,2,1027
0.211864406779661,0.2805511738071185,ADMM,2,1028
0.35593220338983045,0.5122811058692938,ADMM,2,1029
0.3909090909090909,0.5161025469643704,ADMM,2,1030
0.47457627118644075,0.46214808089572484,ADMM,2,1031
0.5714285714285714,0.5914001963543899,ADMM,2,1032
0.3305084745762712,0.34964642107169347,ADMM,2,1033
0.8,0.7830341577266955,ADMM,2,1034
0.5166666666666667,0.5350311886118979,ADMM,2,1035
0.20833333333333337,0.2832546686825119,ADMM,2,1036
0.44545454545454544,0.3926446071073125,ADMM,2,1037
0.04166666666666663,0.04866593655561664,ADMM,2,1038
0.39655172413793105,0.3854032559756441,ADMM,2,1039
0.23076923076923084,0.34990700119104884,ADMM,2,1040
0.20370370370370372,0.1911039736826583,ADMM,2,1041
0.30833333333333335,0.44682568211091894,ADMM,2,1042
0.44999999999999996,0.4215697942787966,ADMM,2,1043
0.38596491228070173,0.528918671271238,ADMM,2,1044
0.6181818181818182,0.6336537217930442,ADMM,2,1045
0.25,0.2567287042278243,ADMM,2,1046
0.4083333333333333,0.37838366397223483,ADMM,2,1047
0.9210526315789473,0.706910882250584,ADMM,2,1048
0.635593220338983,0.43686584504113796,ADMM,2,1049
0.06896551724137934,0.15703466509612074,ADMM,2,1050
0.21818181818181814,0.26293720475888843,ADMM,2,1051
0.22499999999999998,0.23577325446452793,ADMM,2,1052
0.45192307692307687,0.3373551360654361,ADMM,2,1053
0.3879310344827587,0.30641297130279216,ADMM,2,1054
0.5172413793103449,0.5172289894312339,ADMM,2,1055
0.19090909090909092,0.28354132672359295,ADMM,2,1056
0.4107142857142857,0.4537684642384578,ADMM,2,1057
0.27192982456140347,0.305225098375403,ADMM,2,1058
0.35593220338983045,0.3131298114486198,ADMM,2,1059
0.37037037037037035,0.3945262379134724,ADMM,2,1060
0.3571428571428572,0.43162463684979185,ADMM,2,1061
0.08771929824561409,0.1465545745711752,ADMM,2,1062
0.26363636363636367,0.361167450236261,ADMM,2,1063
0.2857142857142857,0.4894371730547362,ADMM,2,1064
0.06557377049180324,0.09233569835875235,ADMM,2,1065
0.17213114754098358,0.14256458789234772,ADMM,2,1066
0.04629629629629628,0.07550129090029184,ADMM,2,1067
0.010000000000000009,0.12480451616534517,ADMM,2,1068
0.21551724137931028,0.1866703835229203,ADMM,2,1069
0.0892857142857143,0.1119731530508153,ADMM,2,1070
0.07627118644067798,0.12753778742299982,ADMM,2,1071
0.14754098360655732,0.12366504394844582,ADMM,2,1072
0.3524590163934427,0.38715634025280604,ADMM,2,1073
0.1696428571428572,0.18478750769472274,ADMM,2,1074
0.6759259259259259,0.6030790453005399,ADMM,2,1075
0.35185185185185186,0.34617083058325737,ADMM,2,1076
0.21052631578947367,0.21811374642433165,ADMM,2,1077
0.40740740740740744,0.3777132098898403,ADMM,2,1078
0.5089285714285714,0.49323599964459924,ADMM,2,1079
0.3275862068965517,0.350503865808678,ADMM,2,1080
0.33333333333333326,0.36100448029438764,ADMM,2,1081
0.5350877192982456,0.540864722626635,ADMM,2,1082
0.2321428571428572,0.374189843994563,ADMM,2,1083
0.7131147540983607,0.6057115778482286,ADMM,2,1084
0.2583333333333333,0.2795636530819457,ADMM,2,1085
0.2232142857142857,0.24724856144362822,ADMM,2,1086
0.3679245283018868,0.36667602521805537,ADMM,2,1087
0.5,0.47290617374235033,ADMM,2,1088
0.2767857142857143,0.2786130987991301,ADMM,2,1089
0.22499999999999998,0.22500870796184338,ADMM,2,1090
0.1071428571428571,0.14487836126686693,ADMM,2,1091
0.3771929824561404,0.3014780517314052,ADMM,2,1092
0.5,0.4764489255869801,ADMM,2,1093
0.1517857142857143,0.19863047081851887,ADMM,2,1094
0.2685185185185186,0.165701719173422,ADMM,2,1095
0.22413793103448276,0.29453130538565875,ADMM,2,1096
0.2407407407407407,0.2567907522346036,ADMM,2,1097
0.32692307692307687,0.2664547924798268,ADMM,2,1098
0.2931034482758621,0.28762061076784534,ADMM,2,1099
0.5847457627118644,0.5728885776556693,ADMM,2,1100
0.4,0.526526032013883,ADMM,2,1101
0.2807017543859649,0.4486446664457821,ADMM,2,1102
0.3157894736842105,0.32218634941976576,ADMM,2,1103
0.2894736842105263,0.3882586058518226,ADMM,2,1104
0.3275862068965517,0.3860016680695688,ADMM,2,1105
0.3706896551724138,0.41847365828556093,ADMM,2,1106
0.2586206896551724,0.41255387909124036,ADMM,2,1107
0.24545454545454548,0.41805393096495225,ADMM,2,1108
0.49056603773584906,0.4525446544445063,ADMM,2,1109
0.3706896551724138,0.38133770756368135,ADMM,2,1110
0.5089285714285714,0.45904681308465833,ADMM,2,1111
0.5267857142857143,0.48898402951987535,ADMM,2,1112
0.4385964912280702,0.5011543264858759,ADMM,2,1113
0.13709677419354838,0.23095002463257375,ADMM,2,1114
0.43442622950819665,0.4670648728893069,ADMM,2,1115
0.3482142857142857,0.39109503537095447,ADMM,2,1116
0.16393442622950816,0.23676653504050693,ADMM,2,1117
0.2966101694915254,0.23491466899188737,ADMM,2,1118
0.532258064516129,0.5580588141517898,ADMM,2,1119
0.631578947368421,0.7045723423411829,ADMM,2,1120
0.3181818181818181,0.38048085960639844,ADMM,2,1121
0.27692307692307694,0.27611237147123224,ADMM,2,1122
0.3125,0.3126831704251417,ADMM,2,1123
0.4482758620689655,0.43120866042651934,ADMM,2,1124
0.4385964912280702,0.5442132090550923,ADMM,2,1125
0.2068965517241379,0.22498944370448834,ADMM,2,1126
0.7545454545454545,0.5496098712418924,ADMM,2,1127
0.1692307692307693,0.12816696333546476,ADMM,3,0
0.8507462686567164,0.7508883163397455,ADMM,3,1
0.24626865671641784,0.13203648702101065,ADMM,3,2
0.1691176470588236,0.1625531070288888,ADMM,3,3
0.09848484848484851,0.09476278164570817,ADMM,3,4
0.040983606557377095,0.05084412604474961,ADMM,3,5
0.543859649122807,0.4595082214917541,ADMM,3,6
0.25,0.3087420036608515,ADMM,3,7
0.3305084745762712,0.27987138027219305,ADMM,3,8
0.3671875,0.2630487145137842,ADMM,3,9
0.8484848484848485,0.7157162449091342,ADMM,3,10
0.2033898305084746,0.22863134671590987,ADMM,3,11
0.5970149253731343,0.49038419032780534,ADMM,3,12
0.1311475409836066,0.18701641081620834,ADMM,3,13
0.48461538461538467,0.45190656957854713,ADMM,3,14
0.3046875,0.27541360930605313,ADMM,3,15
0.140625,0.12680151280536153,ADMM,3,16
0.26190476190476186,0.17773150315861058,ADMM,3,17
0.24590163934426235,0.24491572172733417,ADMM,3,18
0.11904761904761907,0.12139177475563923,ADMM,3,19
0.07627118644067798,0.0789053836403428,ADMM,3,20
0.38983050847457634,0.31200665061807964,ADMM,3,21
0.05084745762711862,0.07280223086117164,ADMM,3,22
0.17796610169491522,0.09305733509517866,ADMM,3,23
0.16393442622950816,0.17068008244285357,ADMM,3,24
0.0757575757575758,0.1456926155049745,ADMM,3,25
0.08870967741935487,0.08733740819947784,ADMM,3,26
0.1428571428571428,0.11019863392507742,ADMM,3,27
0.17796610169491522,0.19559821049711432,ADMM,3,28
0.11538461538461542,0.0848317139067694,ADMM,3,29
0.08196721311475408,0.07762493516224447,ADMM,3,30
0.1724137931034483,0.18055500761989346,ADMM,3,31
0.14655172413793105,0.1687972657424154,ADMM,3,32
0.056451612903225756,0.09674210598490263,ADMM,3,33
0.0793650793650793,0.09670539477593336,ADMM,3,34
0.3571428571428572,0.26787814192026604,ADMM,3,35
0.4076923076923077,0.368749050755023,ADMM,3,36
0.16363636363636358,0.14339846469767378,ADMM,3,37
0.12068965517241381,0.16518788237629234,ADMM,3,38
0.19166666666666665,0.19550259063741549,ADMM,3,39
0.11111111111111116,0.1096981556634872,ADMM,3,40
0.08771929824561409,0.04825519052876226,ADMM,3,41
0.08208955223880599,0.0920970638691712,ADMM,3,42
0.265625,0.26613999962725204,ADMM,3,43
0.17460317460317465,0.12015239228388395,ADMM,3,44
0.15000000000000002,0.16527328279089995,ADMM,3,45
0.23809523809523814,0.2500210232456277,ADMM,3,46
0.3181818181818181,0.25693528474144756,ADMM,3,47
0.9761904761904762,0.8675379136687974,ADMM,3,48
0.10185185185185186,0.1044563140293494,ADMM,3,49
0.19444444444444442,0.1606909673726984,ADMM,3,50
0.11016949152542377,0.12647856710033983,ADMM,3,51
0.3070175438596492,0.3182619552248947,ADMM,3,52
0.10526315789473684,0.10544004952431496,ADMM,3,53
0.12878787878787878,0.20938540911634554,ADMM,3,54
0.0636363636363636,0.14482576725587593,ADMM,3,55
0.14754098360655732,0.15743141010652137,ADMM,3,56
0.5172413793103449,0.37838203790784647,ADMM,3,57
0.0803571428571429,0.14171635238220542,ADMM,3,58
0.16666666666666663,0.16391926940064097,ADMM,3,59
0.10833333333333339,0.13025699173873304,ADMM,3,60
0.05555555555555558,0.13618855013055373,ADMM,3,61
0.20491803278688525,0.20248209758145033,ADMM,3,62
0.045454545454545414,0.09617169617632622,ADMM,3,63
0.211864406779661,0.12775806265863704,ADMM,3,64
0.3015873015873016,0.2491279020505197,ADMM,3,65
0.2053571428571428,0.136821409740223,ADMM,3,66
0.42105263157894735,0.39077077022249035,ADMM,3,67
0.12280701754385959,0.12209279750798777,ADMM,3,68
0.3090909090909091,0.2799483195351438,ADMM,3,69
0.05833333333333335,0.10152415760207503,ADMM,3,70
0.1272727272727272,0.16075542145238883,ADMM,3,71
0.19354838709677424,0.17102993861477536,ADMM,3,72
0.07499999999999996,0.09844321065785121,ADMM,3,73
0.06779661016949157,0.09931233973023926,ADMM,3,74
0.07627118644067798,0.0690532090147757,ADMM,3,75
0.1637931034482758,0.13979910348521576,ADMM,3,76
0.17272727272727273,0.18220730610169017,ADMM,3,77
0.06034482758620685,0.08143384999085539,ADMM,3,78
0.15000000000000002,0.14101582029573584,ADMM,3,79
0.435483870967742,0.3630162750211322,ADMM,3,80
0.5526315789473685,0.4088699646759568,ADMM,3,81
0.06666666666666665,0.07822927490724244,ADMM,3,82
0.08196721311475408,0.1669278159630708,ADMM,3,83
0.2589285714285714,0.31932585475429465,ADMM,3,84
0.1272727272727272,0.06162514253441628,ADMM,3,85
0.15322580645161288,0.16303633472586584,ADMM,3,86
0.13559322033898302,0.16850320049676765,ADMM,3,87
0.07547169811320753,0.10162702081276664,ADMM,3,88
0.07894736842105265,0.08222716392565525,ADMM,3,89
0.05737704918032782,0.053732076697080036,ADMM,3,90
0.07499999999999996,0.08112782858999686,ADMM,3,91
0.10909090909090913,0.13740604534647666,ADMM,3,92
0.3363636363636364,0.23589321181509235,ADMM,3,93
0.11016949152542377,0.136854992396083,ADMM,3,94
0.1484375,0.11182318217375702,ADMM,3,95
0.09677419354838712,0.0847206202258817,ADMM,3,96
0.5338983050847458,0.5221903051519224,ADMM,3,97
0.35964912280701755,0.3398066241700198,ADMM,3,98
0.16666666666666663,0.13871719438892272,ADMM,3,99
0.08771929824561409,0.14560302496051988,ADMM,3,100
0.7583333333333333,0.6417368619742884,ADMM,3,101
0.10833333333333339,0.07235252485328446,ADMM,3,102
0.47413793103448276,0.3716171498410783,ADMM,3,103
0.15254237288135597,0.12817024329336046,ADMM,3,104
0.3508771929824561,0.46510665212832364,ADMM,3,105
0.23684210526315785,0.3056229929462795,ADMM,3,106
0.14406779661016955,0.15612580616437216,ADMM,3,107
0.2192982456140351,0.1719955982433847,ADMM,3,108
0.1929824561403508,0.1917679648480187,ADMM,3,109
0.1160714285714286,0.07555755769055877,ADMM,3,110
0.1271186440677966,0.10452752099563706,ADMM,3,111
0.24561403508771928,0.19793095699053317,ADMM,3,112
0.07499999999999996,0.06944980501995443,ADMM,3,113
0.15254237288135597,0.18821398290553126,ADMM,3,114
0.12962962962962965,0.11782091528912188,ADMM,3,115
0.13636363636363635,0.10479505123859668,ADMM,3,116
0.0862068965517242,0.11314329092101681,ADMM,3,117
0.10344827586206895,0.17192890671689962,ADMM,3,118
0.2894736842105263,0.2900550339863813,ADMM,3,119
0.09090909090909094,0.10661366038775114,ADMM,3,120
0.11206896551724133,0.048598328811810164,ADMM,3,121
0.17272727272727273,0.13877739712836665,ADMM,3,122
0.20454545454545459,0.079138189617512,ADMM,3,123
0.07894736842105265,0.139959304893601,ADMM,3,124
0.1694915254237288,0.13411328791383084,ADMM,3,125
0.44067796610169485,0.2822494983506044,ADMM,3,126
0.46825396825396826,0.48031393159014446,ADMM,3,127
0.13157894736842102,0.10774998798134669,ADMM,3,128
0.2033898305084746,0.15666756073297558,ADMM,3,129
0.21311475409836067,0.10127989133602333,ADMM,3,130
0.0862068965517242,0.08573974512831462,ADMM,3,131
0.05263157894736836,0.051635685636659066,ADMM,3,132
0.1311475409836066,0.07142343687864501,ADMM,3,133
0.18333333333333335,0.2554297109789391,ADMM,3,134
0.0847457627118644,0.06147838888422949,ADMM,3,135
0.15740740740740744,0.07939129283324625,ADMM,3,136
0.13157894736842102,0.1783791989933629,ADMM,3,137
0.0423728813559322,0.10606271813688208,ADMM,3,138
0.17543859649122806,0.1959521851634655,ADMM,3,139
0.07627118644067798,0.1260792133228911,ADMM,3,140
0.2666666666666666,0.29336975055803766,ADMM,3,141
0.09259259259259256,0.05963673460306178,ADMM,3,142
0.23275862068965514,0.19864020930276974,ADMM,3,143
0.09999999999999998,0.12981699418306983,ADMM,3,144
0.15573770491803285,0.1649740868616283,ADMM,3,145
0.38596491228070173,0.34161772087835307,ADMM,3,146
0.05263157894736836,0.0989906464342419,ADMM,3,147
0.018181818181818188,0.13949720228734097,ADMM,3,148
0.08181818181818179,0.08154965437199603,ADMM,3,149
0.06140350877192979,0.10979581199037133,ADMM,3,150
0.10526315789473684,0.1479458315381981,ADMM,3,151
0.056451612903225756,0.0943502776733016,ADMM,3,152
0.05084745762711862,0.09269976813941776,ADMM,3,153
0.28688524590163933,0.29537174574528485,ADMM,3,154
0.14655172413793105,0.14360949756373206,ADMM,3,155
0.32407407407407407,0.3415288947385275,ADMM,3,156
0.1339285714285714,0.14929539131871544,ADMM,3,157
0.2909090909090909,0.28060390656662454,ADMM,3,158
0.01754385964912286,0.1026321072064674,ADMM,3,159
0.09166666666666667,0.16786429625461138,ADMM,3,160
0.05084745762711862,0.11683503043987173,ADMM,3,161
0.07758620689655171,0.08984929208811775,ADMM,3,162
0.08064516129032262,0.08985097686159058,ADMM,3,163
0.04385964912280704,0.09835894122043395,ADMM,3,164
0.1428571428571428,0.2348202177264267,ADMM,3,165
0.11818181818181817,0.13131766362937594,ADMM,3,166
0.05263157894736836,0.07246250843434505,ADMM,3,167
0.0431034482758621,0.14822774050842452,ADMM,3,168
0.2457627118644068,0.28570238753388644,ADMM,3,169
0.5258620689655172,0.4366447162287498,ADMM,3,170
0.05737704918032782,0.04887182177271692,ADMM,3,171
0.056451612903225756,0.1701521365890065,ADMM,3,172
0.2543859649122807,0.29155023988297735,ADMM,3,173
0.08196721311475408,0.092388697912093,ADMM,3,174
0.14655172413793105,0.1446582470250003,ADMM,3,175
0.12280701754385959,0.22370133680792223,ADMM,3,176
0.050000000000000044,0.13955161503897331,ADMM,3,177
0.08196721311475408,0.08658341655747745,ADMM,3,178
0.025423728813559365,0.06751590966547645,ADMM,3,179
0.0267857142857143,0.09757351109177834,ADMM,3,180
0.11904761904761907,0.10694801235507125,ADMM,3,181
0.4732142857142857,0.4864143501100656,ADMM,3,182
0.22499999999999998,0.23173018138541202,ADMM,3,183
0.43965517241379315,0.31485427724936055,ADMM,3,184
0.868421052631579,0.8076553699883878,ADMM,3,185
0.2666666666666666,0.181306977435079,ADMM,3,186
0.19491525423728817,0.2504427193906434,ADMM,3,187
0.31034482758620685,0.23617217184288156,ADMM,3,188
0.2589285714285714,0.40323006224408836,ADMM,3,189
0.37037037037037035,0.4286197799875119,ADMM,3,190
0.2931034482758621,0.426578489241961,ADMM,3,191
0.5083333333333333,0.38600302462677094,ADMM,3,192
0.4067796610169492,0.31999863068469475,ADMM,3,193
0.6454545454545455,0.5112906716689322,ADMM,3,194
0.32499999999999996,0.38306168317496914,ADMM,3,195
0.5526315789473685,0.39714369222737406,ADMM,3,196
0.2583333333333333,0.23712945834716564,ADMM,3,197
0.14035087719298245,0.1827889215669376,ADMM,3,198
0.6583333333333333,0.7082170841677694,ADMM,3,199
0.2272727272727273,0.27388527540338137,ADMM,3,200
0.5677966101694916,0.5215003254044303,ADMM,3,201
0.2727272727272727,0.3509974955498584,ADMM,3,202
0.2592592592592593,0.3161669478189083,ADMM,3,203
0.4298245614035088,0.3560836206939786,ADMM,3,204
0.4019607843137255,0.39842749801391325,ADMM,3,205
0.28846153846153844,0.4204249637802957,ADMM,3,206
0.17307692307692313,0.36187013623640985,ADMM,3,207
0.13636363636363635,0.18604211131897827,ADMM,3,208
0.7105263157894737,0.6570991433795269,ADMM,3,209
0.3928571428571428,0.44973604380817483,ADMM,3,210
0.32407407407407407,0.3465652097478442,ADMM,3,211
0.33333333333333326,0.36908988126266307,ADMM,3,212
0.34745762711864403,0.2694459634543052,ADMM,3,213
0.3770491803278688,0.3412552650697011,ADMM,3,214
0.6517857142857143,0.5700009370232149,ADMM,3,215
0.2857142857142857,0.37143774862634876,ADMM,3,216
0.2068965517241379,0.27582754918932484,ADMM,3,217
0.375,0.4034554781220779,ADMM,3,218
0.10909090909090913,0.188649538353301,ADMM,3,219
0.24137931034482762,0.26113999817799327,ADMM,3,220
0.8145161290322581,0.8006970876069273,ADMM,3,221
0.217741935483871,0.29860163668034023,ADMM,3,222
0.2222222222222222,0.2969154298762611,ADMM,3,223
0.2033898305084746,0.31851246754820783,ADMM,3,224
0.3706896551724138,0.47003398680227826,ADMM,3,225
0.23275862068965514,0.2095361832732928,ADMM,3,226
0.7767857142857143,0.6412620762385282,ADMM,3,227
0.6111111111111112,0.5752701244239681,ADMM,3,228
0.3508771929824561,0.371924540569316,ADMM,3,229
0.15254237288135597,0.08947864305814703,ADMM,3,230
0.1785714285714286,0.17883033418846792,ADMM,3,231
0.3125,0.2987352756981914,ADMM,3,232
0.27192982456140347,0.30912633425107894,ADMM,3,233
0.2264150943396226,0.2430859798486411,ADMM,3,234
0.2735849056603774,0.4093207662969757,ADMM,3,235
0.3728813559322034,0.46142091605198576,ADMM,3,236
0.19444444444444442,0.2907554063559486,ADMM,3,237
0.42592592592592593,0.464061679712961,ADMM,3,238
0.23636363636363633,0.4134599492827593,ADMM,3,239
0.5081967213114754,0.5634245540792496,ADMM,3,240
0.2457627118644068,0.3472387664566233,ADMM,3,241
0.3392857142857143,0.3951979539705192,ADMM,3,242
0.3571428571428572,0.3385951972209419,ADMM,3,243
0.19166666666666665,0.15206379831524958,ADMM,3,244
0.21818181818181814,0.25015108092628785,ADMM,3,245
0.2767857142857143,0.3425898803917548,ADMM,3,246
0.5089285714285714,0.5927279507803462,ADMM,3,247
0.2543859649122807,0.3054107171086675,ADMM,3,248
0.2622950819672132,0.4097363571600749,ADMM,3,249
0.2192982456140351,0.33393676350149865,ADMM,3,250
0.42592592592592593,0.39611046111105463,ADMM,3,251
0.1416666666666666,0.30078844175933794,ADMM,3,252
0.3839285714285714,0.38707832399300174,ADMM,3,253
0.43103448275862066,0.4822038963068707,ADMM,3,254
0.07894736842105265,0.22326651908499007,ADMM,3,255
0.2457627118644068,0.3296375631021448,ADMM,3,256
0.17272727272727273,0.2847867789108362,ADMM,3,257
0.5648148148148148,0.2812133850291345,ADMM,3,258
0.2068965517241379,0.22555837898681455,ADMM,3,259
0.3017241379310345,0.41509890403000194,ADMM,3,260
0.10833333333333339,0.18844094650768412,ADMM,3,261
0.28181818181818175,0.21885495131015575,ADMM,3,262
0.5263157894736842,0.5530560661582283,ADMM,3,263
0.2547169811320755,0.3617922568087811,ADMM,3,264
0.35849056603773577,0.4782765962824127,ADMM,3,265
0.543859649122807,0.4748750547754134,ADMM,3,266
0.15833333333333333,0.07580375484998007,ADMM,3,267
0.2592592592592593,0.23049858840572188,ADMM,3,268
0.4017857142857143,0.5563642712841683,ADMM,3,269
0.49122807017543857,0.4412278857574593,ADMM,3,270
0.08771929824561409,0.08977739883054356,ADMM,3,271
0.26363636363636367,0.3002338362420002,ADMM,3,272
0.25,0.2804460178501566,ADMM,3,273
0.38181818181818183,0.44501531023057406,ADMM,3,274
0.5377358490566038,0.5718918812370404,ADMM,3,275
0.47413793103448276,0.522274515926278,ADMM,3,276
0.6090909090909091,0.4642764035895696,ADMM,3,277
0.5725806451612904,0.5011442878094488,ADMM,3,278
0.39830508474576276,0.4220148933018383,ADMM,3,279
0.6228070175438597,0.7053408709142991,ADMM,3,280
0.4833333333333334,0.5613586776864116,ADMM,3,281
0.1293103448275862,0.16372708184418938,ADMM,3,282
0.4811320754716981,0.5352278549226626,ADMM,3,283
0.2894736842105263,0.33280815034055317,ADMM,3,284
0.5603448275862069,0.5556811880411788,ADMM,3,285
0.575,0.4925052642543976,ADMM,3,286
0.5666666666666667,0.5709942858191039,ADMM,3,287
0.368421052631579,0.4297297964086959,ADMM,3,288
0.21818181818181814,0.3488032353012918,ADMM,3,289
0.75,0.752772445488746,ADMM,3,290
0.6944444444444444,0.7568211856328018,ADMM,3,291
0.24528301886792447,0.35673762374359247,ADMM,3,292
0.5089285714285714,0.5465798758106157,ADMM,3,293
0.967741935483871,0.9010736741438905,ADMM,3,294
0.4098360655737705,0.37327708475314325,ADMM,3,295
0.10169491525423724,0.0775185598115744,ADMM,3,296
0.423728813559322,0.4152040332283914,ADMM,3,297
0.2946428571428572,0.3796645565829533,ADMM,3,298
0.18103448275862066,0.23195644031231485,ADMM,3,299
0.4181818181818182,0.4973431180136226,ADMM,3,300
0.48245614035087714,0.49108209244748735,ADMM,3,301
0.3793103448275862,0.5738303409406484,ADMM,3,302
0.6206896551724138,0.6866643935153249,ADMM,3,303
0.2033898305084746,0.23866525594780852,ADMM,3,304
0.4196428571428572,0.4220600595898055,ADMM,3,305
0.9098360655737705,0.7330479466543319,ADMM,3,306
0.639344262295082,0.5017960106783755,ADMM,3,307
0.38983050847457634,0.455639824643624,ADMM,3,308
0.20192307692307687,0.16542781065215229,ADMM,3,309
0.16666666666666663,0.22588782824417694,ADMM,3,310
0.603448275862069,0.5124364305381683,ADMM,3,311
0.21052631578947367,0.22909426218324663,ADMM,3,312
0.42105263157894735,0.27652050632915115,ADMM,3,313
0.28301886792452824,0.24236856475108687,ADMM,3,314
0.3076923076923077,0.3059765072745272,ADMM,3,315
0.423728813559322,0.26620904596432865,ADMM,3,316
0.2596153846153846,0.17951529203356462,ADMM,3,317
0.38983050847457634,0.3638042203733187,ADMM,3,318
0.2142857142857143,0.19351723301012574,ADMM,3,319
0.17272727272727273,0.10146765312184552,ADMM,3,320
0.160377358490566,0.28327149321236655,ADMM,3,321
0.3839285714285714,0.2970309615604445,ADMM,3,322
0.29166666666666674,0.22702278673769982,ADMM,3,323
0.21296296296296302,0.1490228402062563,ADMM,3,324
0.2192982456140351,0.18669742301627343,ADMM,3,325
0.1875,0.15723895817451586,ADMM,3,326
0.18103448275862066,0.13757829980684363,ADMM,3,327
0.2685185185185186,0.13844653173381424,ADMM,3,328
0.2844827586206897,0.266538588852333,ADMM,3,329
0.1696428571428572,0.10859270551719875,ADMM,3,330
0.10344827586206895,0.09562160784492571,ADMM,3,331
0.38181818181818183,0.23969384730856502,ADMM,3,332
0.19491525423728817,0.1249877806865859,ADMM,3,333
0.11403508771929827,0.15739302618808174,ADMM,3,334
0.46226415094339623,0.41992541173455056,ADMM,3,335
0.2090909090909091,0.15792596494147124,ADMM,3,336
0.38983050847457634,0.26956697236704413,ADMM,3,337
0.5,0.3381943989626079,ADMM,3,338
0.24193548387096775,0.18765508379672607,ADMM,3,339
0.3090909090909091,0.23032538343446646,ADMM,3,340
0.37735849056603776,0.2536519100398065,ADMM,3,341
0.15573770491803285,0.09332302408424363,ADMM,3,342
0.18181818181818188,0.12387979374844976,ADMM,3,343
0.6229508196721312,0.3913846204879466,ADMM,3,344
0.11864406779661019,0.1115421878602139,ADMM,3,345
0.19999999999999996,0.1485921952470763,ADMM,3,346
0.2592592592592593,0.1936326615507859,ADMM,3,347
0.32407407407407407,0.2838182480638933,ADMM,3,348
0.3220338983050848,0.2910467758394097,ADMM,3,349
0.4122807017543859,0.35635261510427874,ADMM,3,350
0.17924528301886788,0.2563210725916425,ADMM,3,351
0.5877192982456141,0.5551365711178402,ADMM,3,352
0.4285714285714286,0.35692590403497554,ADMM,3,353
0.5803571428571429,0.5597493809397335,ADMM,3,354
0.3620689655172413,0.3770388196706325,ADMM,3,355
0.42727272727272725,0.44519235410072144,ADMM,3,356
0.3508771929824561,0.3810242166275332,ADMM,3,357
0.41666666666666674,0.4851249763543359,ADMM,3,358
0.11290322580645162,0.1618762922910214,ADMM,3,359
0.19827586206896552,0.2196119959990952,ADMM,3,360
0.6833333333333333,0.5859231481286133,ADMM,3,361
0.16666666666666663,0.20297164083541214,ADMM,3,362
0.423728813559322,0.403245742397379,ADMM,3,363
0.2068965517241379,0.22831877731081252,ADMM,3,364
0.26415094339622636,0.18902900986755197,ADMM,3,365
0.23275862068965514,0.33251766728602056,ADMM,3,366
0.5298507462686567,0.4841533744132104,ADMM,3,367
0.5084745762711864,0.4229428053529568,ADMM,3,368
0.2704918032786885,0.31510344089934245,ADMM,3,369
0.11864406779661019,0.12144651890872005,ADMM,3,370
0.5865384615384616,0.4882604019704888,ADMM,3,371
0.2542372881355932,0.27432502137335735,ADMM,3,372
0.31896551724137934,0.3055468134900649,ADMM,3,373
0.2338709677419355,0.33730838666179197,ADMM,3,374
0.13207547169811318,0.2627270231459721,ADMM,3,375
0.5701754385964912,0.5470406096330563,ADMM,3,376
0.4363636363636363,0.40102054946924237,ADMM,3,377
0.31034482758620685,0.3251060630923734,ADMM,3,378
0.21969696969696972,0.18200102114803063,ADMM,3,379
0.30833333333333335,0.34393117587352795,ADMM,3,380
0.10526315789473684,0.09439733763808728,ADMM,3,381
0.2321428571428572,0.24365188500786852,ADMM,3,382
0.7946428571428571,0.8603386392144119,ADMM,3,383
0.3359375,0.26081760243458946,ADMM,3,384
0.2857142857142857,0.3309821698202924,ADMM,3,385
0.46226415094339623,0.4240800389653387,ADMM,3,386
0.33606557377049184,0.5423253400566401,ADMM,3,387
0.36111111111111116,0.23367457945583328,ADMM,3,388
0.2966101694915254,0.24294542221955373,ADMM,3,389
0.5086206896551724,0.46745450812167233,ADMM,3,390
0.2033898305084746,0.38438407213076614,ADMM,3,391
0.2192982456140351,0.2592279618748182,ADMM,3,392
0.5803571428571429,0.6924407015631276,ADMM,3,393
0.33333333333333326,0.3867156105913575,ADMM,3,394
0.2807017543859649,0.3668658961789611,ADMM,3,395
0.3070175438596492,0.29335648923451146,ADMM,3,396
0.43965517241379315,0.49139386938852153,ADMM,3,397
0.4285714285714286,0.5719993448851819,ADMM,3,398
0.1785714285714286,0.23922762231525518,ADMM,3,399
0.287037037037037,0.34710972353792025,ADMM,3,400
0.23728813559322037,0.25510891454923285,ADMM,3,401
0.25,0.3995042244998176,ADMM,3,402
0.34905660377358494,0.41680886395455957,ADMM,3,403
0.3070175438596492,0.2806333110788898,ADMM,3,404
0.26363636363636367,0.39858450682439445,ADMM,3,405
0.2232142857142857,0.28666458162213554,ADMM,3,406
0.33018867924528306,0.42691435193566085,ADMM,3,407
0.27450980392156865,0.4704501720924768,ADMM,3,408
0.2627118644067796,0.32705367910663014,ADMM,3,409
0.26363636363636367,0.36534582746258326,ADMM,3,410
0.4636363636363636,0.48926470233634534,ADMM,3,411
0.43965517241379315,0.3689066290189751,ADMM,3,412
0.21551724137931028,0.28121749953481395,ADMM,3,413
0.3916666666666666,0.43079245621381534,ADMM,3,414
0.21666666666666667,0.3933353101052104,ADMM,3,415
0.39473684210526316,0.23912553520737204,ADMM,3,416
0.2857142857142857,0.4571216511105638,ADMM,3,417
0.26190476190476186,0.3298606447699597,ADMM,3,418
0.1964285714285714,0.30605914607071405,ADMM,3,419
0.31034482758620685,0.40322237646234294,ADMM,3,420
0.20370370370370372,0.25536939565201155,ADMM,3,421
0.13157894736842102,0.2957138363741952,ADMM,3,422
0.4385964912280702,0.5493820861193353,ADMM,3,423
0.5892857142857143,0.6471246025640668,ADMM,3,424
0.27586206896551724,0.2712521197820668,ADMM,3,425
0.3793103448275862,0.3734721235597486,ADMM,3,426
0.23728813559322037,0.2956226382114448,ADMM,3,427
0.4537037037037037,0.5383005591604012,ADMM,3,428
0.31034482758620685,0.359034813859148,ADMM,3,429
0.2410714285714286,0.36697157103181277,ADMM,3,430
0.421875,0.48530165586806817,ADMM,3,431
0.5,0.5022623062279201,ADMM,3,432
0.3909090909090909,0.4175132706320982,ADMM,3,433
0.3157894736842105,0.35001168215492795,ADMM,3,434
0.4568965517241379,0.4546686547838905,ADMM,3,435
0.21052631578947367,0.2524929589101463,ADMM,3,436
0.24137931034482762,0.31886945647425746,ADMM,3,437
0.12264150943396224,0.18997899754162967,ADMM,3,438
0.36363636363636365,0.40748051156726567,ADMM,3,439
0.3571428571428572,0.33415797978077433,ADMM,3,440
0.5703125,0.3654929846995721,ADMM,3,441
0.3416666666666667,0.4089334645140085,ADMM,3,442
0.22499999999999998,0.30912094831982684,ADMM,3,443
0.5982142857142857,0.5157452869033755,ADMM,3,444
0.39473684210526316,0.4664436650765499,ADMM,3,445
0.1454545454545455,0.20016265003520897,ADMM,3,446
0.2457627118644068,0.322440358607178,ADMM,3,447
0.5,0.43230483435193456,ADMM,3,448
0.4426229508196722,0.3811566442695763,ADMM,3,449
0.07627118644067798,0.06623685088620977,ADMM,3,450
0.27192982456140347,0.2945079108879015,ADMM,3,451
0.1637931034482758,0.276398349581989,ADMM,3,452
0.20370370370370372,0.19075667181339154,ADMM,3,453
0.3214285714285714,0.2817340401652542,ADMM,3,454
0.2232142857142857,0.32782803478668504,ADMM,3,455
0.3909090909090909,0.3582491184593221,ADMM,3,456
0.44166666666666665,0.4995821573005333,ADMM,3,457
0.23684210526315785,0.24785906545511338,ADMM,3,458
0.39830508474576276,0.4638724264643047,ADMM,3,459
0.3790322580645161,0.4634137966874199,ADMM,3,460
0.4811320754716981,0.5143321739686227,ADMM,3,461
0.14754098360655732,0.15486392010747993,ADMM,3,462
0.6363636363636364,0.5479959615618194,ADMM,3,463
0.3771929824561404,0.27458824972711987,ADMM,3,464
0.4772727272727273,0.509186030145984,ADMM,3,465
0.4482758620689655,0.30409067958465014,ADMM,3,466
0.2295081967213115,0.20171010503528475,ADMM,3,467
0.3412698412698413,0.34766993059380596,ADMM,3,468
0.4098360655737705,0.3555025106943322,ADMM,3,469
0.06896551724137934,0.11254481822677193,ADMM,3,470
0.10909090909090913,0.07206894807993172,ADMM,3,471
0.42105263157894735,0.3156553374158026,ADMM,3,472
0.09482758620689657,0.12576501957036845,ADMM,3,473
0.13559322033898302,0.18084803322474027,ADMM,3,474
0.31034482758620685,0.2345993951603263,ADMM,3,475
0.28181818181818175,0.2631046725693729,ADMM,3,476
0.19827586206896552,0.1942056272218067,ADMM,3,477
0.15573770491803285,0.16514465548805332,ADMM,3,478
0.2894736842105263,0.2036895264182441,ADMM,3,479
0.1842105263157895,0.09735847421085807,ADMM,3,480
0.1607142857142857,0.11172848692931245,ADMM,3,481
0.35344827586206895,0.2699951000332283,ADMM,3,482
0.2016129032258065,0.19879429840794532,ADMM,3,483
0.19999999999999996,0.09828613316284128,ADMM,3,484
0.27966101694915246,0.20592181268996296,ADMM,3,485
0.25,0.25302138652392825,ADMM,3,486
0.7105263157894737,0.6173931671910543,ADMM,3,487
0.36363636363636365,0.2769013371928054,ADMM,3,488
0.125,0.12534263856405045,ADMM,3,489
0.5,0.4477041657332216,ADMM,3,490
0.15454545454545454,0.1953489068182544,ADMM,3,491
0.07017543859649122,0.07927124182718329,ADMM,3,492
0.1484375,0.20315400959069,ADMM,3,493
0.3813559322033898,0.2990295453622411,ADMM,3,494
0.2586206896551724,0.13946921090167427,ADMM,3,495
0.16666666666666663,0.14408297565362269,ADMM,3,496
0.525,0.3897375086186178,ADMM,3,497
0.26724137931034475,0.2980193035318919,ADMM,3,498
0.3660714285714286,0.47662505740140115,ADMM,3,499
0.2592592592592593,0.28288856980118293,ADMM,3,500
0.27586206896551724,0.26335757360013257,ADMM,3,501
0.296875,0.3253489163935581,ADMM,3,502
0.27586206896551724,0.4023510469911011,ADMM,3,503
0.3214285714285714,0.3037666084730347,ADMM,3,504
0.5789473684210527,0.47319365816154174,ADMM,3,505
0.4528301886792453,0.40381331974985846,ADMM,3,506
0.5423728813559322,0.5434918884607884,ADMM,3,507
0.3214285714285714,0.3332254067906638,ADMM,3,508
0.5666666666666667,0.4709815533527475,ADMM,3,509
0.3363636363636364,0.5006888065917071,ADMM,3,510
0.2058823529411764,0.349365723336614,ADMM,3,511
0.543859649122807,0.5930802131814673,ADMM,3,512
0.2232142857142857,0.21542616140655213,ADMM,3,513
0.1454545454545455,0.28602206370802796,ADMM,3,514
0.27192982456140347,0.3988887381050635,ADMM,3,515
0.29824561403508776,0.3825256774337688,ADMM,3,516
0.3909090909090909,0.43151956277550024,ADMM,3,517
0.19444444444444442,0.3125304391499028,ADMM,3,518
0.2068965517241379,0.31345913014799714,ADMM,3,519
0.435483870967742,0.42733506151493034,ADMM,3,520
0.32499999999999996,0.31795103392642526,ADMM,3,521
0.25,0.12869734941547198,ADMM,3,522
0.4482758620689655,0.36320634388073975,ADMM,3,523
0.5,0.4850563607730712,ADMM,3,524
0.3846153846153846,0.43630683393456454,ADMM,3,525
0.4107142857142857,0.4388658553359699,ADMM,3,526
0.6311475409836066,0.5423383569869878,ADMM,3,527
0.40909090909090917,0.43461981209263867,ADMM,3,528
0.2807017543859649,0.3870977354656009,ADMM,3,529
0.15254237288135597,0.2749914983890986,ADMM,3,530
0.2314814814814815,0.32485501296129404,ADMM,3,531
0.2786885245901639,0.4095359640822168,ADMM,3,532
0.4916666666666667,0.6336995858802656,ADMM,3,533
0.6349206349206349,0.7084146615079217,ADMM,3,534
0.6057692307692307,0.6047209905463624,ADMM,3,535
0.5714285714285714,0.5980695274626489,ADMM,3,536
0.3727272727272728,0.4545689715019271,ADMM,3,537
0.5789473684210527,0.6207077867793342,ADMM,3,538
0.20833333333333337,0.2741965834467895,ADMM,3,539
0.211864406779661,0.23006957055378716,ADMM,3,540
0.2767857142857143,0.38806700183254716,ADMM,3,541
0.20175438596491224,0.23277764617813487,ADMM,3,542
0.18867924528301883,0.2275366738532053,ADMM,3,543
0.3392857142857143,0.35837947318874297,ADMM,3,544
0.35344827586206895,0.38742883547333806,ADMM,3,545
0.4035087719298245,0.45043000286993484,ADMM,3,546
0.3928571428571428,0.46226097702443164,ADMM,3,547
0.6296296296296297,0.4398664971795217,ADMM,3,548
0.29824561403508776,0.3058538420146589,ADMM,3,549
0.19047619047619047,0.24827046414405735,ADMM,3,550
0.4568965517241379,0.3899363044272011,ADMM,3,551
0.39655172413793105,0.3297499318284113,ADMM,3,552
0.39423076923076916,0.3816196617418438,ADMM,3,553
0.47115384615384615,0.38465405533202335,ADMM,3,554
0.19090909090909092,0.24721423098530632,ADMM,3,555
0.6754385964912281,0.6265464571139384,ADMM,3,556
0.5086206896551724,0.3931026457311352,ADMM,3,557
0.23728813559322037,0.24150095757354084,ADMM,3,558
0.4528301886792453,0.4638557825036522,ADMM,3,559
0.2627118644067796,0.2816712785788253,ADMM,3,560
0.13888888888888884,0.18551389703082904,ADMM,3,561
0.368421052631579,0.49880675731770513,ADMM,3,562
0.4568965517241379,0.4433439977542769,ADMM,3,563
0.22807017543859653,0.32618456282045344,ADMM,3,564
0.41666666666666674,0.5161853570912518,ADMM,3,565
0.3362068965517242,0.44135006136882166,ADMM,3,566
0.6578947368421053,0.5918630815624255,ADMM,3,567
0.5350877192982456,0.49402227821258704,ADMM,3,568
0.7543859649122807,0.7649369053227388,ADMM,3,569
0.4636363636363636,0.5638244073680632,ADMM,3,570
0.631578947368421,0.6406553926453588,ADMM,3,571
0.30645161290322576,0.39750748373437766,ADMM,3,572
0.287037037037037,0.34552969530853,ADMM,3,573
0.2592592592592593,0.32269210938454246,ADMM,3,574
0.26415094339622636,0.21996156632047723,ADMM,3,575
0.18333333333333335,0.13648476359566386,ADMM,3,576
0.7166666666666667,0.6270674138143285,ADMM,3,577
0.5877192982456141,0.43932456476665815,ADMM,3,578
0.6181818181818182,0.6672477614653387,ADMM,3,579
0.5416666666666666,0.4632887305961769,ADMM,3,580
0.4181818181818182,0.48260072384083297,ADMM,3,581
0.6785714285714286,0.6043234826398979,ADMM,3,582
0.3363636363636364,0.39554002509495134,ADMM,3,583
0.2333333333333334,0.3782642152846774,ADMM,3,584
0.5901639344262295,0.44061745607974767,ADMM,3,585
0.39622641509433965,0.46208011964033685,ADMM,3,586
0.5847457627118644,0.5709797330975785,ADMM,3,587
0.09482758620689657,0.10331086274018395,ADMM,3,588
0.4298245614035088,0.41639080580700033,ADMM,3,589
0.3879310344827587,0.4702773304921021,ADMM,3,590
0.2053571428571428,0.24931277271633842,ADMM,3,591
0.3303571428571428,0.4529751202114783,ADMM,3,592
0.25,0.4026020772841551,ADMM,3,593
0.1875,0.2455323481420335,ADMM,3,594
0.825,0.7930281487909195,ADMM,3,595
0.3879310344827587,0.3382438977916331,ADMM,3,596
0.5849056603773585,0.5075017229625353,ADMM,3,597
0.4152542372881356,0.5485268348718619,ADMM,3,598
0.2589285714285714,0.39558002132298387,ADMM,3,599
0.4918032786885246,0.3998672711412922,ADMM,3,600
0.6833333333333333,0.6486367880563015,ADMM,3,601
0.603448275862069,0.5369130957968987,ADMM,3,602
0.6363636363636364,0.5990434434284901,ADMM,3,603
0.34905660377358494,0.3449127294529235,ADMM,3,604
0.23728813559322037,0.23250683701608021,ADMM,3,605
0.21052631578947367,0.2696309195414169,ADMM,3,606
0.31896551724137934,0.28307516984568776,ADMM,3,607
0.2421875,0.1830932006999139,ADMM,3,608
0.4722222222222222,0.44036877568980876,ADMM,3,609
0.38181818181818183,0.25965457743228626,ADMM,3,610
0.6339285714285714,0.5782008246523559,ADMM,3,611
0.4285714285714286,0.32353366065500005,ADMM,3,612
0.4035087719298245,0.3750028857858441,ADMM,3,613
0.5089285714285714,0.5426423553808005,ADMM,3,614
0.3113207547169812,0.29933926018349055,ADMM,3,615
0.17592592592592593,0.240076311996642,ADMM,3,616
0.21818181818181814,0.2577853740202355,ADMM,3,617
0.7545454545454545,0.7314072225246546,ADMM,3,618
0.5471698113207547,0.38993683951370617,ADMM,3,619
0.11206896551724133,0.12068884505854066,ADMM,3,620
0.6810344827586207,0.6153208705482888,ADMM,3,621
0.17924528301886788,0.2120552640497588,ADMM,3,622
0.09322033898305082,0.17796037221806346,ADMM,3,623
0.3157894736842105,0.2976107399500333,ADMM,3,624
0.3660714285714286,0.30386267947412776,ADMM,3,625
0.1885245901639344,0.27984345182222464,ADMM,3,626
0.5350877192982456,0.5899176631096066,ADMM,3,627
0.44999999999999996,0.36214244766737835,ADMM,3,628
0.31034482758620685,0.18396533102481383,ADMM,3,629
0.5423728813559322,0.5680320993321069,ADMM,3,630
0.46031746031746024,0.446566830255008,ADMM,3,631
0.4035087719298245,0.4325732055222897,ADMM,3,632
0.6140350877192983,0.5699707088900487,ADMM,3,633
0.4642857142857143,0.4616990021422839,ADMM,3,634
0.2946428571428572,0.37070675139527703,ADMM,3,635
0.27966101694915246,0.32430636667144086,ADMM,3,636
0.37735849056603776,0.2669269586051952,ADMM,3,637
0.29166666666666674,0.3613550089982569,ADMM,3,638
0.2338709677419355,0.2922452070140656,ADMM,3,639
0.4818181818181818,0.4268004121645517,ADMM,3,640
0.4537037037037037,0.41006874929598786,ADMM,3,641
0.43103448275862066,0.39268041691593303,ADMM,3,642
0.3545454545454545,0.42401659647667966,ADMM,3,643
0.3727272727272728,0.584297608232535,ADMM,3,644
0.3070175438596492,0.36096136369640985,ADMM,3,645
0.3090909090909091,0.4055990727603519,ADMM,3,646
0.5,0.5649694705860449,ADMM,3,647
0.34905660377358494,0.4705349492482873,ADMM,3,648
0.5,0.4348479832593886,ADMM,3,649
0.39814814814814814,0.39662169393021124,ADMM,3,650
0.17543859649122806,0.25067296423186625,ADMM,3,651
0.7982456140350878,0.6405113317463944,ADMM,3,652
0.47540983606557374,0.5616822788553969,ADMM,3,653
0.21311475409836067,0.2285403617566631,ADMM,3,654
0.3771929824561404,0.5435065249562264,ADMM,3,655
0.20967741935483875,0.3213514187151293,ADMM,3,656
0.2232142857142857,0.24576007581473366,ADMM,3,657
0.4655172413793103,0.47395163901210763,ADMM,3,658
0.34615384615384615,0.3366911369292812,ADMM,3,659
0.3728813559322034,0.3735998386630282,ADMM,3,660
0.4722222222222222,0.5279070165723388,ADMM,3,661
0.4051724137931034,0.4345156423039802,ADMM,3,662
0.49122807017543857,0.4923536131491044,ADMM,3,663
0.9224137931034483,0.878492297241189,ADMM,3,664
0.2192982456140351,0.23524770027738642,ADMM,3,665
0.4083333333333333,0.4228377838901019,ADMM,3,666
0.17272727272727273,0.2497562976835811,ADMM,3,667
0.27118644067796605,0.35961979984411707,ADMM,3,668
0.24561403508771928,0.24355115822783374,ADMM,3,669
0.3909090909090909,0.4326923174203538,ADMM,3,670
0.2547169811320755,0.3095777329771293,ADMM,3,671
0.7142857142857143,0.663965114954125,ADMM,3,672
0.6551724137931034,0.7223055929346568,ADMM,3,673
0.3278688524590163,0.32730869673008645,ADMM,3,674
0.5083333333333333,0.5693837916627696,ADMM,3,675
0.1785714285714286,0.2491250849497578,ADMM,3,676
0.22807017543859653,0.2608366640653387,ADMM,3,677
0.1923076923076923,0.2994971482421183,ADMM,3,678
0.631578947368421,0.5758271681014325,ADMM,3,679
0.8947368421052632,0.7845780351108328,ADMM,3,680
0.10169491525423724,0.0672496521187815,ADMM,3,681
0.4491525423728814,0.4232876004718563,ADMM,3,682
0.2090909090909091,0.21765968941953007,ADMM,3,683
0.1929824561403508,0.2786900528678608,ADMM,3,684
0.2844827586206897,0.26958883495372526,ADMM,3,685
0.31896551724137934,0.41549197424800594,ADMM,3,686
0.12037037037037035,0.23836477149157986,ADMM,3,687
0.525,0.5719814315049794,ADMM,3,688
0.35964912280701755,0.33924353072751284,ADMM,3,689
0.2983870967741935,0.3981329029295355,ADMM,3,690
0.6166666666666667,0.5692443558332562,ADMM,3,691
0.5901639344262295,0.5335828482013392,ADMM,3,692
0.5350877192982456,0.543634727866294,ADMM,3,693
0.36440677966101687,0.4742399605982914,ADMM,3,694
0.2807017543859649,0.2963909329857396,ADMM,3,695
0.22413793103448276,0.22511069501460962,ADMM,3,696
0.6,0.49587077480989916,ADMM,3,697
0.2777777777777778,0.17881906526256,ADMM,3,698
0.6578947368421053,0.6659851749473423,ADMM,3,699
0.4363636363636363,0.4082611336711357,ADMM,3,700
0.39655172413793105,0.47701221409580535,ADMM,3,701
0.4067796610169492,0.421421634787205,ADMM,3,702
0.2931034482758621,0.4036811701985239,ADMM,3,703
0.29166666666666674,0.4103803691248235,ADMM,3,704
0.3125,0.41918281678837055,ADMM,3,705
0.34259259259259256,0.42303329029256626,ADMM,3,706
0.4298245614035088,0.4306728293298277,ADMM,3,707
0.5727272727272728,0.5759287194958863,ADMM,3,708
0.42307692307692313,0.3935619705279931,ADMM,3,709
0.10344827586206895,0.03821047975163897,ADMM,3,710
0.6428571428571429,0.5901264709576022,ADMM,3,711
0.5416666666666666,0.6129414912212202,ADMM,3,712
0.2033898305084746,0.16348910301676997,ADMM,3,713
0.7203389830508474,0.6111494262840619,ADMM,3,714
0.2767857142857143,0.3472594629394378,ADMM,3,715
0.2142857142857143,0.299175133041914,ADMM,3,716
0.5357142857142857,0.5816483694477372,ADMM,3,717
0.2421875,0.36998173311494625,ADMM,3,718
0.4351851851851851,0.39138674292621595,ADMM,3,719
0.31896551724137934,0.36214808203718957,ADMM,3,720
0.19999999999999996,0.30080549624762876,ADMM,3,721
0.1610169491525424,0.24651777171722375,ADMM,3,722
0.375,0.4328457519120277,ADMM,3,723
0.1428571428571428,0.20243191438879954,ADMM,3,724
0.2946428571428572,0.29886726507804606,ADMM,3,725
0.10377358490566035,0.17732454350591875,ADMM,3,726
0.2946428571428572,0.3933778213245104,ADMM,3,727
0.2857142857142857,0.3498702006846516,ADMM,3,728
0.7719298245614035,0.6677456768646796,ADMM,3,729
0.7166666666666667,0.7288585652727695,ADMM,3,730
0.4137931034482758,0.31512572775432723,ADMM,3,731
0.46226415094339623,0.5056981206729912,ADMM,3,732
0.2410714285714286,0.2820819216637822,ADMM,3,733
0.2589285714285714,0.31382804003999254,ADMM,3,734
0.2807017543859649,0.410260826760369,ADMM,3,735
0.44545454545454544,0.47170334867482255,ADMM,3,736
0.8706896551724138,0.7059704866292369,ADMM,3,737
0.018181818181818188,0.09653944138659966,ADMM,3,738
0.5701754385964912,0.5309451576267359,ADMM,3,739
0.2407407407407407,0.2207409460632047,ADMM,3,740
0.20370370370370372,0.24169344599921666,ADMM,3,741
0.3545454545454545,0.3495679862921097,ADMM,3,742
0.2547169811320755,0.3702054852032928,ADMM,3,743
0.13636363636363635,0.2653275205855641,ADMM,3,744
0.4913793103448276,0.5809543404289742,ADMM,3,745
0.24561403508771928,0.37044707418198086,ADMM,3,746
0.603448275862069,0.5650094085533249,ADMM,3,747
0.5526315789473685,0.48903788929020664,ADMM,3,748
0.38888888888888884,0.3832667786562939,ADMM,3,749
0.35964912280701755,0.47915587420507355,ADMM,3,750
0.3545454545454545,0.31640698160079683,ADMM,3,751
0.5272727272727272,0.6493359736833084,ADMM,3,752
0.4907407407407407,0.47916523465392924,ADMM,3,753
0.4351851851851851,0.4957790512850765,ADMM,3,754
0.5789473684210527,0.6109959469419275,ADMM,3,755
0.35964912280701755,0.49219873066180725,ADMM,3,756
0.16666666666666663,0.28520139253440907,ADMM,3,757
0.2857142857142857,0.2917804360137953,ADMM,3,758
0.5576923076923077,0.5342132408554747,ADMM,3,759
0.6403508771929824,0.6622983101824806,ADMM,3,760
0.3363636363636364,0.37623105994536316,ADMM,3,761
0.6160714285714286,0.5822900700964704,ADMM,3,762
0.5446428571428571,0.600117575777565,ADMM,3,763
0.27966101694915246,0.3515906672488849,ADMM,3,764
0.3306451612903225,0.3650366045469892,ADMM,3,765
0.18867924528301883,0.270522411922449,ADMM,3,766
0.4375,0.4210640418426023,ADMM,3,767
0.509090909090909,0.4763651793406129,ADMM,3,768
0.3771929824561404,0.5060896400136713,ADMM,3,769
0.43103448275862066,0.4888140541143942,ADMM,3,770
0.4056603773584906,0.5076455906018176,ADMM,3,771
0.5267857142857143,0.6299218415935,ADMM,3,772
0.25,0.2150355947259825,ADMM,3,773
0.4818181818181818,0.4596293781847435,ADMM,3,774
0.6759259259259259,0.5446962427807406,ADMM,3,775
0.287037037037037,0.33129051578538393,ADMM,3,776
0.09523809523809523,0.12883483454786182,ADMM,3,777
0.4224137931034483,0.3983980010743675,ADMM,3,778
0.2909090909090909,0.2961258319007116,ADMM,3,779
0.27192982456140347,0.36771667664179813,ADMM,3,780
0.3771929824561404,0.46433426616851065,ADMM,3,781
0.5094339622641509,0.48469070308769474,ADMM,3,782
0.3545454545454545,0.5191940880806095,ADMM,3,783
0.13492063492063489,0.22126861708030376,ADMM,3,784
0.55,0.5691277494751238,ADMM,3,785
0.45614035087719296,0.48183292715930914,ADMM,3,786
0.2410714285714286,0.25318978512773405,ADMM,3,787
0.288135593220339,0.46568409865852234,ADMM,3,788
0.35344827586206895,0.5193083414321724,ADMM,3,789
0.5614035087719298,0.5842943087261424,ADMM,3,790
0.1428571428571428,0.13565120486588125,ADMM,3,791
0.3214285714285714,0.31142106457070406,ADMM,3,792
0.2314814814814815,0.2292707783654993,ADMM,3,793
0.4553571428571428,0.2886795274841926,ADMM,3,794
0.3017241379310345,0.3815030484552824,ADMM,3,795
0.4716981132075472,0.40162846317260087,ADMM,3,796
0.49122807017543857,0.5244268066984841,ADMM,3,797
0.4,0.48050471382198545,ADMM,3,798
0.18867924528301883,0.26793358177875987,ADMM,3,799
0.3070175438596492,0.4775802202108646,ADMM,3,800
0.38983050847457634,0.5153165822439767,ADMM,3,801
0.4553571428571428,0.4908665591518426,ADMM,3,802
0.2416666666666667,0.1477511043580172,ADMM,3,803
0.6186440677966102,0.5836983194392632,ADMM,3,804
0.26724137931034475,0.3315136401685589,ADMM,3,805
0.17592592592592593,0.2729970392297492,ADMM,3,806
0.1637931034482758,0.2542413949181864,ADMM,3,807
0.22881355932203395,0.2738631674485799,ADMM,3,808
0.1311475409836066,0.25023045206528916,ADMM,3,809
0.1271186440677966,0.13780076000737085,ADMM,3,810
0.185483870967742,0.16949356239681507,ADMM,3,811
0.8909090909090909,0.7386638106727239,ADMM,3,812
0.5175438596491229,0.46067443926727153,ADMM,3,813
0.09090909090909094,0.1640015692953815,ADMM,3,814
0.17272727272727273,0.2443829144568952,ADMM,3,815
0.6,0.6381631824381246,ADMM,3,816
0.16666666666666663,0.1734824061507721,ADMM,3,817
0.7807017543859649,0.5737716182791233,ADMM,3,818
0.2627118644067796,0.44581817953956293,ADMM,3,819
0.2589285714285714,0.20568304879341068,ADMM,3,820
0.2962962962962963,0.31195471489300164,ADMM,3,821
0.18103448275862066,0.15097610652878,ADMM,3,822
0.11864406779661019,0.20974178005164587,ADMM,3,823
0.6428571428571429,0.5475410285504988,ADMM,3,824
0.2033898305084746,0.20208401612749713,ADMM,3,825
0.11403508771929827,0.22428114765807597,ADMM,3,826
0.3660714285714286,0.32524683660590686,ADMM,3,827
0.2661290322580645,0.4156796395233572,ADMM,3,828
0.27966101694915246,0.4121995403913378,ADMM,3,829
0.3055555555555556,0.4670353415097949,ADMM,3,830
0.3090909090909091,0.39001313822492023,ADMM,3,831
0.29807692307692313,0.418256798682376,ADMM,3,832
0.15833333333333333,0.2706699514215485,ADMM,3,833
0.3017241379310345,0.36774653546763086,ADMM,3,834
0.3870967741935484,0.37356687696376173,ADMM,3,835
0.23584905660377364,0.24811770996010088,ADMM,3,836
0.2457627118644068,0.328339647204995,ADMM,3,837
0.41666666666666674,0.48467605000487457,ADMM,3,838
0.4017857142857143,0.5041571327837004,ADMM,3,839
0.047169811320754707,0.05345102975962521,ADMM,3,840
0.27118644067796605,0.23969754398294318,ADMM,3,841
0.2767857142857143,0.30967586889338977,ADMM,3,842
0.3125,0.37406912863790537,ADMM,3,843
0.6271186440677966,0.5076734945263749,ADMM,3,844
0.5714285714285714,0.558320452104468,ADMM,3,845
0.75,0.6306397555295948,ADMM,3,846
0.3018867924528301,0.40581827470603893,ADMM,3,847
0.2407407407407407,0.3273229786025944,ADMM,3,848
0.21818181818181814,0.26998782212957734,ADMM,3,849
0.5,0.5139540640882646,ADMM,3,850
0.25,0.3410920416220903,ADMM,3,851
0.17500000000000004,0.24208344401942353,ADMM,3,852
0.1694915254237288,0.3109710727309031,ADMM,3,853
0.20370370370370372,0.3366598311889053,ADMM,3,854
0.25,0.33814085691678064,ADMM,3,855
0.1578947368421053,0.24425376320966694,ADMM,3,856
0.23684210526315785,0.20897456053184574,ADMM,3,857
0.20175438596491224,0.35208638096146333,ADMM,3,858
0.6578947368421053,0.6029888528922521,ADMM,3,859
0.29166666666666674,0.3574572716376326,ADMM,3,860
0.2068965517241379,0.2540679123943065,ADMM,3,861
0.30952380952380953,0.286449834784621,ADMM,3,862
0.6339285714285714,0.6516735168286275,ADMM,3,863
0.3482142857142857,0.2962063463034308,ADMM,3,864
0.4056603773584906,0.49879010947755786,ADMM,3,865
0.6090909090909091,0.59201471843073,ADMM,3,866
0.23770491803278682,0.31901038306456597,ADMM,3,867
0.5283018867924528,0.5524083503410777,ADMM,3,868
0.12068965517241381,0.32940315981705676,ADMM,3,869
0.13157894736842102,0.2185578982212729,ADMM,3,870
0.4375,0.44388271579043176,ADMM,3,871
0.13559322033898302,0.15008573124021204,ADMM,3,872
0.19999999999999996,0.2728950804843905,ADMM,3,873
0.25,0.339919969729014,ADMM,3,874
0.6666666666666666,0.5377733237605118,ADMM,3,875
0.631578947368421,0.5738842880032122,ADMM,3,876
0.39814814814814814,0.32193516637450964,ADMM,3,877
0.3833333333333333,0.4181804860634605,ADMM,3,878
0.5175438596491229,0.4308599442616594,ADMM,3,879
0.5178571428571429,0.5189493480285715,ADMM,3,880
0.3035714285714286,0.3965280864750772,ADMM,3,881
0.6272727272727273,0.6593696868149517,ADMM,3,882
0.4339622641509434,0.5350900266034817,ADMM,3,883
0.34745762711864403,0.3280181911302483,ADMM,3,884
0.05833333333333335,0.07753219154372738,ADMM,3,885
0.4298245614035088,0.3669172608621692,ADMM,3,886
0.5333333333333333,0.5818618600080135,ADMM,3,887
0.2222222222222222,0.31277723127124957,ADMM,3,888
0.75,0.7119614458704169,ADMM,3,889
0.5241935483870968,0.5116138031452931,ADMM,3,890
0.3571428571428572,0.4956749980059577,ADMM,3,891
0.6636363636363637,0.6586041528918641,ADMM,3,892
0.2192982456140351,0.2617659119332662,ADMM,3,893
0.4224137931034483,0.45353142496777177,ADMM,3,894
0.4051724137931034,0.4118373519082078,ADMM,3,895
0.2946428571428572,0.27406479115306737,ADMM,3,896
0.44067796610169485,0.3807254016321739,ADMM,3,897
0.4814814814814814,0.3212883430504649,ADMM,3,898
0.3400000000000001,0.3619504601501612,ADMM,3,899
0.7946428571428571,0.5357920495307106,ADMM,3,900
0.6851851851851852,0.628129779212973,ADMM,3,901
0.4017857142857143,0.5085799686785848,ADMM,3,902
0.8771929824561403,0.8237583084791806,ADMM,3,903
0.49056603773584906,0.4769245147852749,ADMM,3,904
0.2272727272727273,0.3496152995203623,ADMM,3,905
0.10169491525423724,0.1185062953850533,ADMM,3,906
0.44736842105263164,0.4999965645341798,ADMM,3,907
0.3125,0.38291645996841145,ADMM,3,908
0.24545454545454548,0.2627294883234548,ADMM,3,909
0.4913793103448276,0.6763546128971579,ADMM,3,910
0.4326923076923077,0.6390143700564198,ADMM,3,911
0.3620689655172413,0.6777686324490735,ADMM,3,912
0.6982758620689655,0.5609868998189463,ADMM,3,913
0.28181818181818175,0.2992904790090587,ADMM,3,914
0.8389830508474576,0.7341693044407729,ADMM,3,915
0.6454545454545455,0.4483335414341048,ADMM,3,916
0.2666666666666666,0.3922111937993696,ADMM,3,917
0.576271186440678,0.49990618009829835,ADMM,3,918
0.26363636363636367,0.2702189473255698,ADMM,3,919
0.5982142857142857,0.5748161267708584,ADMM,3,920
0.33333333333333326,0.4371567620338045,ADMM,3,921
0.19090909090909092,0.3638554812822756,ADMM,3,922
0.2777777777777778,0.4975580044094037,ADMM,3,923
0.543859649122807,0.531993367070659,ADMM,3,924
0.625,0.5878642870410046,ADMM,3,925
0.08490566037735847,0.07814818340692413,ADMM,3,926
0.3392857142857143,0.3250204172566292,ADMM,3,927
0.3035714285714286,0.30346165908295264,ADMM,3,928
0.26415094339622636,0.21400872190428025,ADMM,3,929
0.36363636363636365,0.38471730785458147,ADMM,3,930
0.30327868852459017,0.42772048889576175,ADMM,3,931
0.31034482758620685,0.5267371602550923,ADMM,3,932
0.7068965517241379,0.7241237029928196,ADMM,3,933
0.30327868852459017,0.32563274083756905,ADMM,3,934
0.34375,0.4036298856696484,ADMM,3,935
0.4814814814814814,0.5676885378874413,ADMM,3,936
0.41666666666666674,0.3612611921323221,ADMM,3,937
0.3421052631578947,0.3041937549078447,ADMM,3,938
0.3706896551724138,0.49801449351019766,ADMM,3,939
0.1339285714285714,0.21931302283321494,ADMM,3,940
0.20175438596491224,0.3335120553652616,ADMM,3,941
0.3362068965517242,0.39501997958774837,ADMM,3,942
0.4655172413793103,0.41044468118532296,ADMM,3,943
0.4576271186440678,0.4913092084773186,ADMM,3,944
0.11864406779661019,0.14743489556859482,ADMM,3,945
0.35185185185185186,0.4453235761952712,ADMM,3,946
0.32407407407407407,0.2913896917286803,ADMM,3,947
0.3660714285714286,0.3955195809327603,ADMM,3,948
0.2295081967213115,0.2607651605951569,ADMM,3,949
0.35,0.28955249640655006,ADMM,3,950
0.19444444444444442,0.2675126840043036,ADMM,3,951
0.3666666666666667,0.39632660266869,ADMM,3,952
0.4516129032258065,0.4445254906400013,ADMM,3,953
0.5272727272727272,0.5271690158910343,ADMM,3,954
0.39655172413793105,0.4836249769117061,ADMM,3,955
0.41129032258064524,0.4824708824364413,ADMM,3,956
0.373015873015873,0.439833139911968,ADMM,3,957
0.33333333333333326,0.31363615606688344,ADMM,3,958
0.23636363636363633,0.36269547291150034,ADMM,3,959
0.4649122807017544,0.4152716452494858,ADMM,3,960
0.3303571428571428,0.38149798001145824,ADMM,3,961
0.1339285714285714,0.2729053114762039,ADMM,3,962
0.0982142857142857,0.13081054567565387,ADMM,3,963
0.31666666666666665,0.4517163700633113,ADMM,3,964
0.3833333333333333,0.4990896873973644,ADMM,3,965
0.6416666666666667,0.4893967088793431,ADMM,3,966
0.509090909090909,0.46162823477463855,ADMM,3,967
0.3928571428571428,0.3988609064567972,ADMM,3,968
0.1694915254237288,0.14580011974953214,ADMM,3,969
0.4196428571428572,0.37046431294044463,ADMM,3,970
0.45238095238095233,0.36731459246264964,ADMM,3,971
0.5,0.3867151881719968,ADMM,3,972
0.38983050847457634,0.3763439091729979,ADMM,3,973
0.19444444444444442,0.3276975285749478,ADMM,3,974
0.509090909090909,0.5941667749609009,ADMM,3,975
0.25,0.29783989170780845,ADMM,3,976
0.6754385964912281,0.5135636981651595,ADMM,3,977
0.8245614035087719,0.7797188236215836,ADMM,3,978
0.3571428571428572,0.3530636472872818,ADMM,3,979
0.032786885245901676,0.05014451222782854,ADMM,3,980
0.33333333333333326,0.4626371824873267,ADMM,3,981
0.21052631578947367,0.23898084886765367,ADMM,3,982
0.18181818181818188,0.2560811584330418,ADMM,3,983
0.28181818181818175,0.3880685461133319,ADMM,3,984
0.4642857142857143,0.4501199658947476,ADMM,3,985
0.4528301886792453,0.5166941156612564,ADMM,3,986
0.675,0.6607615511004141,ADMM,3,987
0.2333333333333334,0.3628772351141526,ADMM,3,988
0.7796610169491526,0.5869746510396562,ADMM,3,989
0.8559322033898306,0.7505943379708578,ADMM,3,990
0.5338983050847458,0.5804353911850272,ADMM,3,991
0.3392857142857143,0.3400472981541726,ADMM,3,992
0.5689655172413793,0.5817136580375227,ADMM,3,993
0.7678571428571429,0.6398301098770829,ADMM,3,994
0.1454545454545455,0.25522774727067754,ADMM,3,995
0.10377358490566035,0.13998255447648303,ADMM,3,996
0.2583333333333333,0.31774921689764285,ADMM,3,997
0.31034482758620685,0.33289666341305746,ADMM,3,998
0.19090909090909092,0.18668747372334743,ADMM,3,999
0.3157894736842105,0.5020124212267536,ADMM,3,1000
0.5089285714285714,0.5730121778674453,ADMM,3,1001
0.6492537313432836,0.6403427867455845,ADMM,3,1002
0.5350877192982456,0.6601874982164125,ADMM,3,1003
0.17500000000000004,0.16002195996868873,ADMM,3,1004
0.5416666666666666,0.5575170574123541,ADMM,3,1005
0.5677966101694916,0.5482610151093094,ADMM,3,1006
0.24545454545454548,0.35690169622810586,ADMM,3,1007
0.6228070175438597,0.6508536871632575,ADMM,3,1008
0.2321428571428572,0.2779226553788273,ADMM,3,1009
0.2410714285714286,0.2955818755550885,ADMM,3,1010
0.3125,0.44353466101572175,ADMM,3,1011
0.3125,0.367461670203964,ADMM,3,1012
0.7844827586206896,0.7160479705565258,ADMM,3,1013
0.2924528301886793,0.3171105674932774,ADMM,3,1014
0.3770491803278688,0.4396156117538869,ADMM,3,1015
0.4913793103448276,0.5358426106775728,ADMM,3,1016
0.1272727272727272,0.223489971570634,ADMM,3,1017
0.1785714285714286,0.34556213026037047,ADMM,3,1018
0.5681818181818182,0.5752169748630602,ADMM,3,1019
0.2627118644067796,0.32725038266463585,ADMM,3,1020
0.23684210526315785,0.30011470597124706,ADMM,3,1021
0.27586206896551724,0.3055259198307086,ADMM,3,1022
0.4285714285714286,0.44572502306726225,ADMM,3,1023
0.19047619047619047,0.24029496328851452,ADMM,3,1024
0.13559322033898302,0.17275800036509423,ADMM,3,1025
0.4017857142857143,0.3866321244138041,ADMM,3,1026
0.6818181818181818,0.48109381850226446,ADMM,3,1027
0.211864406779661,0.2764193564004561,ADMM,3,1028
0.35593220338983045,0.5280328351414352,ADMM,3,1029
0.3909090909090909,0.5239351325843855,ADMM,3,1030
0.47457627118644075,0.4704057522301527,ADMM,3,1031
0.5714285714285714,0.6108809079861511,ADMM,3,1032
0.3305084745762712,0.3437872761814948,ADMM,3,1033
0.8,0.788604023214082,ADMM,3,1034
0.5166666666666667,0.5369358673313875,ADMM,3,1035
0.20833333333333337,0.26720340568370843,ADMM,3,1036
0.44545454545454544,0.3867817735227511,ADMM,3,1037
0.04166666666666663,0.03659904059716662,ADMM,3,1038
0.39655172413793105,0.42371969672231957,ADMM,3,1039
0.23076923076923084,0.3417224429213088,ADMM,3,1040
0.20370370370370372,0.19294345130953267,ADMM,3,1041
0.30833333333333335,0.4430818048234754,ADMM,3,1042
0.44999999999999996,0.42089841745420975,ADMM,3,1043
0.38596491228070173,0.5501110071427838,ADMM,3,1044
0.6181818181818182,0.6591675370980318,ADMM,3,1045
0.25,0.2720396714167265,ADMM,3,1046
0.4083333333333333,0.3827746604906343,ADMM,3,1047
0.9210526315789473,0.7001238086594813,ADMM,3,1048
0.635593220338983,0.4597151128714719,ADMM,3,1049
0.06896551724137934,0.1595564232182514,ADMM,3,1050
0.21818181818181814,0.2679505795414175,ADMM,3,1051
0.22499999999999998,0.2532413361659272,ADMM,3,1052
0.45192307692307687,0.3857278996207036,ADMM,3,1053
0.3879310344827587,0.3105410730054943,ADMM,3,1054
0.5172413793103449,0.5241065328543095,ADMM,3,1055
0.19090909090909092,0.30422756293283437,ADMM,3,1056
0.4107142857142857,0.4835928092562525,ADMM,3,1057
0.27192982456140347,0.31711736887905423,ADMM,3,1058
0.35593220338983045,0.3119307506736435,ADMM,3,1059
0.37037037037037035,0.37494414101733237,ADMM,3,1060
0.3571428571428572,0.4418726655436558,ADMM,3,1061
0.08771929824561409,0.16611013062515573,ADMM,3,1062
0.26363636363636367,0.4046745481153194,ADMM,3,1063
0.2857142857142857,0.522512923631559,ADMM,3,1064
0.06557377049180324,0.08329934543046275,ADMM,3,1065
0.17213114754098358,0.11250136502521256,ADMM,3,1066
0.04629629629629628,0.055848005330142156,ADMM,3,1067
0.010000000000000009,0.12377755137486748,ADMM,3,1068
0.21551724137931028,0.19009570450274754,ADMM,3,1069
0.0892857142857143,0.11778189991622864,ADMM,3,1070
0.07627118644067798,0.11778161648707391,ADMM,3,1071
0.14754098360655732,0.12643197446906682,ADMM,3,1072
0.3524590163934427,0.4040058824351044,ADMM,3,1073
0.1696428571428572,0.1745139067448162,ADMM,3,1074
0.6759259259259259,0.6094896372534987,ADMM,3,1075
0.35185185185185186,0.3076005835341754,ADMM,3,1076
0.21052631578947367,0.24184995890735778,ADMM,3,1077
0.40740740740740744,0.3623658025831039,ADMM,3,1078
0.5089285714285714,0.47629056084811333,ADMM,3,1079
0.3275862068965517,0.3730385101753819,ADMM,3,1080
0.33333333333333326,0.33722778748559407,ADMM,3,1081
0.5350877192982456,0.5492910612827899,ADMM,3,1082
0.2321428571428572,0.42204460338518257,ADMM,3,1083
0.7131147540983607,0.6422753210713277,ADMM,3,1084
0.2583333333333333,0.3188340676550594,ADMM,3,1085
0.2232142857142857,0.22190631453903217,ADMM,3,1086
0.3679245283018868,0.3913451228513701,ADMM,3,1087
0.5,0.4861326269162332,ADMM,3,1088
0.2767857142857143,0.2399254294776894,ADMM,3,1089
0.22499999999999998,0.22631702771562598,ADMM,3,1090
0.1071428571428571,0.12884696248321895,ADMM,3,1091
0.3771929824561404,0.3477673651840868,ADMM,3,1092
0.5,0.4644386718844549,ADMM,3,1093
0.1517857142857143,0.1660071460011867,ADMM,3,1094
0.2685185185185186,0.18567870496424155,ADMM,3,1095
0.22413793103448276,0.30100386626428854,ADMM,3,1096
0.2407407407407407,0.2644804337307334,ADMM,3,1097
0.32692307692307687,0.27960898427772285,ADMM,3,1098
0.2931034482758621,0.26821903830179133,ADMM,3,1099
0.5847457627118644,0.6224530928147696,ADMM,3,1100
0.4,0.5170328612900487,ADMM,3,1101
0.2807017543859649,0.4653816448576926,ADMM,3,1102
0.3157894736842105,0.3146240992957586,ADMM,3,1103
0.2894736842105263,0.4007715993311095,ADMM,3,1104
0.3275862068965517,0.39214907310918845,ADMM,3,1105
0.3706896551724138,0.36867707712925635,ADMM,3,1106
0.2586206896551724,0.4294126315654685,ADMM,3,1107
0.24545454545454548,0.45771748110849086,ADMM,3,1108
0.49056603773584906,0.41852671248177886,ADMM,3,1109
0.3706896551724138,0.3825676848433801,ADMM,3,1110
0.5089285714285714,0.5013164024734275,ADMM,3,1111
0.5267857142857143,0.4781143191578071,ADMM,3,1112
0.4385964912280702,0.5256423475616099,ADMM,3,1113
0.13709677419354838,0.23951659889867633,ADMM,3,1114
0.43442622950819665,0.4585386531408789,ADMM,3,1115
0.3482142857142857,0.4268461184504315,ADMM,3,1116
0.16393442622950816,0.2577972119839353,ADMM,3,1117
0.2966101694915254,0.25023889329198357,ADMM,3,1118
0.532258064516129,0.5574158470272859,ADMM,3,1119
0.631578947368421,0.7004574017579887,ADMM,3,1120
0.3181818181818181,0.364442547430428,ADMM,3,1121
0.27692307692307694,0.2864163894588018,ADMM,3,1122
0.3125,0.300870226526785,ADMM,3,1123
0.4482758620689655,0.3788509814518531,ADMM,3,1124
0.4385964912280702,0.5631368578585827,ADMM,3,1125
0.2068965517241379,0.24049564321551517,ADMM,3,1126
0.7545454545454545,0.5847069368759857,ADMM,3,1127
0.1692307692307693,0.13130065459067097,ADMM,4,0
0.8507462686567164,0.7464421042843694,ADMM,4,1
0.24626865671641784,0.13581010665496668,ADMM,4,2
0.1691176470588236,0.1546499323516299,ADMM,4,3
0.09848484848484851,0.10539279751011696,ADMM,4,4
0.040983606557377095,0.051983182463504,ADMM,4,5
0.543859649122807,0.4670749572961515,ADMM,4,6
0.25,0.3184256236695034,ADMM,4,7
0.3305084745762712,0.28788830079288047,ADMM,4,8
0.3671875,0.23645898262905057,ADMM,4,9
0.8484848484848485,0.7145568171960367,ADMM,4,10
0.2033898305084746,0.22449738989885704,ADMM,4,11
0.5970149253731343,0.48558822384587813,ADMM,4,12
0.1311475409836066,0.16186889291394113,ADMM,4,13
0.48461538461538467,0.4468190368868723,ADMM,4,14
0.3046875,0.28198996134841625,ADMM,4,15
0.140625,0.11339766103180643,ADMM,4,16
0.26190476190476186,0.1922053376156965,ADMM,4,17
0.24590163934426235,0.22863804267177368,ADMM,4,18
0.11904761904761907,0.12230666561599551,ADMM,4,19
0.07627118644067798,0.06700903835056414,ADMM,4,20
0.38983050847457634,0.3194576867023292,ADMM,4,21
0.05084745762711862,0.07902530526538692,ADMM,4,22
0.17796610169491522,0.10300785161875264,ADMM,4,23
0.16393442622950816,0.17225087334489575,ADMM,4,24
0.0757575757575758,0.13492725110396786,ADMM,4,25
0.08870967741935487,0.08860558442891628,ADMM,4,26
0.1428571428571428,0.09273350520811448,ADMM,4,27
0.17796610169491522,0.2107545997784929,ADMM,4,28
0.11538461538461542,0.06659674977116878,ADMM,4,29
0.08196721311475408,0.08860719749932641,ADMM,4,30
0.1724137931034483,0.17538192236489256,ADMM,4,31
0.14655172413793105,0.15937454993337632,ADMM,4,32
0.056451612903225756,0.09318760417631568,ADMM,4,33
0.0793650793650793,0.09640476358332002,ADMM,4,34
0.3571428571428572,0.27287105393234895,ADMM,4,35
0.4076923076923077,0.36119889618735596,ADMM,4,36
0.16363636363636358,0.13169472963023843,ADMM,4,37
0.12068965517241381,0.15154859158504516,ADMM,4,38
0.19166666666666665,0.18363602115785602,ADMM,4,39
0.11111111111111116,0.1115643076502221,ADMM,4,40
0.08771929824561409,0.045096929726832574,ADMM,4,41
0.08208955223880599,0.10099693520027087,ADMM,4,42
0.265625,0.2516825956873143,ADMM,4,43
0.17460317460317465,0.1235591204003784,ADMM,4,44
0.15000000000000002,0.17005587079584591,ADMM,4,45
0.23809523809523814,0.24128738558582036,ADMM,4,46
0.3181818181818181,0.24188861363286832,ADMM,4,47
0.9761904761904762,0.8701147972805547,ADMM,4,48
0.10185185185185186,0.10515334692050338,ADMM,4,49
0.19444444444444442,0.13416045129837006,ADMM,4,50
0.11016949152542377,0.11957638691666779,ADMM,4,51
0.3070175438596492,0.30830624642195326,ADMM,4,52
0.10526315789473684,0.08551066701615646,ADMM,4,53
0.12878787878787878,0.20619159558399264,ADMM,4,54
0.0636363636363636,0.15197425321852837,ADMM,4,55
0.14754098360655732,0.16789662304217232,ADMM,4,56
0.5172413793103449,0.37440208018196486,ADMM,4,57
0.0803571428571429,0.14899805684141282,ADMM,4,58
0.16666666666666663,0.1822917863738107,ADMM,4,59
0.10833333333333339,0.11387524094516,ADMM,4,60
0.05555555555555558,0.11720021386611516,ADMM,4,61
0.20491803278688525,0.21604266358354063,ADMM,4,62
0.045454545454545414,0.08378022506992615,ADMM,4,63
0.211864406779661,0.1159058463566063,ADMM,4,64
0.3015873015873016,0.2716727483422587,ADMM,4,65
0.2053571428571428,0.12042477047098524,ADMM,4,66
0.42105263157894735,0.39764984041415335,ADMM,4,67
0.12280701754385959,0.13043434778523952,ADMM,4,68
0.3090909090909091,0.27878692394111154,ADMM,4,69
0.05833333333333335,0.11152880363694517,ADMM,4,70
0.1272727272727272,0.1757276787184255,ADMM,4,71
0.19354838709677424,0.16616856470616923,ADMM,4,72
0.07499999999999996,0.09008083190924081,ADMM,4,73
0.06779661016949157,0.08809428114039157,ADMM,4,74
0.07627118644067798,0.09270988528994357,ADMM,4,75
0.1637931034482758,0.14568189558679284,ADMM,4,76
0.17272727272727273,0.18346133660887887,ADMM,4,77
0.06034482758620685,0.08191633624546105,ADMM,4,78
0.15000000000000002,0.12598176060377253,ADMM,4,79
0.435483870967742,0.3582227299140499,ADMM,4,80
0.5526315789473685,0.3796637796358276,ADMM,4,81
0.06666666666666665,0.06561034666731883,ADMM,4,82
0.08196721311475408,0.15896682910668183,ADMM,4,83
0.2589285714285714,0.3519646497030027,ADMM,4,84
0.1272727272727272,0.06402273407608078,ADMM,4,85
0.15322580645161288,0.16965618654734552,ADMM,4,86
0.13559322033898302,0.1629717454787654,ADMM,4,87
0.07547169811320753,0.10913550453027618,ADMM,4,88
0.07894736842105265,0.07740026539659334,ADMM,4,89
0.05737704918032782,0.05090144082276634,ADMM,4,90
0.07499999999999996,0.08630417115733081,ADMM,4,91
0.10909090909090913,0.1444576306606642,ADMM,4,92
0.3363636363636364,0.22597405503374401,ADMM,4,93
0.11016949152542377,0.15365942201471025,ADMM,4,94
0.1484375,0.12978036049324326,ADMM,4,95
0.09677419354838712,0.08039485079926131,ADMM,4,96
0.5338983050847458,0.5205176214611685,ADMM,4,97
0.35964912280701755,0.34222919165979776,ADMM,4,98
0.16666666666666663,0.13175050642477665,ADMM,4,99
0.08771929824561409,0.13178034099402897,ADMM,4,100
0.7583333333333333,0.6218256050646579,ADMM,4,101
0.10833333333333339,0.07627360258783678,ADMM,4,102
0.47413793103448276,0.3463271725195127,ADMM,4,103
0.15254237288135597,0.10469052935351063,ADMM,4,104
0.3508771929824561,0.47496686675147465,ADMM,4,105
0.23684210526315785,0.2980592425198848,ADMM,4,106
0.14406779661016955,0.12969154625877796,ADMM,4,107
0.2192982456140351,0.15805198573466644,ADMM,4,108
0.1929824561403508,0.18542240230175472,ADMM,4,109
0.1160714285714286,0.11063311250524081,ADMM,4,110
0.1271186440677966,0.08232963851550695,ADMM,4,111
0.24561403508771928,0.1959414652409561,ADMM,4,112
0.07499999999999996,0.07592793973534782,ADMM,4,113
0.15254237288135597,0.18016721937425156,ADMM,4,114
0.12962962962962965,0.1206687248482589,ADMM,4,115
0.13636363636363635,0.1254848655400359,ADMM,4,116
0.0862068965517242,0.10020665346814515,ADMM,4,117
0.10344827586206895,0.1514334973907026,ADMM,4,118
0.2894736842105263,0.2918084425686056,ADMM,4,119
0.09090909090909094,0.11060032742715088,ADMM,4,120
0.11206896551724133,0.052787378822198965,ADMM,4,121
0.17272727272727273,0.13615449133560797,ADMM,4,122
0.20454545454545459,0.08009803051497544,ADMM,4,123
0.07894736842105265,0.14118101020903445,ADMM,4,124
0.1694915254237288,0.13473154852814984,ADMM,4,125
0.44067796610169485,0.28907508011790023,ADMM,4,126
0.46825396825396826,0.4881626751417328,ADMM,4,127
0.13157894736842102,0.12197696284398697,ADMM,4,128
0.2033898305084746,0.1618884472512882,ADMM,4,129
0.21311475409836067,0.12254145773528442,ADMM,4,130
0.0862068965517242,0.10366397911853811,ADMM,4,131
0.05263157894736836,0.0508083472704609,ADMM,4,132
0.1311475409836066,0.05200629355897548,ADMM,4,133
0.18333333333333335,0.27886650894678766,ADMM,4,134
0.0847457627118644,0.06028505770877851,ADMM,4,135
0.15740740740740744,0.09018503750025232,ADMM,4,136
0.13157894736842102,0.18301792287472743,ADMM,4,137
0.0423728813559322,0.10744553257676243,ADMM,4,138
0.17543859649122806,0.14382780125192768,ADMM,4,139
0.07627118644067798,0.13311878706660135,ADMM,4,140
0.2666666666666666,0.25690140157121377,ADMM,4,141
0.09259259259259256,0.06366243950636338,ADMM,4,142
0.23275862068965514,0.18692177398574883,ADMM,4,143
0.09999999999999998,0.14678806589328966,ADMM,4,144
0.15573770491803285,0.16403390944657634,ADMM,4,145
0.38596491228070173,0.33875466737775906,ADMM,4,146
0.05263157894736836,0.11328359370811854,ADMM,4,147
0.018181818181818188,0.1679172156993201,ADMM,4,148
0.08181818181818179,0.08912356986214219,ADMM,4,149
0.06140350877192979,0.11931116784611269,ADMM,4,150
0.10526315789473684,0.1652534836981343,ADMM,4,151
0.056451612903225756,0.08241591794102279,ADMM,4,152
0.05084745762711862,0.08924894307508127,ADMM,4,153
0.28688524590163933,0.27676451035563643,ADMM,4,154
0.14655172413793105,0.12367653593907355,ADMM,4,155
0.32407407407407407,0.33938693679097476,ADMM,4,156
0.1339285714285714,0.1432614473773554,ADMM,4,157
0.2909090909090909,0.27045845175922417,ADMM,4,158
0.01754385964912286,0.09978794303944592,ADMM,4,159
0.09166666666666667,0.16758589409312005,ADMM,4,160
0.05084745762711862,0.1278396851065123,ADMM,4,161
0.07758620689655171,0.07862761300762139,ADMM,4,162
0.08064516129032262,0.09727301123012944,ADMM,4,163
0.04385964912280704,0.11660046414960153,ADMM,4,164
0.1428571428571428,0.22249734635399773,ADMM,4,165
0.11818181818181817,0.13765077155968639,ADMM,4,166
0.05263157894736836,0.0662879438244076,ADMM,4,167
0.0431034482758621,0.15066338129181575,ADMM,4,168
0.2457627118644068,0.2806691194861911,ADMM,4,169
0.5258620689655172,0.38983483461405405,ADMM,4,170
0.05737704918032782,0.04390271535639997,ADMM,4,171
0.056451612903225756,0.16429536175714513,ADMM,4,172
0.2543859649122807,0.2919888706466366,ADMM,4,173
0.08196721311475408,0.09356761575220236,ADMM,4,174
0.14655172413793105,0.1682983684064163,ADMM,4,175
0.12280701754385959,0.21613862468209533,ADMM,4,176
0.050000000000000044,0.1287320312219408,ADMM,4,177
0.08196721311475408,0.07673296675441262,ADMM,4,178
0.025423728813559365,0.06530284741228329,ADMM,4,179
0.0267857142857143,0.10185798033167182,ADMM,4,180
0.11904761904761907,0.13053592038554995,ADMM,4,181
0.4732142857142857,0.482476022172986,ADMM,4,182
0.22499999999999998,0.25368229275539345,ADMM,4,183
0.43965517241379315,0.29923742490074745,ADMM,4,184
0.868421052631579,0.8125409722709317,ADMM,4,185
0.2666666666666666,0.21342408812544417,ADMM,4,186
0.19491525423728817,0.2757502034087297,ADMM,4,187
0.31034482758620685,0.20197427442104993,ADMM,4,188
0.2589285714285714,0.40703672607075203,ADMM,4,189
0.37037037037037035,0.4071043155423197,ADMM,4,190
0.2931034482758621,0.4295018138191153,ADMM,4,191
0.5083333333333333,0.3927717908898614,ADMM,4,192
0.4067796610169492,0.3036718508154968,ADMM,4,193
0.6454545454545455,0.5033816763967597,ADMM,4,194
0.32499999999999996,0.3526498327656941,ADMM,4,195
0.5526315789473685,0.37394885958873786,ADMM,4,196
0.2583333333333333,0.2415917631308808,ADMM,4,197
0.14035087719298245,0.19726639671855134,ADMM,4,198
0.6583333333333333,0.6610450769561395,ADMM,4,199
0.2272727272727273,0.2572775495167264,ADMM,4,200
0.5677966101694916,0.4998565650313652,ADMM,4,201
0.2727272727272727,0.3285284182110516,ADMM,4,202
0.2592592592592593,0.33676304228823256,ADMM,4,203
0.4298245614035088,0.36585276108489706,ADMM,4,204
0.4019607843137255,0.41729204177416435,ADMM,4,205
0.28846153846153844,0.44940316272043174,ADMM,4,206
0.17307692307692313,0.3710496598050848,ADMM,4,207
0.13636363636363635,0.1918908544404402,ADMM,4,208
0.7105263157894737,0.6489622368582797,ADMM,4,209
0.3928571428571428,0.43824074037078226,ADMM,4,210
0.32407407407407407,0.36137856055491563,ADMM,4,211
0.33333333333333326,0.3605543094238846,ADMM,4,212
0.34745762711864403,0.25407239528725634,ADMM,4,213
0.3770491803278688,0.31275549475628484,ADMM,4,214
0.6517857142857143,0.6116737559438709,ADMM,4,215
0.2857142857142857,0.386402612629409,ADMM,4,216
0.2068965517241379,0.2650811021537928,ADMM,4,217
0.375,0.40944427996011024,ADMM,4,218
0.10909090909090913,0.19532526165741043,ADMM,4,219
0.24137931034482762,0.26738977119694485,ADMM,4,220
0.8145161290322581,0.7549494850705969,ADMM,4,221
0.217741935483871,0.2698419984997396,ADMM,4,222
0.2222222222222222,0.31713973001598306,ADMM,4,223
0.2033898305084746,0.3064255057837498,ADMM,4,224
0.3706896551724138,0.4290392098398349,ADMM,4,225
0.23275862068965514,0.21938653737672692,ADMM,4,226
0.7767857142857143,0.6351122462631372,ADMM,4,227
0.6111111111111112,0.5107493097585464,ADMM,4,228
0.3508771929824561,0.3597780159220419,ADMM,4,229
0.15254237288135597,0.11337075240895797,ADMM,4,230
0.1785714285714286,0.14701677286113166,ADMM,4,231
0.3125,0.29384164719418315,ADMM,4,232
0.27192982456140347,0.298104059456272,ADMM,4,233
0.2264150943396226,0.2430857771103123,ADMM,4,234
0.2735849056603774,0.3787868960261831,ADMM,4,235
0.3728813559322034,0.45642862155175246,ADMM,4,236
0.19444444444444442,0.2960791853458222,ADMM,4,237
0.42592592592592593,0.46671858963088986,ADMM,4,238
0.23636363636363633,0.3616389229944329,ADMM,4,239
0.5081967213114754,0.5443771211868309,ADMM,4,240
0.2457627118644068,0.3248001308349348,ADMM,4,241
0.3392857142857143,0.40674462671993084,ADMM,4,242
0.3571428571428572,0.33737343381065915,ADMM,4,243
0.19166666666666665,0.13874795909946433,ADMM,4,244
0.21818181818181814,0.2936010389039135,ADMM,4,245
0.2767857142857143,0.32766610084346964,ADMM,4,246
0.5089285714285714,0.5789926035300773,ADMM,4,247
0.2543859649122807,0.259766499561706,ADMM,4,248
0.2622950819672132,0.4172599052956462,ADMM,4,249
0.2192982456140351,0.3369934308637809,ADMM,4,250
0.42592592592592593,0.4114196015487818,ADMM,4,251
0.1416666666666666,0.31646871595840004,ADMM,4,252
0.3839285714285714,0.41796769245563375,ADMM,4,253
0.43103448275862066,0.4765847754519991,ADMM,4,254
0.07894736842105265,0.21616175394910417,ADMM,4,255
0.2457627118644068,0.33699735335697734,ADMM,4,256
0.17272727272727273,0.2451007183582587,ADMM,4,257
0.5648148148148148,0.30512970518128163,ADMM,4,258
0.2068965517241379,0.21019380506831797,ADMM,4,259
0.3017241379310345,0.43151818802460273,ADMM,4,260
0.10833333333333339,0.19764173033535437,ADMM,4,261
0.28181818181818175,0.25411566011643133,ADMM,4,262
0.5263157894736842,0.577727581678329,ADMM,4,263
0.2547169811320755,0.3349663637311565,ADMM,4,264
0.35849056603773577,0.45488225330838566,ADMM,4,265
0.543859649122807,0.4406338380572668,ADMM,4,266
0.15833333333333333,0.0757342055910527,ADMM,4,267
0.2592592592592593,0.26497686147997135,ADMM,4,268
0.4017857142857143,0.5391366013472338,ADMM,4,269
0.49122807017543857,0.45961661566641615,ADMM,4,270
0.08771929824561409,0.11381875279694012,ADMM,4,271
0.26363636363636367,0.2639714466229708,ADMM,4,272
0.25,0.28764086251554444,ADMM,4,273
0.38181818181818183,0.44304505656810167,ADMM,4,274
0.5377358490566038,0.5660574528931721,ADMM,4,275
0.47413793103448276,0.48226437695091473,ADMM,4,276
0.6090909090909091,0.4684480974848885,ADMM,4,277
0.5725806451612904,0.5005570958408229,ADMM,4,278
0.39830508474576276,0.4147445377008535,ADMM,4,279
0.6228070175438597,0.7385111829810477,ADMM,4,280
0.4833333333333334,0.5251742662728949,ADMM,4,281
0.1293103448275862,0.16335772115693434,ADMM,4,282
0.4811320754716981,0.513750183772544,ADMM,4,283
0.2894736842105263,0.3301200508970205,ADMM,4,284
0.5603448275862069,0.5793901710760531,ADMM,4,285
0.575,0.4686229861090011,ADMM,4,286
0.5666666666666667,0.5691282712952124,ADMM,4,287
0.368421052631579,0.39305306361214043,ADMM,4,288
0.21818181818181814,0.3328582319268423,ADMM,4,289
0.75,0.7596275766935624,ADMM,4,290
0.6944444444444444,0.760435256887778,ADMM,4,291
0.24528301886792447,0.3496366694553335,ADMM,4,292
0.5089285714285714,0.5431796785269727,ADMM,4,293
0.967741935483871,0.9049155415423852,ADMM,4,294
0.4098360655737705,0.3839731521194874,ADMM,4,295
0.10169491525423724,0.08714736735087548,ADMM,4,296
0.423728813559322,0.3800927616438472,ADMM,4,297
0.2946428571428572,0.3756027240970578,ADMM,4,298
0.18103448275862066,0.21723394522550163,ADMM,4,299
0.4181818181818182,0.4808896285626908,ADMM,4,300
0.48245614035087714,0.46577031861276275,ADMM,4,301
0.3793103448275862,0.5653833534993561,ADMM,4,302
0.6206896551724138,0.6695608929515836,ADMM,4,303
0.2033898305084746,0.23056641366013553,ADMM,4,304
0.4196428571428572,0.42614609877585624,ADMM,4,305
0.9098360655737705,0.7235893076967963,ADMM,4,306
0.639344262295082,0.4975637529822621,ADMM,4,307
0.38983050847457634,0.4361333343644719,ADMM,4,308
0.20192307692307687,0.16834621885637424,ADMM,4,309
0.16666666666666663,0.21351525359150295,ADMM,4,310
0.603448275862069,0.4990050480467407,ADMM,4,311
0.21052631578947367,0.24283526376845704,ADMM,4,312
0.42105263157894735,0.27244335084118837,ADMM,4,313
0.28301886792452824,0.23807297228405305,ADMM,4,314
0.3076923076923077,0.2770861376884189,ADMM,4,315
0.423728813559322,0.2745533499800853,ADMM,4,316
0.2596153846153846,0.15402807419646253,ADMM,4,317
0.38983050847457634,0.3827633134969694,ADMM,4,318
0.2142857142857143,0.1705657567815475,ADMM,4,319
0.17272727272727273,0.13506997835222398,ADMM,4,320
0.160377358490566,0.28293967692970357,ADMM,4,321
0.3839285714285714,0.2918492991059358,ADMM,4,322
0.29166666666666674,0.21771537238674402,ADMM,4,323
0.21296296296296302,0.13408353417339675,ADMM,4,324
0.2192982456140351,0.18039812689810222,ADMM,4,325
0.1875,0.14917916680584908,ADMM,4,326
0.18103448275862066,0.13200261781653663,ADMM,4,327
0.2685185185185186,0.12185031628678569,ADMM,4,328
0.2844827586206897,0.24873622911680618,ADMM,4,329
0.1696428571428572,0.09284495771071813,ADMM,4,330
0.10344827586206895,0.08974861194981529,ADMM,4,331
0.38181818181818183,0.25068522616742006,ADMM,4,332
0.19491525423728817,0.12029276070437288,ADMM,4,333
0.11403508771929827,0.1403173202646807,ADMM,4,334
0.46226415094339623,0.4101054452489358,ADMM,4,335
0.2090909090909091,0.154050505532097,ADMM,4,336
0.38983050847457634,0.26398407545192365,ADMM,4,337
0.5,0.32108884395746284,ADMM,4,338
0.24193548387096775,0.2044552592288666,ADMM,4,339
0.3090909090909091,0.2066153883813101,ADMM,4,340
0.37735849056603776,0.21176134760643797,ADMM,4,341
0.15573770491803285,0.07672606900482429,ADMM,4,342
0.18181818181818188,0.13793339569486657,ADMM,4,343
0.6229508196721312,0.38621457229624495,ADMM,4,344
0.11864406779661019,0.10098112739324011,ADMM,4,345
0.19999999999999996,0.15335684701413488,ADMM,4,346
0.2592592592592593,0.17742244157856016,ADMM,4,347
0.32407407407407407,0.26526459706710964,ADMM,4,348
0.3220338983050848,0.2858479342682806,ADMM,4,349
0.4122807017543859,0.37316034504678486,ADMM,4,350
0.17924528301886788,0.25175941740184127,ADMM,4,351
0.5877192982456141,0.5127815031243698,ADMM,4,352
0.4285714285714286,0.35064864267176077,ADMM,4,353
0.5803571428571429,0.5384427549411845,ADMM,4,354
0.3620689655172413,0.35706547824426815,ADMM,4,355
0.42727272727272725,0.4558018007882461,ADMM,4,356
0.3508771929824561,0.3268414521720196,ADMM,4,357
0.41666666666666674,0.47279413219954053,ADMM,4,358
0.11290322580645162,0.1620894975415234,ADMM,4,359
0.19827586206896552,0.2560106821069419,ADMM,4,360
0.6833333333333333,0.5712155562140435,ADMM,4,361
0.16666666666666663,0.19517153676045143,ADMM,4,362
0.423728813559322,0.40094841905027584,ADMM,4,363
0.2068965517241379,0.20583512730777953,ADMM,4,364
0.26415094339622636,0.22188665666592225,ADMM,4,365
0.23275862068965514,0.35813716301270415,ADMM,4,366
0.5298507462686567,0.5006121897026939,ADMM,4,367
0.5084745762711864,0.42448813042713557,ADMM,4,368
0.2704918032786885,0.36996391532781975,ADMM,4,369
0.11864406779661019,0.1182136297886554,ADMM,4,370
0.5865384615384616,0.48876242744618353,ADMM,4,371
0.2542372881355932,0.2792910375186556,ADMM,4,372
0.31896551724137934,0.3444520973011136,ADMM,4,373
0.2338709677419355,0.354780080309497,ADMM,4,374
0.13207547169811318,0.2762597298021234,ADMM,4,375
0.5701754385964912,0.5163311940987309,ADMM,4,376
0.4363636363636363,0.3742934575081599,ADMM,4,377
0.31034482758620685,0.32623402656488254,ADMM,4,378
0.21969696969696972,0.20101491178978445,ADMM,4,379
0.30833333333333335,0.34512721348881026,ADMM,4,380
0.10526315789473684,0.10386240752993889,ADMM,4,381
0.2321428571428572,0.23716580668580814,ADMM,4,382
0.7946428571428571,0.8179220107795891,ADMM,4,383
0.3359375,0.2445125371294695,ADMM,4,384
0.2857142857142857,0.33257587716945464,ADMM,4,385
0.46226415094339623,0.44109445105241035,ADMM,4,386
0.33606557377049184,0.49424873530677055,ADMM,4,387
0.36111111111111116,0.2365302508446952,ADMM,4,388
0.2966101694915254,0.2446601120260327,ADMM,4,389
0.5086206896551724,0.4590591884043943,ADMM,4,390
0.2033898305084746,0.3845735473918264,ADMM,4,391
0.2192982456140351,0.2907737340134655,ADMM,4,392
0.5803571428571429,0.657453599495138,ADMM,4,393
0.33333333333333326,0.41563600837878467,ADMM,4,394
0.2807017543859649,0.36125548511779365,ADMM,4,395
0.3070175438596492,0.3325729068031738,ADMM,4,396
0.43965517241379315,0.47708536738393525,ADMM,4,397
0.4285714285714286,0.521603273905662,ADMM,4,398
0.1785714285714286,0.23286046139648867,ADMM,4,399
0.287037037037037,0.32340550903576093,ADMM,4,400
0.23728813559322037,0.2555380267474972,ADMM,4,401
0.25,0.3986760215732611,ADMM,4,402
0.34905660377358494,0.4209007208055685,ADMM,4,403
0.3070175438596492,0.3124155380186166,ADMM,4,404
0.26363636363636367,0.38965145547876606,ADMM,4,405
0.2232142857142857,0.24427957121035868,ADMM,4,406
0.33018867924528306,0.42595163317074175,ADMM,4,407
0.27450980392156865,0.42012512020360326,ADMM,4,408
0.2627118644067796,0.33762779113569474,ADMM,4,409
0.26363636363636367,0.3703642501550503,ADMM,4,410
0.4636363636363636,0.5011202006949812,ADMM,4,411
0.43965517241379315,0.3816531209757348,ADMM,4,412
0.21551724137931028,0.24695264528702965,ADMM,4,413
0.3916666666666666,0.42790033373840436,ADMM,4,414
0.21666666666666667,0.36456103206823703,ADMM,4,415
0.39473684210526316,0.2316601892114795,ADMM,4,416
0.2857142857142857,0.4215108803981737,ADMM,4,417
0.26190476190476186,0.3254415304220005,ADMM,4,418
0.1964285714285714,0.3056754570206664,ADMM,4,419
0.31034482758620685,0.4086567907261738,ADMM,4,420
0.20370370370370372,0.24197341570826458,ADMM,4,421
0.13157894736842102,0.3065732901066365,ADMM,4,422
0.4385964912280702,0.534099921436728,ADMM,4,423
0.5892857142857143,0.6150227797917688,ADMM,4,424
0.27586206896551724,0.29587214474366347,ADMM,4,425
0.3793103448275862,0.3468046318625858,ADMM,4,426
0.23728813559322037,0.3102916316260795,ADMM,4,427
0.4537037037037037,0.5155003047472604,ADMM,4,428
0.31034482758620685,0.35329455341053306,ADMM,4,429
0.2410714285714286,0.3719062593590015,ADMM,4,430
0.421875,0.49264418773402163,ADMM,4,431
0.5,0.5097238806668686,ADMM,4,432
0.3909090909090909,0.41364781218659485,ADMM,4,433
0.3157894736842105,0.3595597628809473,ADMM,4,434
0.4568965517241379,0.4482154846299264,ADMM,4,435
0.21052631578947367,0.2553690804089478,ADMM,4,436
0.24137931034482762,0.3064361488342268,ADMM,4,437
0.12264150943396224,0.19455759161646158,ADMM,4,438
0.36363636363636365,0.4069602247441953,ADMM,4,439
0.3571428571428572,0.2981984083440129,ADMM,4,440
0.5703125,0.34377696671952807,ADMM,4,441
0.3416666666666667,0.3994328696585744,ADMM,4,442
0.22499999999999998,0.3163965467572987,ADMM,4,443
0.5982142857142857,0.5296034133888905,ADMM,4,444
0.39473684210526316,0.481415903463968,ADMM,4,445
0.1454545454545455,0.19469885157020597,ADMM,4,446
0.2457627118644068,0.3031634200207032,ADMM,4,447
0.5,0.4475515088292142,ADMM,4,448
0.4426229508196722,0.35774889317973835,ADMM,4,449
0.07627118644067798,0.10227735262151011,ADMM,4,450
0.27192982456140347,0.2836037022286596,ADMM,4,451
0.1637931034482758,0.2668595112276861,ADMM,4,452
0.20370370370370372,0.16858764607839016,ADMM,4,453
0.3214285714285714,0.29194367171183677,ADMM,4,454
0.2232142857142857,0.29796290202723175,ADMM,4,455
0.3909090909090909,0.36378282031858733,ADMM,4,456
0.44166666666666665,0.4867293632934511,ADMM,4,457
0.23684210526315785,0.24103733981952738,ADMM,4,458
0.39830508474576276,0.455156915694618,ADMM,4,459
0.3790322580645161,0.46111982337568996,ADMM,4,460
0.4811320754716981,0.4860523240189725,ADMM,4,461
0.14754098360655732,0.16703403186088858,ADMM,4,462
0.6363636363636364,0.5877630407788909,ADMM,4,463
0.3771929824561404,0.2933680638723066,ADMM,4,464
0.4772727272727273,0.522174661331232,ADMM,4,465
0.4482758620689655,0.3305115979320432,ADMM,4,466
0.2295081967213115,0.21424131620467693,ADMM,4,467
0.3412698412698413,0.38350480920294844,ADMM,4,468
0.4098360655737705,0.3521024115375689,ADMM,4,469
0.06896551724137934,0.14574481564627872,ADMM,4,470
0.10909090909090913,0.07423296420149071,ADMM,4,471
0.42105263157894735,0.29409720666168976,ADMM,4,472
0.09482758620689657,0.12637873983676512,ADMM,4,473
0.13559322033898302,0.16631033921088637,ADMM,4,474
0.31034482758620685,0.22385027453904943,ADMM,4,475
0.28181818181818175,0.257729642025576,ADMM,4,476
0.19827586206896552,0.18550977078200673,ADMM,4,477
0.15573770491803285,0.1586881112725507,ADMM,4,478
0.2894736842105263,0.20147387378975523,ADMM,4,479
0.1842105263157895,0.11460079992235894,ADMM,4,480
0.1607142857142857,0.10941757351067678,ADMM,4,481
0.35344827586206895,0.2655734344848247,ADMM,4,482
0.2016129032258065,0.18243709331859437,ADMM,4,483
0.19999999999999996,0.1130485182256179,ADMM,4,484
0.27966101694915246,0.18573528701238393,ADMM,4,485
0.25,0.21788383084125734,ADMM,4,486
0.7105263157894737,0.6333574210859125,ADMM,4,487
0.36363636363636365,0.287438239352197,ADMM,4,488
0.125,0.1436905515988363,ADMM,4,489
0.5,0.42260324526473947,ADMM,4,490
0.15454545454545454,0.18232698422880617,ADMM,4,491
0.07017543859649122,0.07480847614877466,ADMM,4,492
0.1484375,0.19264806755510838,ADMM,4,493
0.3813559322033898,0.31383588355237485,ADMM,4,494
0.2586206896551724,0.14076114516203414,ADMM,4,495
0.16666666666666663,0.15030058193149418,ADMM,4,496
0.525,0.3691823298260135,ADMM,4,497
0.26724137931034475,0.2744799668619369,ADMM,4,498
0.3660714285714286,0.4281178576556855,ADMM,4,499
0.2592592592592593,0.277366959169692,ADMM,4,500
0.27586206896551724,0.26836481345958685,ADMM,4,501
0.296875,0.32946512599788474,ADMM,4,502
0.27586206896551724,0.38970364971540283,ADMM,4,503
0.3214285714285714,0.3271923253888483,ADMM,4,504
0.5789473684210527,0.4173410480150864,ADMM,4,505
0.4528301886792453,0.4350862070591841,ADMM,4,506
0.5423728813559322,0.5382177635441662,ADMM,4,507
0.3214285714285714,0.3463707178848801,ADMM,4,508
0.5666666666666667,0.46414295322338944,ADMM,4,509
0.3363636363636364,0.49622670029975285,ADMM,4,510
0.2058823529411764,0.3536837381923567,ADMM,4,511
0.543859649122807,0.6010664097248418,ADMM,4,512
0.2232142857142857,0.22567024711117983,ADMM,4,513
0.1454545454545455,0.29117760546310917,ADMM,4,514
0.27192982456140347,0.3642662731756917,ADMM,4,515
0.29824561403508776,0.36836092142781274,ADMM,4,516
0.3909090909090909,0.4145764467384895,ADMM,4,517
0.19444444444444442,0.302154287964163,ADMM,4,518
0.2068965517241379,0.2960544509244399,ADMM,4,519
0.435483870967742,0.43911450457963686,ADMM,4,520
0.32499999999999996,0.29476558074508596,ADMM,4,521
0.25,0.13194264930711025,ADMM,4,522
0.4482758620689655,0.3498207485169492,ADMM,4,523
0.5,0.470370774242758,ADMM,4,524
0.3846153846153846,0.4576660716918589,ADMM,4,525
0.4107142857142857,0.4505325150082818,ADMM,4,526
0.6311475409836066,0.5277403559618251,ADMM,4,527
0.40909090909090917,0.4676031037902336,ADMM,4,528
0.2807017543859649,0.3949096155997035,ADMM,4,529
0.15254237288135597,0.2742059520174126,ADMM,4,530
0.2314814814814815,0.313457392949873,ADMM,4,531
0.2786885245901639,0.3867241484298458,ADMM,4,532
0.4916666666666667,0.6544186733148147,ADMM,4,533
0.6349206349206349,0.648763020108911,ADMM,4,534
0.6057692307692307,0.6105916744445433,ADMM,4,535
0.5714285714285714,0.6074704685043562,ADMM,4,536
0.3727272727272728,0.44038433174861624,ADMM,4,537
0.5789473684210527,0.606868165848897,ADMM,4,538
0.20833333333333337,0.2512452020017312,ADMM,4,539
0.211864406779661,0.2222272527529597,ADMM,4,540
0.2767857142857143,0.38753156464342026,ADMM,4,541
0.20175438596491224,0.22354936604949427,ADMM,4,542
0.18867924528301883,0.22571321032304204,ADMM,4,543
0.3392857142857143,0.3403948791624466,ADMM,4,544
0.35344827586206895,0.3786760462298586,ADMM,4,545
0.4035087719298245,0.43554671544961004,ADMM,4,546
0.3928571428571428,0.45222521484741934,ADMM,4,547
0.6296296296296297,0.42718961823055657,ADMM,4,548
0.29824561403508776,0.35974682583276063,ADMM,4,549
0.19047619047619047,0.2370464690502004,ADMM,4,550
0.4568965517241379,0.38141676650431866,ADMM,4,551
0.39655172413793105,0.3243902434627009,ADMM,4,552
0.39423076923076916,0.3832914395134613,ADMM,4,553
0.47115384615384615,0.36435916304433585,ADMM,4,554
0.19090909090909092,0.2235333091347385,ADMM,4,555
0.6754385964912281,0.6288008641759536,ADMM,4,556
0.5086206896551724,0.38962572578311877,ADMM,4,557
0.23728813559322037,0.26210080004623765,ADMM,4,558
0.4528301886792453,0.46497808079780056,ADMM,4,559
0.2627118644067796,0.277404128501068,ADMM,4,560
0.13888888888888884,0.19239934673815376,ADMM,4,561
0.368421052631579,0.47560478535722395,ADMM,4,562
0.4568965517241379,0.41336078429561185,ADMM,4,563
0.22807017543859653,0.3282339954175966,ADMM,4,564
0.41666666666666674,0.504712218772512,ADMM,4,565
0.3362068965517242,0.47245003031689087,ADMM,4,566
0.6578947368421053,0.5609516797565482,ADMM,4,567
0.5350877192982456,0.5037679372043062,ADMM,4,568
0.7543859649122807,0.7564531858882886,ADMM,4,569
0.4636363636363636,0.5328233155745155,ADMM,4,570
0.631578947368421,0.6136838104342972,ADMM,4,571
0.30645161290322576,0.38314960358103983,ADMM,4,572
0.287037037037037,0.3417527090118333,ADMM,4,573
0.2592592592592593,0.34673804110099854,ADMM,4,574
0.26415094339622636,0.24280499034003014,ADMM,4,575
0.18333333333333335,0.1530029545035827,ADMM,4,576
0.7166666666666667,0.6093051471685466,ADMM,4,577
0.5877192982456141,0.43350313257321554,ADMM,4,578
0.6181818181818182,0.6180620238377135,ADMM,4,579
0.5416666666666666,0.4321390474842429,ADMM,4,580
0.4181818181818182,0.4715606971181361,ADMM,4,581
0.6785714285714286,0.5874996435107387,ADMM,4,582
0.3363636363636364,0.4440062676990765,ADMM,4,583
0.2333333333333334,0.3581195135988666,ADMM,4,584
0.5901639344262295,0.44530189866052483,ADMM,4,585
0.39622641509433965,0.4525253257334188,ADMM,4,586
0.5847457627118644,0.5447731870223653,ADMM,4,587
0.09482758620689657,0.09916045134503587,ADMM,4,588
0.4298245614035088,0.4372673595837404,ADMM,4,589
0.3879310344827587,0.46588586088901046,ADMM,4,590
0.2053571428571428,0.2546018399374212,ADMM,4,591
0.3303571428571428,0.45582118908628994,ADMM,4,592
0.25,0.39164299885300874,ADMM,4,593
0.1875,0.26049391397714555,ADMM,4,594
0.825,0.7559288683512557,ADMM,4,595
0.3879310344827587,0.343868357203552,ADMM,4,596
0.5849056603773585,0.49203793631691156,ADMM,4,597
0.4152542372881356,0.5293655508009942,ADMM,4,598
0.2589285714285714,0.4127782117811725,ADMM,4,599
0.4918032786885246,0.37002772795695626,ADMM,4,600
0.6833333333333333,0.649857388540474,ADMM,4,601
0.603448275862069,0.49587206599517963,ADMM,4,602
0.6363636363636364,0.5790766661745456,ADMM,4,603
0.34905660377358494,0.34379375342041496,ADMM,4,604
0.23728813559322037,0.28320999015259074,ADMM,4,605
0.21052631578947367,0.26679089178029164,ADMM,4,606
0.31896551724137934,0.3323972273215577,ADMM,4,607
0.2421875,0.21685729023600137,ADMM,4,608
0.4722222222222222,0.42581697668079455,ADMM,4,609
0.38181818181818183,0.2653030595771916,ADMM,4,610
0.6339285714285714,0.5725842726466442,ADMM,4,611
0.4285714285714286,0.3558697754344951,ADMM,4,612
0.4035087719298245,0.33920053128394034,ADMM,4,613
0.5089285714285714,0.5197757428811176,ADMM,4,614
0.3113207547169812,0.2572974567673907,ADMM,4,615
0.17592592592592593,0.25095235438870056,ADMM,4,616
0.21818181818181814,0.2616642391849699,ADMM,4,617
0.7545454545454545,0.7075233312225032,ADMM,4,618
0.5471698113207547,0.3969729329184766,ADMM,4,619
0.11206896551724133,0.1414321470327494,ADMM,4,620
0.6810344827586207,0.5794390145895656,ADMM,4,621
0.17924528301886788,0.21913309632702377,ADMM,4,622
0.09322033898305082,0.20325826393281382,ADMM,4,623
0.3157894736842105,0.3290069815290172,ADMM,4,624
0.3660714285714286,0.32268857672627216,ADMM,4,625
0.1885245901639344,0.2596491523725179,ADMM,4,626
0.5350877192982456,0.5658963972883877,ADMM,4,627
0.44999999999999996,0.38808292096324526,ADMM,4,628
0.31034482758620685,0.18221845565748707,ADMM,4,629
0.5423728813559322,0.5242054171949686,ADMM,4,630
0.46031746031746024,0.49536372968536374,ADMM,4,631
0.4035087719298245,0.4248845276592137,ADMM,4,632
0.6140350877192983,0.5706241207609807,ADMM,4,633
0.4642857142857143,0.49383188548822193,ADMM,4,634
0.2946428571428572,0.3541527473630429,ADMM,4,635
0.27966101694915246,0.35727291662072314,ADMM,4,636
0.37735849056603776,0.28323935892672836,ADMM,4,637
0.29166666666666674,0.356187983010196,ADMM,4,638
0.2338709677419355,0.3017798852712085,ADMM,4,639
0.4818181818181818,0.3995755315285271,ADMM,4,640
0.4537037037037037,0.4022104277090335,ADMM,4,641
0.43103448275862066,0.3852369691251229,ADMM,4,642
0.3545454545454545,0.4406490288278729,ADMM,4,643
0.3727272727272728,0.5760570987398747,ADMM,4,644
0.3070175438596492,0.3773198120956032,ADMM,4,645
0.3090909090909091,0.3710359729716168,ADMM,4,646
0.5,0.5584599794452013,ADMM,4,647
0.34905660377358494,0.4661220059881686,ADMM,4,648
0.5,0.4154398235787116,ADMM,4,649
0.39814814814814814,0.3863651075952036,ADMM,4,650
0.17543859649122806,0.23873832974913337,ADMM,4,651
0.7982456140350878,0.635466159897457,ADMM,4,652
0.47540983606557374,0.5374431073346381,ADMM,4,653
0.21311475409836067,0.2353411417236743,ADMM,4,654
0.3771929824561404,0.5549067025276889,ADMM,4,655
0.20967741935483875,0.3151419275371587,ADMM,4,656
0.2232142857142857,0.25134414691501106,ADMM,4,657
0.4655172413793103,0.46378802930853563,ADMM,4,658
0.34615384615384615,0.3443037576355656,ADMM,4,659
0.3728813559322034,0.3657719063347203,ADMM,4,660
0.4722222222222222,0.4863059584684814,ADMM,4,661
0.4051724137931034,0.4633182885607158,ADMM,4,662
0.49122807017543857,0.47008817289273547,ADMM,4,663
0.9224137931034483,0.8644606303185735,ADMM,4,664
0.2192982456140351,0.23500644968051682,ADMM,4,665
0.4083333333333333,0.42998195169659326,ADMM,4,666
0.17272727272727273,0.2588098135511186,ADMM,4,667
0.27118644067796605,0.34918929896606626,ADMM,4,668
0.24561403508771928,0.2428215788821606,ADMM,4,669
0.3909090909090909,0.4075795627883891,ADMM,4,670
0.2547169811320755,0.26903380453086034,ADMM,4,671
0.7142857142857143,0.6771527261386818,ADMM,4,672
0.6551724137931034,0.6874210098853623,ADMM,4,673
0.3278688524590163,0.35126181247110755,ADMM,4,674
0.5083333333333333,0.539694103488725,ADMM,4,675
0.1785714285714286,0.2539091762449537,ADMM,4,676
0.22807017543859653,0.2544251607975966,ADMM,4,677
0.1923076923076923,0.2842327503903986,ADMM,4,678
0.631578947368421,0.5688393556019833,ADMM,4,679
0.8947368421052632,0.7868976574415528,ADMM,4,680
0.10169491525423724,0.06471939458216575,ADMM,4,681
0.4491525423728814,0.40468169351056427,ADMM,4,682
0.2090909090909091,0.2308428380081809,ADMM,4,683
0.1929824561403508,0.3003755189674628,ADMM,4,684
0.2844827586206897,0.24331495615424956,ADMM,4,685
0.31896551724137934,0.3848400528480845,ADMM,4,686
0.12037037037037035,0.2341949402089608,ADMM,4,687
0.525,0.571420493853017,ADMM,4,688
0.35964912280701755,0.3329742110365889,ADMM,4,689
0.2983870967741935,0.3767359243576046,ADMM,4,690
0.6166666666666667,0.5565739927458522,ADMM,4,691
0.5901639344262295,0.5321542254072067,ADMM,4,692
0.5350877192982456,0.5342496428676397,ADMM,4,693
0.36440677966101687,0.4378158256249107,ADMM,4,694
0.2807017543859649,0.29710830624967105,ADMM,4,695
0.22413793103448276,0.2555471587526883,ADMM,4,696
0.6,0.48681821754368115,ADMM,4,697
0.2777777777777778,0.17177538795493558,ADMM,4,698
0.6578947368421053,0.6834047193741478,ADMM,4,699
0.4363636363636363,0.39660945148645366,ADMM,4,700
0.39655172413793105,0.44681242217015504,ADMM,4,701
0.4067796610169492,0.42747642188522467,ADMM,4,702
0.2931034482758621,0.3756049428196044,ADMM,4,703
0.29166666666666674,0.4097213921897153,ADMM,4,704
0.3125,0.419855577863658,ADMM,4,705
0.34259259259259256,0.4325153843149341,ADMM,4,706
0.4298245614035088,0.43358189445086504,ADMM,4,707
0.5727272727272728,0.5586448918744236,ADMM,4,708
0.42307692307692313,0.39337237717608525,ADMM,4,709
0.10344827586206895,0.06971994099197874,ADMM,4,710
0.6428571428571429,0.5830902229059538,ADMM,4,711
0.5416666666666666,0.5899119655823535,ADMM,4,712
0.2033898305084746,0.15435528886311953,ADMM,4,713
0.7203389830508474,0.6365583856486963,ADMM,4,714
0.2767857142857143,0.32376743163535826,ADMM,4,715
0.2142857142857143,0.28318455101314166,ADMM,4,716
0.5357142857142857,0.5970377937018517,ADMM,4,717
0.2421875,0.3357826086499641,ADMM,4,718
0.4351851851851851,0.3672612974377916,ADMM,4,719
0.31896551724137934,0.3909594918256844,ADMM,4,720
0.19999999999999996,0.3146388811064464,ADMM,4,721
0.1610169491525424,0.23186409802295715,ADMM,4,722
0.375,0.45339860356006634,ADMM,4,723
0.1428571428571428,0.17785225612877334,ADMM,4,724
0.2946428571428572,0.30243250888562,ADMM,4,725
0.10377358490566035,0.17627408301360545,ADMM,4,726
0.2946428571428572,0.35469240371959343,ADMM,4,727
0.2857142857142857,0.32129358192962887,ADMM,4,728
0.7719298245614035,0.6738336310738596,ADMM,4,729
0.7166666666666667,0.7377805134062971,ADMM,4,730
0.4137931034482758,0.34373488628932664,ADMM,4,731
0.46226415094339623,0.4703805951806761,ADMM,4,732
0.2410714285714286,0.2651363250781122,ADMM,4,733
0.2589285714285714,0.3113601298879783,ADMM,4,734
0.2807017543859649,0.378879822577501,ADMM,4,735
0.44545454545454544,0.4423786019509067,ADMM,4,736
0.8706896551724138,0.7167724941136359,ADMM,4,737
0.018181818181818188,0.08417770813369457,ADMM,4,738
0.5701754385964912,0.5282476084077774,ADMM,4,739
0.2407407407407407,0.22327006966720458,ADMM,4,740
0.20370370370370372,0.23857772252416562,ADMM,4,741
0.3545454545454545,0.3410783848568282,ADMM,4,742
0.2547169811320755,0.3853045028070221,ADMM,4,743
0.13636363636363635,0.25849590435933023,ADMM,4,744
0.4913793103448276,0.574151869651339,ADMM,4,745
0.24561403508771928,0.3795286162075611,ADMM,4,746
0.603448275862069,0.5820827554061445,ADMM,4,747
0.5526315789473685,0.47452049985464995,ADMM,4,748
0.38888888888888884,0.41516516058723635,ADMM,4,749
0.35964912280701755,0.42191006430713407,ADMM,4,750
0.3545454545454545,0.329524201668678,ADMM,4,751
0.5272727272727272,0.6324159570861646,ADMM,4,752
0.4907407407407407,0.4444477247333507,ADMM,4,753
0.4351851851851851,0.5493129126073503,ADMM,4,754
0.5789473684210527,0.6217246028103212,ADMM,4,755
0.35964912280701755,0.44952204855222294,ADMM,4,756
0.16666666666666663,0.2860195921736167,ADMM,4,757
0.2857142857142857,0.27614988701421167,ADMM,4,758
0.5576923076923077,0.6008949997454938,ADMM,4,759
0.6403508771929824,0.6899259858380594,ADMM,4,760
0.3363636363636364,0.3805998068495618,ADMM,4,761
0.6160714285714286,0.608600639814212,ADMM,4,762
0.5446428571428571,0.6286088228261985,ADMM,4,763
0.27966101694915246,0.36245452944892637,ADMM,4,764
0.3306451612903225,0.33373248950771806,ADMM,4,765
0.18867924528301883,0.22959811343104494,ADMM,4,766
0.4375,0.4336932861803158,ADMM,4,767
0.509090909090909,0.44450089045845687,ADMM,4,768
0.3771929824561404,0.5130131890938363,ADMM,4,769
0.43103448275862066,0.5398416883563582,ADMM,4,770
0.4056603773584906,0.5021745927817144,ADMM,4,771
0.5267857142857143,0.6173620112706464,ADMM,4,772
0.25,0.1723665714408396,ADMM,4,773
0.4818181818181818,0.44125069386922555,ADMM,4,774
0.6759259259259259,0.589246174827256,ADMM,4,775
0.287037037037037,0.34343961010098906,ADMM,4,776
0.09523809523809523,0.08103086852533002,ADMM,4,777
0.4224137931034483,0.4208422104714225,ADMM,4,778
0.2909090909090909,0.26719714392533434,ADMM,4,779
0.27192982456140347,0.3052117232294685,ADMM,4,780
0.3771929824561404,0.43110284696881834,ADMM,4,781
0.5094339622641509,0.5080454795370064,ADMM,4,782
0.3545454545454545,0.4669524321595846,ADMM,4,783
0.13492063492063489,0.20289020812732886,ADMM,4,784
0.55,0.5063297872978404,ADMM,4,785
0.45614035087719296,0.4674320200473491,ADMM,4,786
0.2410714285714286,0.2504599646859009,ADMM,4,787
0.288135593220339,0.42696639681105797,ADMM,4,788
0.35344827586206895,0.5259703155719667,ADMM,4,789
0.5614035087719298,0.55810114791809,ADMM,4,790
0.1428571428571428,0.07857560359016795,ADMM,4,791
0.3214285714285714,0.3194282217897153,ADMM,4,792
0.2314814814814815,0.21218237648103155,ADMM,4,793
0.4553571428571428,0.27066974529324667,ADMM,4,794
0.3017241379310345,0.3402200335513391,ADMM,4,795
0.4716981132075472,0.412705595433749,ADMM,4,796
0.49122807017543857,0.5488271294868654,ADMM,4,797
0.4,0.5184891843493507,ADMM,4,798
0.18867924528301883,0.31631694862298326,ADMM,4,799
0.3070175438596492,0.4818177745188509,ADMM,4,800
0.38983050847457634,0.5265652752690931,ADMM,4,801
0.4553571428571428,0.44136225034198756,ADMM,4,802
0.2416666666666667,0.17889316856867535,ADMM,4,803
0.6186440677966102,0.6036759751365718,ADMM,4,804
0.26724137931034475,0.3406137739580118,ADMM,4,805
0.17592592592592593,0.2698005560957762,ADMM,4,806
0.1637931034482758,0.2551271623244839,ADMM,4,807
0.22881355932203395,0.23328856809088047,ADMM,4,808
0.1311475409836066,0.24285433938464568,ADMM,4,809
0.1271186440677966,0.12465329139213564,ADMM,4,810
0.185483870967742,0.17223254490908646,ADMM,4,811
0.8909090909090909,0.7409660804911069,ADMM,4,812
0.5175438596491229,0.4397295076466118,ADMM,4,813
0.09090909090909094,0.14949759439194538,ADMM,4,814
0.17272727272727273,0.25764844371437484,ADMM,4,815
0.6,0.6547029858694275,ADMM,4,816
0.16666666666666663,0.17032815183284242,ADMM,4,817
0.7807017543859649,0.5740986082724185,ADMM,4,818
0.2627118644067796,0.44350082538773605,ADMM,4,819
0.2589285714285714,0.23379918471917355,ADMM,4,820
0.2962962962962963,0.32358856697429494,ADMM,4,821
0.18103448275862066,0.14453159738341978,ADMM,4,822
0.11864406779661019,0.2231571636330086,ADMM,4,823
0.6428571428571429,0.5581141596470416,ADMM,4,824
0.2033898305084746,0.19168369195146323,ADMM,4,825
0.11403508771929827,0.22074390511737993,ADMM,4,826
0.3660714285714286,0.2992820261231378,ADMM,4,827
0.2661290322580645,0.3977752320071124,ADMM,4,828
0.27966101694915246,0.3987682216929186,ADMM,4,829
0.3055555555555556,0.44159204603835306,ADMM,4,830
0.3090909090909091,0.40725544607393865,ADMM,4,831
0.29807692307692313,0.4157790280856029,ADMM,4,832
0.15833333333333333,0.26914007036385434,ADMM,4,833
0.3017241379310345,0.3881603233343506,ADMM,4,834
0.3870967741935484,0.3498453857556614,ADMM,4,835
0.23584905660377364,0.2657353295282005,ADMM,4,836
0.2457627118644068,0.3397682194577436,ADMM,4,837
0.41666666666666674,0.5012891228352131,ADMM,4,838
0.4017857142857143,0.5219182109044807,ADMM,4,839
0.047169811320754707,0.06627587473853847,ADMM,4,840
0.27118644067796605,0.22113109346120985,ADMM,4,841
0.2767857142857143,0.29239013367489197,ADMM,4,842
0.3125,0.39167605460510124,ADMM,4,843
0.6271186440677966,0.4793010401417196,ADMM,4,844
0.5714285714285714,0.5129092049444026,ADMM,4,845
0.75,0.5988524823220166,ADMM,4,846
0.3018867924528301,0.42399947006402305,ADMM,4,847
0.2407407407407407,0.29161143617110385,ADMM,4,848
0.21818181818181814,0.24155819309351997,ADMM,4,849
0.5,0.5184842608443294,ADMM,4,850
0.25,0.34564920601281585,ADMM,4,851
0.17500000000000004,0.23186812770215193,ADMM,4,852
0.1694915254237288,0.27900917027661926,ADMM,4,853
0.20370370370370372,0.3418684271709092,ADMM,4,854
0.25,0.31844117522323195,ADMM,4,855
0.1578947368421053,0.24483385268613864,ADMM,4,856
0.23684210526315785,0.22393279761569684,ADMM,4,857
0.20175438596491224,0.3187548363922409,ADMM,4,858
0.6578947368421053,0.6009768737755727,ADMM,4,859
0.29166666666666674,0.33835820392100524,ADMM,4,860
0.2068965517241379,0.2595518160846251,ADMM,4,861
0.30952380952380953,0.2815454760531346,ADMM,4,862
0.6339285714285714,0.6412720020646029,ADMM,4,863
0.3482142857142857,0.2928787028832813,ADMM,4,864
0.4056603773584906,0.4864212280266208,ADMM,4,865
0.6090909090909091,0.5942332805863856,ADMM,4,866
0.23770491803278682,0.30228559858441056,ADMM,4,867
0.5283018867924528,0.564062262222408,ADMM,4,868
0.12068965517241381,0.31290970255808176,ADMM,4,869
0.13157894736842102,0.2057087556407462,ADMM,4,870
0.4375,0.4542794846835485,ADMM,4,871
0.13559322033898302,0.148670938846141,ADMM,4,872
0.19999999999999996,0.2742631450663051,ADMM,4,873
0.25,0.32418086907311683,ADMM,4,874
0.6666666666666666,0.5493431250455431,ADMM,4,875
0.631578947368421,0.5484209172330065,ADMM,4,876
0.39814814814814814,0.32949983688308293,ADMM,4,877
0.3833333333333333,0.42749885973675755,ADMM,4,878
0.5175438596491229,0.43703002547955283,ADMM,4,879
0.5178571428571429,0.5124067398086772,ADMM,4,880
0.3035714285714286,0.3825797749826659,ADMM,4,881
0.6272727272727273,0.625299880640021,ADMM,4,882
0.4339622641509434,0.5121267780239528,ADMM,4,883
0.34745762711864403,0.3244095441220554,ADMM,4,884
0.05833333333333335,0.0826438031835596,ADMM,4,885
0.4298245614035088,0.36735830128851615,ADMM,4,886
0.5333333333333333,0.577393559872565,ADMM,4,887
0.2222222222222222,0.2963900970237605,ADMM,4,888
0.75,0.7025144429522773,ADMM,4,889
0.5241935483870968,0.47713659443904943,ADMM,4,890
0.3571428571428572,0.48290677306752866,ADMM,4,891
0.6636363636363637,0.6454884678500279,ADMM,4,892
0.2192982456140351,0.2372569742028382,ADMM,4,893
0.4224137931034483,0.4496200769828315,ADMM,4,894
0.4051724137931034,0.396951948410169,ADMM,4,895
0.2946428571428572,0.26976348323368743,ADMM,4,896
0.44067796610169485,0.38827866869669053,ADMM,4,897
0.4814814814814814,0.28810837290782465,ADMM,4,898
0.3400000000000001,0.35524566084629294,ADMM,4,899
0.7946428571428571,0.48531332312992004,ADMM,4,900
0.6851851851851852,0.6554033628370817,ADMM,4,901
0.4017857142857143,0.46976276470767986,ADMM,4,902
0.8771929824561403,0.7970874346321599,ADMM,4,903
0.49056603773584906,0.44737818041622207,ADMM,4,904
0.2272727272727273,0.33220148886156053,ADMM,4,905
0.10169491525423724,0.10383257257107557,ADMM,4,906
0.44736842105263164,0.4957938315536251,ADMM,4,907
0.3125,0.3567721073768832,ADMM,4,908
0.24545454545454548,0.2624552273210625,ADMM,4,909
0.4913793103448276,0.6536164926137127,ADMM,4,910
0.4326923076923077,0.6287774482540248,ADMM,4,911
0.3620689655172413,0.6431745758230967,ADMM,4,912
0.6982758620689655,0.5441391842312735,ADMM,4,913
0.28181818181818175,0.2855630678690263,ADMM,4,914
0.8389830508474576,0.716686466217096,ADMM,4,915
0.6454545454545455,0.440560938193695,ADMM,4,916
0.2666666666666666,0.41752835234193325,ADMM,4,917
0.576271186440678,0.5029910318976346,ADMM,4,918
0.26363636363636367,0.2738408197156824,ADMM,4,919
0.5982142857142857,0.5397524376544559,ADMM,4,920
0.33333333333333326,0.44005195707161293,ADMM,4,921
0.19090909090909092,0.35818528115788395,ADMM,4,922
0.2777777777777778,0.4829781496602937,ADMM,4,923
0.543859649122807,0.540036452643571,ADMM,4,924
0.625,0.5683148289565803,ADMM,4,925
0.08490566037735847,0.08111385085451288,ADMM,4,926
0.3392857142857143,0.31568972461254136,ADMM,4,927
0.3035714285714286,0.29712452676109613,ADMM,4,928
0.26415094339622636,0.20623866037505406,ADMM,4,929
0.36363636363636365,0.4110082678459677,ADMM,4,930
0.30327868852459017,0.4085554602294521,ADMM,4,931
0.31034482758620685,0.5361295592557986,ADMM,4,932
0.7068965517241379,0.738532337346322,ADMM,4,933
0.30327868852459017,0.3453565660229883,ADMM,4,934
0.34375,0.3971686615672814,ADMM,4,935
0.4814814814814814,0.5584246146006688,ADMM,4,936
0.41666666666666674,0.37146902925941355,ADMM,4,937
0.3421052631578947,0.3227188565308472,ADMM,4,938
0.3706896551724138,0.43889671522474116,ADMM,4,939
0.1339285714285714,0.23999972168018924,ADMM,4,940
0.20175438596491224,0.3131492198142298,ADMM,4,941
0.3362068965517242,0.3911935311451479,ADMM,4,942
0.4655172413793103,0.3850957936962985,ADMM,4,943
0.4576271186440678,0.4924082870925937,ADMM,4,944
0.11864406779661019,0.1618818124033869,ADMM,4,945
0.35185185185185186,0.4366726341582004,ADMM,4,946
0.32407407407407407,0.31377443202527283,ADMM,4,947
0.3660714285714286,0.38489631039126554,ADMM,4,948
0.2295081967213115,0.24281915582653296,ADMM,4,949
0.35,0.29759096098071613,ADMM,4,950
0.19444444444444442,0.2558131250865492,ADMM,4,951
0.3666666666666667,0.42997236908395897,ADMM,4,952
0.4516129032258065,0.43180614462437095,ADMM,4,953
0.5272727272727272,0.5161973280246661,ADMM,4,954
0.39655172413793105,0.5170615848625543,ADMM,4,955
0.41129032258064524,0.41554492056635456,ADMM,4,956
0.373015873015873,0.4700808616443696,ADMM,4,957
0.33333333333333326,0.30102375000877607,ADMM,4,958
0.23636363636363633,0.3635308174653715,ADMM,4,959
0.4649122807017544,0.4181903549532069,ADMM,4,960
0.3303571428571428,0.3892462653845336,ADMM,4,961
0.1339285714285714,0.2347817688033887,ADMM,4,962
0.0982142857142857,0.10609220566687105,ADMM,4,963
0.31666666666666665,0.42141785526894987,ADMM,4,964
0.3833333333333333,0.46347888404776943,ADMM,4,965
0.6416666666666667,0.4783145795263513,ADMM,4,966
0.509090909090909,0.5055914956747003,ADMM,4,967
0.3928571428571428,0.45158213028146665,ADMM,4,968
0.1694915254237288,0.1627876074084516,ADMM,4,969
0.4196428571428572,0.3532761479365492,ADMM,4,970
0.45238095238095233,0.40195431165810885,ADMM,4,971
0.5,0.3996383263171385,ADMM,4,972
0.38983050847457634,0.3622812290671278,ADMM,4,973
0.19444444444444442,0.3092183265750156,ADMM,4,974
0.509090909090909,0.6894445978465897,ADMM,4,975
0.25,0.24929280008449056,ADMM,4,976
0.6754385964912281,0.5004225275499147,ADMM,4,977
0.8245614035087719,0.7453952018328807,ADMM,4,978
0.3571428571428572,0.36259266656217165,ADMM,4,979
0.032786885245901676,0.08158127210149198,ADMM,4,980
0.33333333333333326,0.4398774159453224,ADMM,4,981
0.21052631578947367,0.22067391974667863,ADMM,4,982
0.18181818181818188,0.25059216595172806,ADMM,4,983
0.28181818181818175,0.3697002295541764,ADMM,4,984
0.4642857142857143,0.4191144532288014,ADMM,4,985
0.4528301886792453,0.4961012668467713,ADMM,4,986
0.675,0.6439475638785919,ADMM,4,987
0.2333333333333334,0.32241937101356105,ADMM,4,988
0.7796610169491526,0.5683520488038476,ADMM,4,989
0.8559322033898306,0.7466326100740664,ADMM,4,990
0.5338983050847458,0.5560340158817789,ADMM,4,991
0.3392857142857143,0.36373500715123774,ADMM,4,992
0.5689655172413793,0.580205012323226,ADMM,4,993
0.7678571428571429,0.6478221368419212,ADMM,4,994
0.1454545454545455,0.22674624086571912,ADMM,4,995
0.10377358490566035,0.12576519336201442,ADMM,4,996
0.2583333333333333,0.2959171674060149,ADMM,4,997
0.31034482758620685,0.31925607019545843,ADMM,4,998
0.19090909090909092,0.18088222661578465,ADMM,4,999
0.3157894736842105,0.48004937304614353,ADMM,4,1000
0.5089285714285714,0.5423179216121745,ADMM,4,1001
0.6492537313432836,0.6281520215000859,ADMM,4,1002
0.5350877192982456,0.6372138137928366,ADMM,4,1003
0.17500000000000004,0.14195787803829504,ADMM,4,1004
0.5416666666666666,0.5479107304803027,ADMM,4,1005
0.5677966101694916,0.5292719059809514,ADMM,4,1006
0.24545454545454548,0.33653548763490876,ADMM,4,1007
0.6228070175438597,0.633039174411919,ADMM,4,1008
0.2321428571428572,0.27123574718799576,ADMM,4,1009
0.2410714285714286,0.29975107647859106,ADMM,4,1010
0.3125,0.4215830040727677,ADMM,4,1011
0.3125,0.3522737932803039,ADMM,4,1012
0.7844827586206896,0.6937789607205188,ADMM,4,1013
0.2924528301886793,0.31906604620570517,ADMM,4,1014
0.3770491803278688,0.408140802239668,ADMM,4,1015
0.4913793103448276,0.47695843797908705,ADMM,4,1016
0.1272727272727272,0.22677069268480346,ADMM,4,1017
0.1785714285714286,0.35621049613160216,ADMM,4,1018
0.5681818181818182,0.5591966715299126,ADMM,4,1019
0.2627118644067796,0.31855461391341533,ADMM,4,1020
0.23684210526315785,0.3031157273128418,ADMM,4,1021
0.27586206896551724,0.3106261732677889,ADMM,4,1022
0.4285714285714286,0.4485034270179992,ADMM,4,1023
0.19047619047619047,0.2046513857005905,ADMM,4,1024
0.13559322033898302,0.16612582828150788,ADMM,4,1025
0.4017857142857143,0.3900195905081223,ADMM,4,1026
0.6818181818181818,0.49931746918375414,ADMM,4,1027
0.211864406779661,0.27170002093006146,ADMM,4,1028
0.35593220338983045,0.49989240925173883,ADMM,4,1029
0.3909090909090909,0.4813474583819678,ADMM,4,1030
0.47457627118644075,0.4673169811114757,ADMM,4,1031
0.5714285714285714,0.5986790474685295,ADMM,4,1032
0.3305084745762712,0.3328846998161368,ADMM,4,1033
0.8,0.7592759136835058,ADMM,4,1034
0.5166666666666667,0.5577958692145797,ADMM,4,1035
0.20833333333333337,0.28095910988565076,ADMM,4,1036
0.44545454545454544,0.3742347155368123,ADMM,4,1037
0.04166666666666663,0.03706951143877874,ADMM,4,1038
0.39655172413793105,0.39088585569530354,ADMM,4,1039
0.23076923076923084,0.3317971065141935,ADMM,4,1040
0.20370370370370372,0.18782214746105025,ADMM,4,1041
0.30833333333333335,0.39735353035432697,ADMM,4,1042
0.44999999999999996,0.39768627653252797,ADMM,4,1043
0.38596491228070173,0.5389225100586543,ADMM,4,1044
0.6181818181818182,0.6312756431983041,ADMM,4,1045
0.25,0.26850850202344173,ADMM,4,1046
0.4083333333333333,0.3826356308630609,ADMM,4,1047
0.9210526315789473,0.6947598658140242,ADMM,4,1048
0.635593220338983,0.45686393481736703,ADMM,4,1049
0.06896551724137934,0.14435579612320004,ADMM,4,1050
0.21818181818181814,0.26678597551509814,ADMM,4,1051
0.22499999999999998,0.23005753366241774,ADMM,4,1052
0.45192307692307687,0.38661436678232003,ADMM,4,1053
0.3879310344827587,0.28918375892031795,ADMM,4,1054
0.5172413793103449,0.5385608073062552,ADMM,4,1055
0.19090909090909092,0.28806488248468226,ADMM,4,1056
0.4107142857142857,0.43815581125130254,ADMM,4,1057
0.27192982456140347,0.30177180283979005,ADMM,4,1058
0.35593220338983045,0.32779822773096745,ADMM,4,1059
0.37037037037037035,0.3714813331831327,ADMM,4,1060
0.3571428571428572,0.46618447355503506,ADMM,4,1061
0.08771929824561409,0.18598551295955842,ADMM,4,1062
0.26363636363636367,0.37531137127464037,ADMM,4,1063
0.2857142857142857,0.5173907920216791,ADMM,4,1064
0.06557377049180324,0.08882299748158114,ADMM,4,1065
0.17213114754098358,0.14241212361060657,ADMM,4,1066
0.04629629629629628,0.05462679647680782,ADMM,4,1067
0.010000000000000009,0.07637093825583835,ADMM,4,1068
0.21551724137931028,0.19079510004535108,ADMM,4,1069
0.0892857142857143,0.11431164339904128,ADMM,4,1070
0.07627118644067798,0.11674406706601372,ADMM,4,1071
0.14754098360655732,0.1223415750307788,ADMM,4,1072
0.3524590163934427,0.3904030546289723,ADMM,4,1073
0.1696428571428572,0.18803532025484815,ADMM,4,1074
0.6759259259259259,0.6155146333171707,ADMM,4,1075
0.35185185185185186,0.3242397818635123,ADMM,4,1076
0.21052631578947367,0.21464384411112125,ADMM,4,1077
0.40740740740740744,0.3703627430853376,ADMM,4,1078
0.5089285714285714,0.4772963671324378,ADMM,4,1079
0.3275862068965517,0.36081407007845107,ADMM,4,1080
0.33333333333333326,0.3056271244925992,ADMM,4,1081
0.5350877192982456,0.5578130641721898,ADMM,4,1082
0.2321428571428572,0.3736923505767892,ADMM,4,1083
0.7131147540983607,0.5972155323790886,ADMM,4,1084
0.2583333333333333,0.3042623750530874,ADMM,4,1085
0.2232142857142857,0.23604118693871803,ADMM,4,1086
0.3679245283018868,0.37518216321882475,ADMM,4,1087
0.5,0.4730553567403653,ADMM,4,1088
0.2767857142857143,0.26594800440508337,ADMM,4,1089
0.22499999999999998,0.22987366443159218,ADMM,4,1090
0.1071428571428571,0.14643328550387494,ADMM,4,1091
0.3771929824561404,0.35267204415232695,ADMM,4,1092
0.5,0.499568747071869,ADMM,4,1093
0.1517857142857143,0.16367135303746064,ADMM,4,1094
0.2685185185185186,0.15097223909266755,ADMM,4,1095
0.22413793103448276,0.33963076725865543,ADMM,4,1096
0.2407407407407407,0.2687569313139372,ADMM,4,1097
0.32692307692307687,0.2802691422325662,ADMM,4,1098
0.2931034482758621,0.26847956933956235,ADMM,4,1099
0.5847457627118644,0.6261913368193589,ADMM,4,1100
0.4,0.47541913990823076,ADMM,4,1101
0.2807017543859649,0.47607765493238396,ADMM,4,1102
0.3157894736842105,0.30126230064055237,ADMM,4,1103
0.2894736842105263,0.37686415870469353,ADMM,4,1104
0.3275862068965517,0.3726420463941579,ADMM,4,1105
0.3706896551724138,0.3926033574746149,ADMM,4,1106
0.2586206896551724,0.3773965776465947,ADMM,4,1107
0.24545454545454548,0.4300593151716533,ADMM,4,1108
0.49056603773584906,0.40705782436190363,ADMM,4,1109
0.3706896551724138,0.39653703330463175,ADMM,4,1110
0.5089285714285714,0.43969466104227617,ADMM,4,1111
0.5267857142857143,0.49071267990519746,ADMM,4,1112
0.4385964912280702,0.4953947618797553,ADMM,4,1113
0.13709677419354838,0.2400542157522077,ADMM,4,1114
0.43442622950819665,0.4634445525015281,ADMM,4,1115
0.3482142857142857,0.4030979891282417,ADMM,4,1116
0.16393442622950816,0.26738281734098573,ADMM,4,1117
0.2966101694915254,0.26141624970893623,ADMM,4,1118
0.532258064516129,0.56918768791366,ADMM,4,1119
0.631578947368421,0.6702063760786455,ADMM,4,1120
0.3181818181818181,0.34320573411481603,ADMM,4,1121
0.27692307692307694,0.2670957649688842,ADMM,4,1122
0.3125,0.28744864982464075,ADMM,4,1123
0.4482758620689655,0.40410608964642397,ADMM,4,1124
0.4385964912280702,0.5540367988593137,ADMM,4,1125
0.2068965517241379,0.23863662218451318,ADMM,4,1126
0.7545454545454545,0.5755111680410974,ADMM,4,1127
0.1692307692307693,0.1237496314161811,ADMM,5,0
0.8507462686567164,0.7405844314129025,ADMM,5,1
0.24626865671641784,0.12102439403381549,ADMM,5,2
0.1691176470588236,0.16437833688262338,ADMM,5,3
0.09848484848484851,0.07615901887914567,ADMM,5,4
0.040983606557377095,0.052629018580361536,ADMM,5,5
0.543859649122807,0.4446697950111715,ADMM,5,6
0.25,0.30294159680303445,ADMM,5,7
0.3305084745762712,0.28391481110146216,ADMM,5,8
0.3671875,0.25274006887726025,ADMM,5,9
0.8484848484848485,0.7020919391125173,ADMM,5,10
0.2033898305084746,0.21523838714818053,ADMM,5,11
0.5970149253731343,0.4930318283427407,ADMM,5,12
0.1311475409836066,0.17171373256536004,ADMM,5,13
0.48461538461538467,0.4425773184185656,ADMM,5,14
0.3046875,0.2788536315965777,ADMM,5,15
0.140625,0.12284144017831684,ADMM,5,16
0.26190476190476186,0.17514753189608875,ADMM,5,17
0.24590163934426235,0.2384348765102079,ADMM,5,18
0.11904761904761907,0.10852172644865993,ADMM,5,19
0.07627118644067798,0.0748206728992341,ADMM,5,20
0.38983050847457634,0.3063376479067693,ADMM,5,21
0.05084745762711862,0.07378942643338263,ADMM,5,22
0.17796610169491522,0.09841353028296497,ADMM,5,23
0.16393442622950816,0.15461301588153967,ADMM,5,24
0.0757575757575758,0.14317115553278054,ADMM,5,25
0.08870967741935487,0.08836591024995567,ADMM,5,26
0.1428571428571428,0.10169952233297776,ADMM,5,27
0.17796610169491522,0.20894312657627692,ADMM,5,28
0.11538461538461542,0.06667425144103337,ADMM,5,29
0.08196721311475408,0.07373780279007851,ADMM,5,30
0.1724137931034483,0.1747889149079275,ADMM,5,31
0.14655172413793105,0.16438725831885495,ADMM,5,32
0.056451612903225756,0.08883166341567313,ADMM,5,33
0.0793650793650793,0.09330774977564954,ADMM,5,34
0.3571428571428572,0.2664402623232081,ADMM,5,35
0.4076923076923077,0.360717437476082,ADMM,5,36
0.16363636363636358,0.14424332261922068,ADMM,5,37
0.12068965517241381,0.1628849273880964,ADMM,5,38
0.19166666666666665,0.17600261209669882,ADMM,5,39
0.11111111111111116,0.12217927856056185,ADMM,5,40
0.08771929824561409,0.05054993350284743,ADMM,5,41
0.08208955223880599,0.08512196435760586,ADMM,5,42
0.265625,0.26350922070156996,ADMM,5,43
0.17460317460317465,0.12024016635686972,ADMM,5,44
0.15000000000000002,0.15346510529588675,ADMM,5,45
0.23809523809523814,0.22580080957075446,ADMM,5,46
0.3181818181818181,0.23643259623733845,ADMM,5,47
0.9761904761904762,0.8607349889647963,ADMM,5,48
0.10185185185185186,0.11164522684516562,ADMM,5,49
0.19444444444444442,0.15262630330195337,ADMM,5,50
0.11016949152542377,0.11598064236567746,ADMM,5,51
0.3070175438596492,0.3297826656023089,ADMM,5,52
0.10526315789473684,0.09197895027498139,ADMM,5,53
0.12878787878787878,0.19580110563081096,ADMM,5,54
0.0636363636363636,0.14897854583063058,ADMM,5,55
0.14754098360655732,0.17888415825115045,ADMM,5,56
0.5172413793103449,0.38082985615571374,ADMM,5,57
0.0803571428571429,0.1291973454336122,ADMM,5,58
0.16666666666666663,0.1494628001075405,ADMM,5,59
0.10833333333333339,0.10760629599870385,ADMM,5,60
0.05555555555555558,0.11977283494975917,ADMM,5,61
0.20491803278688525,0.2017647103051722,ADMM,5,62
0.045454545454545414,0.08112248033560111,ADMM,5,63
0.211864406779661,0.1331562840541093,ADMM,5,64
0.3015873015873016,0.24469133229360254,ADMM,5,65
0.2053571428571428,0.13019135946249977,ADMM,5,66
0.42105263157894735,0.37781403398146735,ADMM,5,67
0.12280701754385959,0.12012013198486426,ADMM,5,68
0.3090909090909091,0.2634505010958725,ADMM,5,69
0.05833333333333335,0.10943468261121966,ADMM,5,70
0.1272727272727272,0.1518692896537711,ADMM,5,71
0.19354838709677424,0.1661461827306419,ADMM,5,72
0.07499999999999996,0.09416283479086685,ADMM,5,73
0.06779661016949157,0.07920569624189908,ADMM,5,74
0.07627118644067798,0.069859679071829,ADMM,5,75
0.1637931034482758,0.1279896835356568,ADMM,5,76
0.17272727272727273,0.19489315713008937,ADMM,5,77
0.06034482758620685,0.08934466968051116,ADMM,5,78
0.15000000000000002,0.1368136216779852,ADMM,5,79
0.435483870967742,0.3379536546784356,ADMM,5,80
0.5526315789473685,0.3827702462748566,ADMM,5,81
0.06666666666666665,0.0487779853303813,ADMM,5,82
0.08196721311475408,0.16387069598925497,ADMM,5,83
0.2589285714285714,0.3037111699150082,ADMM,5,84
0.1272727272727272,0.06730791576031672,ADMM,5,85
0.15322580645161288,0.1594467912063158,ADMM,5,86
0.13559322033898302,0.15937689720582457,ADMM,5,87
0.07547169811320753,0.11792149679589871,ADMM,5,88
0.07894736842105265,0.07846553045842405,ADMM,5,89
0.05737704918032782,0.058478761770595855,ADMM,5,90
0.07499999999999996,0.07534682224827718,ADMM,5,91
0.10909090909090913,0.1188580204925254,ADMM,5,92
0.3363636363636364,0.21397485540162808,ADMM,5,93
0.11016949152542377,0.14900050267417192,ADMM,5,94
0.1484375,0.1318089177151716,ADMM,5,95
0.09677419354838712,0.08768077668485041,ADMM,5,96
0.5338983050847458,0.5168945936318062,ADMM,5,97
0.35964912280701755,0.3211819098383094,ADMM,5,98
0.16666666666666663,0.13535042538126554,ADMM,5,99
0.08771929824561409,0.14177692024132513,ADMM,5,100
0.7583333333333333,0.6403683214833311,ADMM,5,101
0.10833333333333339,0.0710333001844026,ADMM,5,102
0.47413793103448276,0.3344082992865205,ADMM,5,103
0.15254237288135597,0.14543365612608725,ADMM,5,104
0.3508771929824561,0.4419873325060687,ADMM,5,105
0.23684210526315785,0.2983495691181851,ADMM,5,106
0.14406779661016955,0.1289930588895618,ADMM,5,107
0.2192982456140351,0.14656636019849284,ADMM,5,108
0.1929824561403508,0.16012025243994046,ADMM,5,109
0.1160714285714286,0.10196442552254331,ADMM,5,110
0.1271186440677966,0.09650910596476103,ADMM,5,111
0.24561403508771928,0.20879079612173276,ADMM,5,112
0.07499999999999996,0.07648618168523123,ADMM,5,113
0.15254237288135597,0.17475482831230213,ADMM,5,114
0.12962962962962965,0.11926062981337299,ADMM,5,115
0.13636363636363635,0.11044334264855095,ADMM,5,116
0.0862068965517242,0.10167246684148777,ADMM,5,117
0.10344827586206895,0.141476023435143,ADMM,5,118
0.2894736842105263,0.28971057199769457,ADMM,5,119
0.09090909090909094,0.11361043597140347,ADMM,5,120
0.11206896551724133,0.06107369532649136,ADMM,5,121
0.17272727272727273,0.13455556268170404,ADMM,5,122
0.20454545454545459,0.08243247526342616,ADMM,5,123
0.07894736842105265,0.1495809484180504,ADMM,5,124
0.1694915254237288,0.12314656901960294,ADMM,5,125
0.44067796610169485,0.2631792960509004,ADMM,5,126
0.46825396825396826,0.4668763635199013,ADMM,5,127
0.13157894736842102,0.09978897987461456,ADMM,5,128
0.2033898305084746,0.14633328432217796,ADMM,5,129
0.21311475409836067,0.12557612647973956,ADMM,5,130
0.0862068965517242,0.10239406363107269,ADMM,5,131
0.05263157894736836,0.04874548431435107,ADMM,5,132
0.1311475409836066,0.08245427899847096,ADMM,5,133
0.18333333333333335,0.2784991679373144,ADMM,5,134
0.0847457627118644,0.06082044845904528,ADMM,5,135
0.15740740740740744,0.11102515986752494,ADMM,5,136
0.13157894736842102,0.18333992216645278,ADMM,5,137
0.0423728813559322,0.09820005357634885,ADMM,5,138
0.17543859649122806,0.17249844140390835,ADMM,5,139
0.07627118644067798,0.1222890755204649,ADMM,5,140
0.2666666666666666,0.2827401951821677,ADMM,5,141
0.09259259259259256,0.07005154695538444,ADMM,5,142
0.23275862068965514,0.17932037349956317,ADMM,5,143
0.09999999999999998,0.14760468937396165,ADMM,5,144
0.15573770491803285,0.18906749141138535,ADMM,5,145
0.38596491228070173,0.3392380047596845,ADMM,5,146
0.05263157894736836,0.10068272047941473,ADMM,5,147
0.018181818181818188,0.1391192456639331,ADMM,5,148
0.08181818181818179,0.07686451344920255,ADMM,5,149
0.06140350877192979,0.09361893961299196,ADMM,5,150
0.10526315789473684,0.14917282340801147,ADMM,5,151
0.056451612903225756,0.0916937406638823,ADMM,5,152
0.05084745762711862,0.09404507641472072,ADMM,5,153
0.28688524590163933,0.26792384271635905,ADMM,5,154
0.14655172413793105,0.13178922631680842,ADMM,5,155
0.32407407407407407,0.33528726311574275,ADMM,5,156
0.1339285714285714,0.1466179772599923,ADMM,5,157
0.2909090909090909,0.2783321413845855,ADMM,5,158
0.01754385964912286,0.10117332340594463,ADMM,5,159
0.09166666666666667,0.14006484819014298,ADMM,5,160
0.05084745762711862,0.1289620927729131,ADMM,5,161
0.07758620689655171,0.09594921964552952,ADMM,5,162
0.08064516129032262,0.08730500155294826,ADMM,5,163
0.04385964912280704,0.10955326545656974,ADMM,5,164
0.1428571428571428,0.22245954195494846,ADMM,5,165
0.11818181818181817,0.12628037161976186,ADMM,5,166
0.05263157894736836,0.057596799811194616,ADMM,5,167
0.0431034482758621,0.14546145758123746,ADMM,5,168
0.2457627118644068,0.2460835521414486,ADMM,5,169
0.5258620689655172,0.38357706549658127,ADMM,5,170
0.05737704918032782,0.03606164839535146,ADMM,5,171
0.056451612903225756,0.15765847725185814,ADMM,5,172
0.2543859649122807,0.3033808949136692,ADMM,5,173
0.08196721311475408,0.08240370599507953,ADMM,5,174
0.14655172413793105,0.15754486765635076,ADMM,5,175
0.12280701754385959,0.2067459921443035,ADMM,5,176
0.050000000000000044,0.14176257212908894,ADMM,5,177
0.08196721311475408,0.07383841719154874,ADMM,5,178
0.025423728813559365,0.06574939388783199,ADMM,5,179
0.0267857142857143,0.10934068845326901,ADMM,5,180
0.11904761904761907,0.12945163994917178,ADMM,5,181
0.4732142857142857,0.4645111767005841,ADMM,5,182
0.22499999999999998,0.2313297582295066,ADMM,5,183
0.43965517241379315,0.2922741208889711,ADMM,5,184
0.868421052631579,0.796565963628609,ADMM,5,185
0.2666666666666666,0.22083317352085927,ADMM,5,186
0.19491525423728817,0.2525636260378685,ADMM,5,187
0.31034482758620685,0.21682934667805723,ADMM,5,188
0.2589285714285714,0.3894911367278682,ADMM,5,189
0.37037037037037035,0.4156284992056409,ADMM,5,190
0.2931034482758621,0.40758175805696784,ADMM,5,191
0.5083333333333333,0.37614723210025014,ADMM,5,192
0.4067796610169492,0.2837403252038733,ADMM,5,193
0.6454545454545455,0.49811561548097943,ADMM,5,194
0.32499999999999996,0.3678006279561976,ADMM,5,195
0.5526315789473685,0.37029981820764335,ADMM,5,196
0.2583333333333333,0.2208501756031081,ADMM,5,197
0.14035087719298245,0.19596957514514377,ADMM,5,198
0.6583333333333333,0.6704910605989205,ADMM,5,199
0.2272727272727273,0.2732437622363429,ADMM,5,200
0.5677966101694916,0.49716957289062597,ADMM,5,201
0.2727272727272727,0.31839152474183496,ADMM,5,202
0.2592592592592593,0.316650682113438,ADMM,5,203
0.4298245614035088,0.34100892360824153,ADMM,5,204
0.4019607843137255,0.42929310651569513,ADMM,5,205
0.28846153846153844,0.43069678262544525,ADMM,5,206
0.17307692307692313,0.3742290893053291,ADMM,5,207
0.13636363636363635,0.19172502569286787,ADMM,5,208
0.7105263157894737,0.6393347452972249,ADMM,5,209
0.3928571428571428,0.43847061753634053,ADMM,5,210
0.32407407407407407,0.33132417336335546,ADMM,5,211
0.33333333333333326,0.35441283287318187,ADMM,5,212
0.34745762711864403,0.2622073510891001,ADMM,5,213
0.3770491803278688,0.31815780535056903,ADMM,5,214
0.6517857142857143,0.5865542296463814,ADMM,5,215
0.2857142857142857,0.3632959665454366,ADMM,5,216
0.2068965517241379,0.2871928280854426,ADMM,5,217
0.375,0.4166997433960024,ADMM,5,218
0.10909090909090913,0.16701555115555372,ADMM,5,219
0.24137931034482762,0.23018123067605528,ADMM,5,220
0.8145161290322581,0.7815382852148269,ADMM,5,221
0.217741935483871,0.2838359478308632,ADMM,5,222
0.2222222222222222,0.2900990109628397,ADMM,5,223
0.2033898305084746,0.32314209076011136,ADMM,5,224
0.3706896551724138,0.43881492773588443,ADMM,5,225
0.23275862068965514,0.22067311204992734,ADMM,5,226
0.7767857142857143,0.6251369913749205,ADMM,5,227
0.6111111111111112,0.5542210242140583,ADMM,5,228
0.3508771929824561,0.3679148561108239,ADMM,5,229
0.15254237288135597,0.10106725063301704,ADMM,5,230
0.1785714285714286,0.14320812880007544,ADMM,5,231
0.3125,0.27389979515317775,ADMM,5,232
0.27192982456140347,0.2937896093108967,ADMM,5,233
0.2264150943396226,0.22799423642102812,ADMM,5,234
0.2735849056603774,0.40579092774032116,ADMM,5,235
0.3728813559322034,0.44458845430375926,ADMM,5,236
0.19444444444444442,0.2999747286495716,ADMM,5,237
0.42592592592592593,0.4684587734815608,ADMM,5,238
0.23636363636363633,0.4082737719027555,ADMM,5,239
0.5081967213114754,0.5125157013061719,ADMM,5,240
0.2457627118644068,0.3045668192235069,ADMM,5,241
0.3392857142857143,0.35695429631549963,ADMM,5,242
0.3571428571428572,0.35014525417305564,ADMM,5,243
0.19166666666666665,0.18431942023679568,ADMM,5,244
0.21818181818181814,0.27387024141300237,ADMM,5,245
0.2767857142857143,0.29868515615745056,ADMM,5,246
0.5089285714285714,0.5396714156261765,ADMM,5,247
0.2543859649122807,0.3165891003872666,ADMM,5,248
0.2622950819672132,0.4148720870694094,ADMM,5,249
0.2192982456140351,0.33961210347559534,ADMM,5,250
0.42592592592592593,0.3851022306931381,ADMM,5,251
0.1416666666666666,0.29357612415468587,ADMM,5,252
0.3839285714285714,0.41656244249364055,ADMM,5,253
0.43103448275862066,0.4866427773147463,ADMM,5,254
0.07894736842105265,0.22879370777792665,ADMM,5,255
0.2457627118644068,0.3378477622525623,ADMM,5,256
0.17272727272727273,0.28108300913149953,ADMM,5,257
0.5648148148148148,0.30435098886640183,ADMM,5,258
0.2068965517241379,0.2398249049418478,ADMM,5,259
0.3017241379310345,0.42774334190024565,ADMM,5,260
0.10833333333333339,0.19297732154896152,ADMM,5,261
0.28181818181818175,0.2633587105602432,ADMM,5,262
0.5263157894736842,0.5562267715405679,ADMM,5,263
0.2547169811320755,0.34890725364730724,ADMM,5,264
0.35849056603773577,0.4434078272153144,ADMM,5,265
0.543859649122807,0.4585460482657983,ADMM,5,266
0.15833333333333333,0.07797285252458556,ADMM,5,267
0.2592592592592593,0.2500082271793772,ADMM,5,268
0.4017857142857143,0.529628740173808,ADMM,5,269
0.49122807017543857,0.4447979324774243,ADMM,5,270
0.08771929824561409,0.09416319495301026,ADMM,5,271
0.26363636363636367,0.29458629896583277,ADMM,5,272
0.25,0.27145504824536293,ADMM,5,273
0.38181818181818183,0.4235367986641351,ADMM,5,274
0.5377358490566038,0.5693798896803763,ADMM,5,275
0.47413793103448276,0.4750675459710262,ADMM,5,276
0.6090909090909091,0.46552808964994746,ADMM,5,277
0.5725806451612904,0.5068812180831986,ADMM,5,278
0.39830508474576276,0.42365482236078916,ADMM,5,279
0.6228070175438597,0.678248862742298,ADMM,5,280
0.4833333333333334,0.5563261998608584,ADMM,5,281
0.1293103448275862,0.1701203081748336,ADMM,5,282
0.4811320754716981,0.5029666458902458,ADMM,5,283
0.2894736842105263,0.34232429654510466,ADMM,5,284
0.5603448275862069,0.5466644641642805,ADMM,5,285
0.575,0.44982182883520805,ADMM,5,286
0.5666666666666667,0.5694010506935983,ADMM,5,287
0.368421052631579,0.40730692376069666,ADMM,5,288
0.21818181818181814,0.312948750014281,ADMM,5,289
0.75,0.7320751396515836,ADMM,5,290
0.6944444444444444,0.7249622069544064,ADMM,5,291
0.24528301886792447,0.36396341133184645,ADMM,5,292
0.5089285714285714,0.5268695587492706,ADMM,5,293
0.967741935483871,0.9036761332117046,ADMM,5,294
0.4098360655737705,0.36357498117272224,ADMM,5,295
0.10169491525423724,0.0858624578663719,ADMM,5,296
0.423728813559322,0.37344998414920066,ADMM,5,297
0.2946428571428572,0.3651551216184715,ADMM,5,298
0.18103448275862066,0.23885741669551813,ADMM,5,299
0.4181818181818182,0.4646172564154978,ADMM,5,300
0.48245614035087714,0.4784118594131429,ADMM,5,301
0.3793103448275862,0.5427696650823526,ADMM,5,302
0.6206896551724138,0.688367334150115,ADMM,5,303
0.2033898305084746,0.23885269388433147,ADMM,5,304
0.4196428571428572,0.4057230732496779,ADMM,5,305
0.9098360655737705,0.7164580988633613,ADMM,5,306
0.639344262295082,0.47173037936033524,ADMM,5,307
0.38983050847457634,0.42747384725627263,ADMM,5,308
0.20192307692307687,0.15735769238366573,ADMM,5,309
0.16666666666666663,0.19549791558680177,ADMM,5,310
0.603448275862069,0.4879870270200413,ADMM,5,311
0.21052631578947367,0.24182287967190036,ADMM,5,312
0.42105263157894735,0.23834335397381434,ADMM,5,313
0.28301886792452824,0.22628181511289544,ADMM,5,314
0.3076923076923077,0.29664760340235885,ADMM,5,315
0.423728813559322,0.2790467272699998,ADMM,5,316
0.2596153846153846,0.16328728207171464,ADMM,5,317
0.38983050847457634,0.3780320456054512,ADMM,5,318
0.2142857142857143,0.16878189306571142,ADMM,5,319
0.17272727272727273,0.12906773439071437,ADMM,5,320
0.160377358490566,0.27632864433793675,ADMM,5,321
0.3839285714285714,0.28650365620461243,ADMM,5,322
0.29166666666666674,0.211417222787864,ADMM,5,323
0.21296296296296302,0.14838915571499456,ADMM,5,324
0.2192982456140351,0.19445614487833718,ADMM,5,325
0.1875,0.161665783148395,ADMM,5,326
0.18103448275862066,0.137270780320764,ADMM,5,327
0.2685185185185186,0.135184466276189,ADMM,5,328
0.2844827586206897,0.2433025913588381,ADMM,5,329
0.1696428571428572,0.10105920318693112,ADMM,5,330
0.10344827586206895,0.090831566279313,ADMM,5,331
0.38181818181818183,0.25338452935222644,ADMM,5,332
0.19491525423728817,0.12612715253370296,ADMM,5,333
0.11403508771929827,0.1493470288002455,ADMM,5,334
0.46226415094339623,0.3910569393288928,ADMM,5,335
0.2090909090909091,0.1805638968577846,ADMM,5,336
0.38983050847457634,0.263534053701416,ADMM,5,337
0.5,0.3432039889764467,ADMM,5,338
0.24193548387096775,0.19109169617834715,ADMM,5,339
0.3090909090909091,0.22647864224330472,ADMM,5,340
0.37735849056603776,0.21222655868771623,ADMM,5,341
0.15573770491803285,0.09366708232833024,ADMM,5,342
0.18181818181818188,0.1316165302942345,ADMM,5,343
0.6229508196721312,0.36855988173508086,ADMM,5,344
0.11864406779661019,0.10594116567059457,ADMM,5,345
0.19999999999999996,0.1306805743429968,ADMM,5,346
0.2592592592592593,0.1936431343989402,ADMM,5,347
0.32407407407407407,0.2661382647091714,ADMM,5,348
0.3220338983050848,0.2953113221753205,ADMM,5,349
0.4122807017543859,0.36853770822103676,ADMM,5,350
0.17924528301886788,0.23153329853480623,ADMM,5,351
0.5877192982456141,0.5330186449364727,ADMM,5,352
0.4285714285714286,0.34176982840172443,ADMM,5,353
0.5803571428571429,0.5459031617866797,ADMM,5,354
0.3620689655172413,0.35120109427539625,ADMM,5,355
0.42727272727272725,0.4598307852933446,ADMM,5,356
0.3508771929824561,0.35216019564914025,ADMM,5,357
0.41666666666666674,0.48729398380772293,ADMM,5,358
0.11290322580645162,0.19050130448005712,ADMM,5,359
0.19827586206896552,0.23589576585019417,ADMM,5,360
0.6833333333333333,0.5500297182658552,ADMM,5,361
0.16666666666666663,0.18237348740406584,ADMM,5,362
0.423728813559322,0.4014404806293064,ADMM,5,363
0.2068965517241379,0.21878362642694318,ADMM,5,364
0.26415094339622636,0.22032409687350687,ADMM,5,365
0.23275862068965514,0.3396033146535209,ADMM,5,366
0.5298507462686567,0.4968656327831294,ADMM,5,367
0.5084745762711864,0.45061967830855076,ADMM,5,368
0.2704918032786885,0.3900315227985904,ADMM,5,369
0.11864406779661019,0.12702251339344522,ADMM,5,370
0.5865384615384616,0.48077293841349855,ADMM,5,371
0.2542372881355932,0.27855710507242015,ADMM,5,372
0.31896551724137934,0.3290654241143911,ADMM,5,373
0.2338709677419355,0.3382961601638345,ADMM,5,374
0.13207547169811318,0.2884995289532435,ADMM,5,375
0.5701754385964912,0.5195362135457409,ADMM,5,376
0.4363636363636363,0.3744745735425824,ADMM,5,377
0.31034482758620685,0.2900874575144332,ADMM,5,378
0.21969696969696972,0.2093720466995285,ADMM,5,379
0.30833333333333335,0.33500147030013516,ADMM,5,380
0.10526315789473684,0.09543546317791805,ADMM,5,381
0.2321428571428572,0.234024680480768,ADMM,5,382
0.7946428571428571,0.7873256153191701,ADMM,5,383
0.3359375,0.2557763607342892,ADMM,5,384
0.2857142857142857,0.30556776771411254,ADMM,5,385
0.46226415094339623,0.44107074854629436,ADMM,5,386
0.33606557377049184,0.5260018525310872,ADMM,5,387
0.36111111111111116,0.24326121716524335,ADMM,5,388
0.2966101694915254,0.22989675507812024,ADMM,5,389
0.5086206896551724,0.44251592887032015,ADMM,5,390
0.2033898305084746,0.3819703950825082,ADMM,5,391
0.2192982456140351,0.25505159629747876,ADMM,5,392
0.5803571428571429,0.6409060443020119,ADMM,5,393
0.33333333333333326,0.37344286693667633,ADMM,5,394
0.2807017543859649,0.34860233359145915,ADMM,5,395
0.3070175438596492,0.28093521972994606,ADMM,5,396
0.43965517241379315,0.49049388515346853,ADMM,5,397
0.4285714285714286,0.5347477504402461,ADMM,5,398
0.1785714285714286,0.25234376906455297,ADMM,5,399
0.287037037037037,0.3386402273403875,ADMM,5,400
0.23728813559322037,0.253194877019629,ADMM,5,401
0.25,0.3801837802897757,ADMM,5,402
0.34905660377358494,0.4175323830951488,ADMM,5,403
0.3070175438596492,0.268494897150442,ADMM,5,404
0.26363636363636367,0.3485703094421316,ADMM,5,405
0.2232142857142857,0.25992726624722773,ADMM,5,406
0.33018867924528306,0.40915860770795537,ADMM,5,407
0.27450980392156865,0.4406750946796974,ADMM,5,408
0.2627118644067796,0.33282948717133054,ADMM,5,409
0.26363636363636367,0.37455799271387236,ADMM,5,410
0.4636363636363636,0.4885544958953144,ADMM,5,411
0.43965517241379315,0.36273580699611707,ADMM,5,412
0.21551724137931028,0.2874550803611655,ADMM,5,413
0.3916666666666666,0.4147565123792053,ADMM,5,414
0.21666666666666667,0.3768349233557089,ADMM,5,415
0.39473684210526316,0.257945108975055,ADMM,5,416
0.2857142857142857,0.4420638984895341,ADMM,5,417
0.26190476190476186,0.3266920146161193,ADMM,5,418
0.1964285714285714,0.2782535070630048,ADMM,5,419
0.31034482758620685,0.37380783138084944,ADMM,5,420
0.20370370370370372,0.2568077137071746,ADMM,5,421
0.13157894736842102,0.28728209819260325,ADMM,5,422
0.4385964912280702,0.5309217122140849,ADMM,5,423
0.5892857142857143,0.614409816076687,ADMM,5,424
0.27586206896551724,0.25324205017029433,ADMM,5,425
0.3793103448275862,0.3641711789327526,ADMM,5,426
0.23728813559322037,0.32153445707662187,ADMM,5,427
0.4537037037037037,0.530589739718858,ADMM,5,428
0.31034482758620685,0.3598224947392674,ADMM,5,429
0.2410714285714286,0.37813799621360344,ADMM,5,430
0.421875,0.47774349397014343,ADMM,5,431
0.5,0.5062175970772742,ADMM,5,432
0.3909090909090909,0.42105328850560664,ADMM,5,433
0.3157894736842105,0.36116292980538284,ADMM,5,434
0.4568965517241379,0.46138058498051604,ADMM,5,435
0.21052631578947367,0.25632999367257475,ADMM,5,436
0.24137931034482762,0.3198940516442331,ADMM,5,437
0.12264150943396224,0.19157143641654398,ADMM,5,438
0.36363636363636365,0.37094479670898556,ADMM,5,439
0.3571428571428572,0.3029151921121378,ADMM,5,440
0.5703125,0.3740043627116849,ADMM,5,441
0.3416666666666667,0.40071172977313013,ADMM,5,442
0.22499999999999998,0.3072263538931963,ADMM,5,443
0.5982142857142857,0.5111992537240898,ADMM,5,444
0.39473684210526316,0.4876327121769964,ADMM,5,445
0.1454545454545455,0.20037791293452606,ADMM,5,446
0.2457627118644068,0.30389420458507227,ADMM,5,447
0.5,0.4254970743768623,ADMM,5,448
0.4426229508196722,0.3787629196689474,ADMM,5,449
0.07627118644067798,0.08619076054851565,ADMM,5,450
0.27192982456140347,0.26556315870644515,ADMM,5,451
0.1637931034482758,0.24813038297562565,ADMM,5,452
0.20370370370370372,0.1984887184637137,ADMM,5,453
0.3214285714285714,0.26360648286880156,ADMM,5,454
0.2232142857142857,0.30636560178549027,ADMM,5,455
0.3909090909090909,0.357665593575903,ADMM,5,456
0.44166666666666665,0.4964896313280325,ADMM,5,457
0.23684210526315785,0.25480140252194394,ADMM,5,458
0.39830508474576276,0.45311594509341213,ADMM,5,459
0.3790322580645161,0.4520615932405302,ADMM,5,460
0.4811320754716981,0.470602918595327,ADMM,5,461
0.14754098360655732,0.14407476460493646,ADMM,5,462
0.6363636363636364,0.5500082258544386,ADMM,5,463
0.3771929824561404,0.25750268078659555,ADMM,5,464
0.4772727272727273,0.4859917686112925,ADMM,5,465
0.4482758620689655,0.3182245388532883,ADMM,5,466
0.2295081967213115,0.21812325343732658,ADMM,5,467
0.3412698412698413,0.3611713542773341,ADMM,5,468
0.4098360655737705,0.34716175716241787,ADMM,5,469
0.06896551724137934,0.13015536749508475,ADMM,5,470
0.10909090909090913,0.06877140418191346,ADMM,5,471
0.42105263157894735,0.30243389955769284,ADMM,5,472
0.09482758620689657,0.12580774254573338,ADMM,5,473
0.13559322033898302,0.18060088489717369,ADMM,5,474
0.31034482758620685,0.23129944874751346,ADMM,5,475
0.28181818181818175,0.26621651222060366,ADMM,5,476
0.19827586206896552,0.17226949110779652,ADMM,5,477
0.15573770491803285,0.16955260670991876,ADMM,5,478
0.2894736842105263,0.19510643581768383,ADMM,5,479
0.1842105263157895,0.07299739454074443,ADMM,5,480
0.1607142857142857,0.11009550268129727,ADMM,5,481
0.35344827586206895,0.2926963896360525,ADMM,5,482
0.2016129032258065,0.19566087054164075,ADMM,5,483
0.19999999999999996,0.09763630717761293,ADMM,5,484
0.27966101694915246,0.18827199290099655,ADMM,5,485
0.25,0.2374042654193177,ADMM,5,486
0.7105263157894737,0.6236635611673079,ADMM,5,487
0.36363636363636365,0.2882346538397268,ADMM,5,488
0.125,0.12576375758816033,ADMM,5,489
0.5,0.43808474483604376,ADMM,5,490
0.15454545454545454,0.20639478432911645,ADMM,5,491
0.07017543859649122,0.067373630672916,ADMM,5,492
0.1484375,0.1617284907569712,ADMM,5,493
0.3813559322033898,0.3233199497498328,ADMM,5,494
0.2586206896551724,0.13927997906234552,ADMM,5,495
0.16666666666666663,0.12175419811147346,ADMM,5,496
0.525,0.3933975683401822,ADMM,5,497
0.26724137931034475,0.30591790249089534,ADMM,5,498
0.3660714285714286,0.483286480318024,ADMM,5,499
0.2592592592592593,0.27878016809437994,ADMM,5,500
0.27586206896551724,0.27698994956148576,ADMM,5,501
0.296875,0.3209431815905233,ADMM,5,502
0.27586206896551724,0.3691105893833893,ADMM,5,503
0.3214285714285714,0.3093561923164307,ADMM,5,504
0.5789473684210527,0.4422373913060064,ADMM,5,505
0.4528301886792453,0.38164044049131346,ADMM,5,506
0.5423728813559322,0.525863932307266,ADMM,5,507
0.3214285714285714,0.3327914392004525,ADMM,5,508
0.5666666666666667,0.4509600104645918,ADMM,5,509
0.3363636363636364,0.4856908973352941,ADMM,5,510
0.2058823529411764,0.37191880713771486,ADMM,5,511
0.543859649122807,0.5792164199721295,ADMM,5,512
0.2232142857142857,0.1999717670528994,ADMM,5,513
0.1454545454545455,0.29577458779711135,ADMM,5,514
0.27192982456140347,0.40757352927183677,ADMM,5,515
0.29824561403508776,0.36747294004485986,ADMM,5,516
0.3909090909090909,0.3896361352729247,ADMM,5,517
0.19444444444444442,0.30081765244334135,ADMM,5,518
0.2068965517241379,0.28332789999659613,ADMM,5,519
0.435483870967742,0.4354073093566751,ADMM,5,520
0.32499999999999996,0.3186385762295138,ADMM,5,521
0.25,0.1569905163090068,ADMM,5,522
0.4482758620689655,0.3618982773876846,ADMM,5,523
0.5,0.46292301925108226,ADMM,5,524
0.3846153846153846,0.45998355746661146,ADMM,5,525
0.4107142857142857,0.4602268478020528,ADMM,5,526
0.6311475409836066,0.5380284541561444,ADMM,5,527
0.40909090909090917,0.43635600942221947,ADMM,5,528
0.2807017543859649,0.37662795254267034,ADMM,5,529
0.15254237288135597,0.2611577913126632,ADMM,5,530
0.2314814814814815,0.32970844000154076,ADMM,5,531
0.2786885245901639,0.38685962585917977,ADMM,5,532
0.4916666666666667,0.5852264572073358,ADMM,5,533
0.6349206349206349,0.6816381584458677,ADMM,5,534
0.6057692307692307,0.6082468080394818,ADMM,5,535
0.5714285714285714,0.594310048099598,ADMM,5,536
0.3727272727272728,0.46856229647238795,ADMM,5,537
0.5789473684210527,0.6366737310894345,ADMM,5,538
0.20833333333333337,0.2554912646380708,ADMM,5,539
0.211864406779661,0.23004086012579053,ADMM,5,540
0.2767857142857143,0.35627337944843335,ADMM,5,541
0.20175438596491224,0.21051927349688354,ADMM,5,542
0.18867924528301883,0.21868280163346993,ADMM,5,543
0.3392857142857143,0.3566797692183729,ADMM,5,544
0.35344827586206895,0.38856846574981924,ADMM,5,545
0.4035087719298245,0.4464145076164695,ADMM,5,546
0.3928571428571428,0.4904386273013614,ADMM,5,547
0.6296296296296297,0.4290415263701451,ADMM,5,548
0.29824561403508776,0.32607088524299216,ADMM,5,549
0.19047619047619047,0.21176417227878366,ADMM,5,550
0.4568965517241379,0.3969482730091747,ADMM,5,551
0.39655172413793105,0.3248597710761844,ADMM,5,552
0.39423076923076916,0.3742125131106267,ADMM,5,553
0.47115384615384615,0.36049224079588954,ADMM,5,554
0.19090909090909092,0.2367353529136828,ADMM,5,555
0.6754385964912281,0.6270823939164022,ADMM,5,556
0.5086206896551724,0.3710044233496582,ADMM,5,557
0.23728813559322037,0.2312308198859613,ADMM,5,558
0.4528301886792453,0.4483207064650399,ADMM,5,559
0.2627118644067796,0.2908389352636612,ADMM,5,560
0.13888888888888884,0.18225676987483744,ADMM,5,561
0.368421052631579,0.4823223762120712,ADMM,5,562
0.4568965517241379,0.39501099351172925,ADMM,5,563
0.22807017543859653,0.35093512447163816,ADMM,5,564
0.41666666666666674,0.47822247361424025,ADMM,5,565
0.3362068965517242,0.44456977248970186,ADMM,5,566
0.6578947368421053,0.5710957896530581,ADMM,5,567
0.5350877192982456,0.507425575937564,ADMM,5,568
0.7543859649122807,0.7117349829463986,ADMM,5,569
0.4636363636363636,0.5391398747883928,ADMM,5,570
0.631578947368421,0.6207718866550997,ADMM,5,571
0.30645161290322576,0.3672301259048021,ADMM,5,572
0.287037037037037,0.3300835275837395,ADMM,5,573
0.2592592592592593,0.3339640749981446,ADMM,5,574
0.26415094339622636,0.2254150897355832,ADMM,5,575
0.18333333333333335,0.1423040185760962,ADMM,5,576
0.7166666666666667,0.6274880198012058,ADMM,5,577
0.5877192982456141,0.39439486822593406,ADMM,5,578
0.6181818181818182,0.6444395586625601,ADMM,5,579
0.5416666666666666,0.43411906837537007,ADMM,5,580
0.4181818181818182,0.4835413419079109,ADMM,5,581
0.6785714285714286,0.5517539743846872,ADMM,5,582
0.3363636363636364,0.3954924855450475,ADMM,5,583
0.2333333333333334,0.35464687469733663,ADMM,5,584
0.5901639344262295,0.43311966836380855,ADMM,5,585
0.39622641509433965,0.43965472624916496,ADMM,5,586
0.5847457627118644,0.5733193107499651,ADMM,5,587
0.09482758620689657,0.0906705952569262,ADMM,5,588
0.4298245614035088,0.4153242628007786,ADMM,5,589
0.3879310344827587,0.4388357178192825,ADMM,5,590
0.2053571428571428,0.26448236964700533,ADMM,5,591
0.3303571428571428,0.38863599869544463,ADMM,5,592
0.25,0.3807861580516936,ADMM,5,593
0.1875,0.23441615177915845,ADMM,5,594
0.825,0.8015804170059578,ADMM,5,595
0.3879310344827587,0.37301370357106606,ADMM,5,596
0.5849056603773585,0.49093165766389407,ADMM,5,597
0.4152542372881356,0.5382394719868269,ADMM,5,598
0.2589285714285714,0.37660213580916235,ADMM,5,599
0.4918032786885246,0.35003846656953674,ADMM,5,600
0.6833333333333333,0.6330142701653593,ADMM,5,601
0.603448275862069,0.5204393856873617,ADMM,5,602
0.6363636363636364,0.5861050809636434,ADMM,5,603
0.34905660377358494,0.3332731175046395,ADMM,5,604
0.23728813559322037,0.2440822574297172,ADMM,5,605
0.21052631578947367,0.23562574625308974,ADMM,5,606
0.31896551724137934,0.28740773410830833,ADMM,5,607
0.2421875,0.20826405262790204,ADMM,5,608
0.4722222222222222,0.4371096325654834,ADMM,5,609
0.38181818181818183,0.2857308474867477,ADMM,5,610
0.6339285714285714,0.5725430523170392,ADMM,5,611
0.4285714285714286,0.3558232553173698,ADMM,5,612
0.4035087719298245,0.3451268948129383,ADMM,5,613
0.5089285714285714,0.5451972411827226,ADMM,5,614
0.3113207547169812,0.23602666267154787,ADMM,5,615
0.17592592592592593,0.2266355540338755,ADMM,5,616
0.21818181818181814,0.2473245180995791,ADMM,5,617
0.7545454545454545,0.6842943729000159,ADMM,5,618
0.5471698113207547,0.3751597341510745,ADMM,5,619
0.11206896551724133,0.1033078053084117,ADMM,5,620
0.6810344827586207,0.5987353639073602,ADMM,5,621
0.17924528301886788,0.20305654896368114,ADMM,5,622
0.09322033898305082,0.1854931013948355,ADMM,5,623
0.3157894736842105,0.29384184596068835,ADMM,5,624
0.3660714285714286,0.3268697269689562,ADMM,5,625
0.1885245901639344,0.253293707946183,ADMM,5,626
0.5350877192982456,0.5859917148707456,ADMM,5,627
0.44999999999999996,0.36476375280956386,ADMM,5,628
0.31034482758620685,0.16946710165427092,ADMM,5,629
0.5423728813559322,0.5626956774919425,ADMM,5,630
0.46031746031746024,0.43876149504376577,ADMM,5,631
0.4035087719298245,0.40642727196893,ADMM,5,632
0.6140350877192983,0.5655549078089751,ADMM,5,633
0.4642857142857143,0.4678163954475125,ADMM,5,634
0.2946428571428572,0.36475620248361385,ADMM,5,635
0.27966101694915246,0.37588329142895466,ADMM,5,636
0.37735849056603776,0.29612397566029,ADMM,5,637
0.29166666666666674,0.3427228994400785,ADMM,5,638
0.2338709677419355,0.2860581801037254,ADMM,5,639
0.4818181818181818,0.4135794896864616,ADMM,5,640
0.4537037037037037,0.37376176472254063,ADMM,5,641
0.43103448275862066,0.37233157646695014,ADMM,5,642
0.3545454545454545,0.4711613700485822,ADMM,5,643
0.3727272727272728,0.5453988811661923,ADMM,5,644
0.3070175438596492,0.40813088250021473,ADMM,5,645
0.3090909090909091,0.3658037152768183,ADMM,5,646
0.5,0.5553820821100744,ADMM,5,647
0.34905660377358494,0.45865477822754447,ADMM,5,648
0.5,0.4176244298359664,ADMM,5,649
0.39814814814814814,0.3573972168517959,ADMM,5,650
0.17543859649122806,0.2577578785839722,ADMM,5,651
0.7982456140350878,0.633367900759102,ADMM,5,652
0.47540983606557374,0.5226589738670236,ADMM,5,653
0.21311475409836067,0.25190545870678543,ADMM,5,654
0.3771929824561404,0.5256155946138007,ADMM,5,655
0.20967741935483875,0.28277167099356904,ADMM,5,656
0.2232142857142857,0.2399592197894215,ADMM,5,657
0.4655172413793103,0.47676843849257505,ADMM,5,658
0.34615384615384615,0.3321010254605056,ADMM,5,659
0.3728813559322034,0.36284852401449363,ADMM,5,660
0.4722222222222222,0.5054921785814097,ADMM,5,661
0.4051724137931034,0.4538347387918113,ADMM,5,662
0.49122807017543857,0.4776663575551063,ADMM,5,663
0.9224137931034483,0.8692725525475227,ADMM,5,664
0.2192982456140351,0.24417708427080484,ADMM,5,665
0.4083333333333333,0.42783124163960756,ADMM,5,666
0.17272727272727273,0.2557104666297239,ADMM,5,667
0.27118644067796605,0.3257652925825073,ADMM,5,668
0.24561403508771928,0.24575908661613033,ADMM,5,669
0.3909090909090909,0.39931654065740646,ADMM,5,670
0.2547169811320755,0.272537878940912,ADMM,5,671
0.7142857142857143,0.6783001810034861,ADMM,5,672
0.6551724137931034,0.7192561611829464,ADMM,5,673
0.3278688524590163,0.31261034428880047,ADMM,5,674
0.5083333333333333,0.5395064492527825,ADMM,5,675
0.1785714285714286,0.2450840169182475,ADMM,5,676
0.22807017543859653,0.2655502087289579,ADMM,5,677
0.1923076923076923,0.28915748887291975,ADMM,5,678
0.631578947368421,0.581917294216015,ADMM,5,679
0.8947368421052632,0.7631967596260756,ADMM,5,680
0.10169491525423724,0.06391918915068379,ADMM,5,681
0.4491525423728814,0.38849708567037405,ADMM,5,682
0.2090909090909091,0.2150169895272385,ADMM,5,683
0.1929824561403508,0.2864891040031527,ADMM,5,684
0.2844827586206897,0.24240383604296825,ADMM,5,685
0.31896551724137934,0.37267302195258384,ADMM,5,686
0.12037037037037035,0.2173763436292132,ADMM,5,687
0.525,0.5562025666327389,ADMM,5,688
0.35964912280701755,0.31775874731963083,ADMM,5,689
0.2983870967741935,0.40992341458322634,ADMM,5,690
0.6166666666666667,0.5426352345229816,ADMM,5,691
0.5901639344262295,0.5342039268802061,ADMM,5,692
0.5350877192982456,0.5416168532506623,ADMM,5,693
0.36440677966101687,0.4842590533143627,ADMM,5,694
0.2807017543859649,0.2851322918812115,ADMM,5,695
0.22413793103448276,0.19906387031311126,ADMM,5,696
0.6,0.4943534257613195,ADMM,5,697
0.2777777777777778,0.17888544879617405,ADMM,5,698
0.6578947368421053,0.65249788563494,ADMM,5,699
0.4363636363636363,0.4377280881631991,ADMM,5,700
0.39655172413793105,0.47837831740541276,ADMM,5,701
0.4067796610169492,0.4403494925668363,ADMM,5,702
0.2931034482758621,0.40205365384742775,ADMM,5,703
0.29166666666666674,0.41876488215846697,ADMM,5,704
0.3125,0.44399098060466,ADMM,5,705
0.34259259259259256,0.40354584576528546,ADMM,5,706
0.4298245614035088,0.42926120161357917,ADMM,5,707
0.5727272727272728,0.5478361554332325,ADMM,5,708
0.42307692307692313,0.37459202524398827,ADMM,5,709
0.10344827586206895,0.05370400809764195,ADMM,5,710
0.6428571428571429,0.5851067949325877,ADMM,5,711
0.5416666666666666,0.5903676096929923,ADMM,5,712
0.2033898305084746,0.18900823188378035,ADMM,5,713
0.7203389830508474,0.621007622910654,ADMM,5,714
0.2767857142857143,0.3542703512731455,ADMM,5,715
0.2142857142857143,0.3128817620341948,ADMM,5,716
0.5357142857142857,0.5935294457160417,ADMM,5,717
0.2421875,0.33318875480479493,ADMM,5,718
0.4351851851851851,0.35147513027453253,ADMM,5,719
0.31896551724137934,0.3885494841924679,ADMM,5,720
0.19999999999999996,0.2998339643188577,ADMM,5,721
0.1610169491525424,0.2712052448482868,ADMM,5,722
0.375,0.458193505236395,ADMM,5,723
0.1428571428571428,0.19112219755135487,ADMM,5,724
0.2946428571428572,0.27693368892491044,ADMM,5,725
0.10377358490566035,0.16225645576741862,ADMM,5,726
0.2946428571428572,0.36946465117086974,ADMM,5,727
0.2857142857142857,0.32667305401245583,ADMM,5,728
0.7719298245614035,0.6618357999753064,ADMM,5,729
0.7166666666666667,0.739481530782782,ADMM,5,730
0.4137931034482758,0.3277609863163082,ADMM,5,731
0.46226415094339623,0.5051418323644742,ADMM,5,732
0.2410714285714286,0.25694323612349756,ADMM,5,733
0.2589285714285714,0.30604268035174315,ADMM,5,734
0.2807017543859649,0.3894973516765952,ADMM,5,735
0.44545454545454544,0.45398974998498065,ADMM,5,736
0.8706896551724138,0.6798707086215735,ADMM,5,737
0.018181818181818188,0.08792766137580832,ADMM,5,738
0.5701754385964912,0.5247313090149739,ADMM,5,739
0.2407407407407407,0.19427107923067186,ADMM,5,740
0.20370370370370372,0.2333727423844736,ADMM,5,741
0.3545454545454545,0.32375418825289287,ADMM,5,742
0.2547169811320755,0.34946894905444525,ADMM,5,743
0.13636363636363635,0.25693466037238705,ADMM,5,744
0.4913793103448276,0.5874215834836993,ADMM,5,745
0.24561403508771928,0.3173247628463951,ADMM,5,746
0.603448275862069,0.5669470468581354,ADMM,5,747
0.5526315789473685,0.49773824849739345,ADMM,5,748
0.38888888888888884,0.40076296336265926,ADMM,5,749
0.35964912280701755,0.46822627583054877,ADMM,5,750
0.3545454545454545,0.2978316091008522,ADMM,5,751
0.5272727272727272,0.6235050898787292,ADMM,5,752
0.4907407407407407,0.4605773850958356,ADMM,5,753
0.4351851851851851,0.5178528056880884,ADMM,5,754
0.5789473684210527,0.6042863752476691,ADMM,5,755
0.35964912280701755,0.4757363994130458,ADMM,5,756
0.16666666666666663,0.308821967873984,ADMM,5,757
0.2857142857142857,0.313358948651724,ADMM,5,758
0.5576923076923077,0.5780817290362069,ADMM,5,759
0.6403508771929824,0.6804966414552633,ADMM,5,760
0.3363636363636364,0.3560065064731751,ADMM,5,761
0.6160714285714286,0.5518850592919574,ADMM,5,762
0.5446428571428571,0.6273324650744053,ADMM,5,763
0.27966101694915246,0.34291157263176825,ADMM,5,764
0.3306451612903225,0.34725067159368833,ADMM,5,765
0.18867924528301883,0.26658343419944325,ADMM,5,766
0.4375,0.4118937421103596,ADMM,5,767
0.509090909090909,0.44882749904920066,ADMM,5,768
0.3771929824561404,0.5037585975972304,ADMM,5,769
0.43103448275862066,0.4928624548373515,ADMM,5,770
0.4056603773584906,0.5259864535130785,ADMM,5,771
0.5267857142857143,0.6140864089880069,ADMM,5,772
0.25,0.18973586434860815,ADMM,5,773
0.4818181818181818,0.43822271099447824,ADMM,5,774
0.6759259259259259,0.541630788506357,ADMM,5,775
0.287037037037037,0.3714632329198449,ADMM,5,776
0.09523809523809523,0.09258483888892231,ADMM,5,777
0.4224137931034483,0.4222756366635564,ADMM,5,778
0.2909090909090909,0.2920634485198911,ADMM,5,779
0.27192982456140347,0.3302728705662021,ADMM,5,780
0.3771929824561404,0.4344860452905309,ADMM,5,781
0.5094339622641509,0.4510233604288308,ADMM,5,782
0.3545454545454545,0.4690035763496745,ADMM,5,783
0.13492063492063489,0.1927729904408123,ADMM,5,784
0.55,0.560967058686441,ADMM,5,785
0.45614035087719296,0.4481170611877185,ADMM,5,786
0.2410714285714286,0.23950724422147943,ADMM,5,787
0.288135593220339,0.43012595483882976,ADMM,5,788
0.35344827586206895,0.503841242470981,ADMM,5,789
0.5614035087719298,0.5828360273154286,ADMM,5,790
0.1428571428571428,0.10370450349874398,ADMM,5,791
0.3214285714285714,0.31205293993851535,ADMM,5,792
0.2314814814814815,0.2269350485161818,ADMM,5,793
0.4553571428571428,0.31774124877096627,ADMM,5,794
0.3017241379310345,0.35986832169052296,ADMM,5,795
0.4716981132075472,0.38915733989790907,ADMM,5,796
0.49122807017543857,0.5406022903893278,ADMM,5,797
0.4,0.4939687404854307,ADMM,5,798
0.18867924528301883,0.2815775404893409,ADMM,5,799
0.3070175438596492,0.5060160446385455,ADMM,5,800
0.38983050847457634,0.5451495804801259,ADMM,5,801
0.4553571428571428,0.49001505139000306,ADMM,5,802
0.2416666666666667,0.15179054110035103,ADMM,5,803
0.6186440677966102,0.5979699319587346,ADMM,5,804
0.26724137931034475,0.3558054310278945,ADMM,5,805
0.17592592592592593,0.26156713252685476,ADMM,5,806
0.1637931034482758,0.25924067823616914,ADMM,5,807
0.22881355932203395,0.2285301671313405,ADMM,5,808
0.1311475409836066,0.24167609527557551,ADMM,5,809
0.1271186440677966,0.12021441982683295,ADMM,5,810
0.185483870967742,0.18623355475273987,ADMM,5,811
0.8909090909090909,0.7434047002951848,ADMM,5,812
0.5175438596491229,0.4579977406747152,ADMM,5,813
0.09090909090909094,0.151900773448548,ADMM,5,814
0.17272727272727273,0.24436500734507913,ADMM,5,815
0.6,0.6169604777389959,ADMM,5,816
0.16666666666666663,0.16359040519125578,ADMM,5,817
0.7807017543859649,0.5760229187266886,ADMM,5,818
0.2627118644067796,0.4392078790921241,ADMM,5,819
0.2589285714285714,0.22706363751359643,ADMM,5,820
0.2962962962962963,0.3376351950258758,ADMM,5,821
0.18103448275862066,0.16629906070560307,ADMM,5,822
0.11864406779661019,0.21361285112604153,ADMM,5,823
0.6428571428571429,0.5345964892715062,ADMM,5,824
0.2033898305084746,0.19850432148413802,ADMM,5,825
0.11403508771929827,0.19239187835104818,ADMM,5,826
0.3660714285714286,0.2948244341608004,ADMM,5,827
0.2661290322580645,0.39074217439573805,ADMM,5,828
0.27966101694915246,0.406880537842687,ADMM,5,829
0.3055555555555556,0.4242563167746608,ADMM,5,830
0.3090909090909091,0.39292012741980825,ADMM,5,831
0.29807692307692313,0.42501039167145205,ADMM,5,832
0.15833333333333333,0.28049770080895775,ADMM,5,833
0.3017241379310345,0.3717376068615102,ADMM,5,834
0.3870967741935484,0.3598397751498383,ADMM,5,835
0.23584905660377364,0.2698054986278163,ADMM,5,836
0.2457627118644068,0.3141996307467194,ADMM,5,837
0.41666666666666674,0.4593303152795257,ADMM,5,838
0.4017857142857143,0.5129492644879755,ADMM,5,839
0.047169811320754707,0.07086540681796225,ADMM,5,840
0.27118644067796605,0.2105859989970095,ADMM,5,841
0.2767857142857143,0.3200699472107219,ADMM,5,842
0.3125,0.3611324356441651,ADMM,5,843
0.6271186440677966,0.49201840545130626,ADMM,5,844
0.5714285714285714,0.5432063607650615,ADMM,5,845
0.75,0.5875443685203704,ADMM,5,846
0.3018867924528301,0.4114212253087777,ADMM,5,847
0.2407407407407407,0.3149067208024693,ADMM,5,848
0.21818181818181814,0.2456671896321476,ADMM,5,849
0.5,0.4754181884306064,ADMM,5,850
0.25,0.31346010019885734,ADMM,5,851
0.17500000000000004,0.22301798462361186,ADMM,5,852
0.1694915254237288,0.25274827837156927,ADMM,5,853
0.20370370370370372,0.35041586315723006,ADMM,5,854
0.25,0.3268360075960906,ADMM,5,855
0.1578947368421053,0.22793215671133626,ADMM,5,856
0.23684210526315785,0.21132713270177145,ADMM,5,857
0.20175438596491224,0.34152494411566414,ADMM,5,858
0.6578947368421053,0.5794455922132264,ADMM,5,859
0.29166666666666674,0.3126266279543114,ADMM,5,860
0.2068965517241379,0.27941935798183226,ADMM,5,861
0.30952380952380953,0.27976233835699366,ADMM,5,862
0.6339285714285714,0.6268988003544053,ADMM,5,863
0.3482142857142857,0.28490933341800007,ADMM,5,864
0.4056603773584906,0.4845777353852613,ADMM,5,865
0.6090909090909091,0.6083472444842771,ADMM,5,866
0.23770491803278682,0.2858834694472494,ADMM,5,867
0.5283018867924528,0.5150814821483156,ADMM,5,868
0.12068965517241381,0.3018855257877957,ADMM,5,869
0.13157894736842102,0.21020119766398335,ADMM,5,870
0.4375,0.41462861157236125,ADMM,5,871
0.13559322033898302,0.1413804198119224,ADMM,5,872
0.19999999999999996,0.31093321147166647,ADMM,5,873
0.25,0.34734589374847313,ADMM,5,874
0.6666666666666666,0.5221250855203703,ADMM,5,875
0.631578947368421,0.5618235592579987,ADMM,5,876
0.39814814814814814,0.28388945102182206,ADMM,5,877
0.3833333333333333,0.44724804010717106,ADMM,5,878
0.5175438596491229,0.41417455666702463,ADMM,5,879
0.5178571428571429,0.5103821475829683,ADMM,5,880
0.3035714285714286,0.3861857100384841,ADMM,5,881
0.6272727272727273,0.6337834121693618,ADMM,5,882
0.4339622641509434,0.5171694222183342,ADMM,5,883
0.34745762711864403,0.30776178646672303,ADMM,5,884
0.05833333333333335,0.07923433122355716,ADMM,5,885
0.4298245614035088,0.35875074838903914,ADMM,5,886
0.5333333333333333,0.5550931661767156,ADMM,5,887
0.2222222222222222,0.2892819631158254,ADMM,5,888
0.75,0.6807766004749728,ADMM,5,889
0.5241935483870968,0.45597384989609313,ADMM,5,890
0.3571428571428572,0.4616439040684649,ADMM,5,891
0.6636363636363637,0.6611700152909633,ADMM,5,892
0.2192982456140351,0.2420032745891198,ADMM,5,893
0.4224137931034483,0.43235042987654637,ADMM,5,894
0.4051724137931034,0.4209081031121782,ADMM,5,895
0.2946428571428572,0.26785848663349815,ADMM,5,896
0.44067796610169485,0.3770425926017413,ADMM,5,897
0.4814814814814814,0.3093925264731858,ADMM,5,898
0.3400000000000001,0.3966241777735227,ADMM,5,899
0.7946428571428571,0.49719407436983454,ADMM,5,900
0.6851851851851852,0.6362075592620737,ADMM,5,901
0.4017857142857143,0.46226474172195225,ADMM,5,902
0.8771929824561403,0.7649698374205344,ADMM,5,903
0.49056603773584906,0.44766213186476606,ADMM,5,904
0.2272727272727273,0.32933117261316985,ADMM,5,905
0.10169491525423724,0.13889532897741938,ADMM,5,906
0.44736842105263164,0.49044268949523123,ADMM,5,907
0.3125,0.36992399023042255,ADMM,5,908
0.24545454545454548,0.2596876908309078,ADMM,5,909
0.4913793103448276,0.6540819168473286,ADMM,5,910
0.4326923076923077,0.6247137550265599,ADMM,5,911
0.3620689655172413,0.6204184457836742,ADMM,5,912
0.6982758620689655,0.5466476894386038,ADMM,5,913
0.28181818181818175,0.2724815529433289,ADMM,5,914
0.8389830508474576,0.7082800016588674,ADMM,5,915
0.6454545454545455,0.43663637824317586,ADMM,5,916
0.2666666666666666,0.39064710503226396,ADMM,5,917
0.576271186440678,0.5305817684494519,ADMM,5,918
0.26363636363636367,0.26588889522583836,ADMM,5,919
0.5982142857142857,0.5575844663055611,ADMM,5,920
0.33333333333333326,0.41204122273079824,ADMM,5,921
0.19090909090909092,0.336204294741365,ADMM,5,922
0.2777777777777778,0.47386485857383465,ADMM,5,923
0.543859649122807,0.5168252208945706,ADMM,5,924
0.625,0.5565320747309642,ADMM,5,925
0.08490566037735847,0.07317680468524221,ADMM,5,926
0.3392857142857143,0.3266302726092458,ADMM,5,927
0.3035714285714286,0.30538224134753356,ADMM,5,928
0.26415094339622636,0.20425073679724232,ADMM,5,929
0.36363636363636365,0.40697452771734716,ADMM,5,930
0.30327868852459017,0.43510901753361464,ADMM,5,931
0.31034482758620685,0.4994254715674867,ADMM,5,932
0.7068965517241379,0.7144757215786417,ADMM,5,933
0.30327868852459017,0.3237186319472595,ADMM,5,934
0.34375,0.3895625527212509,ADMM,5,935
0.4814814814814814,0.5633482293827156,ADMM,5,936
0.41666666666666674,0.3585050249157868,ADMM,5,937
0.3421052631578947,0.28224787383322075,ADMM,5,938
0.3706896551724138,0.471737368939613,ADMM,5,939
0.1339285714285714,0.23586031096758228,ADMM,5,940
0.20175438596491224,0.3257253827747634,ADMM,5,941
0.3362068965517242,0.38656502492517675,ADMM,5,942
0.4655172413793103,0.3636295915971062,ADMM,5,943
0.4576271186440678,0.5055420731369488,ADMM,5,944
0.11864406779661019,0.13302230954004315,ADMM,5,945
0.35185185185185186,0.43511316447320186,ADMM,5,946
0.32407407407407407,0.29686066629002766,ADMM,5,947
0.3660714285714286,0.3533866841090975,ADMM,5,948
0.2295081967213115,0.265663592742876,ADMM,5,949
0.35,0.3017960885389253,ADMM,5,950
0.19444444444444442,0.24594251448146875,ADMM,5,951
0.3666666666666667,0.39661445277581675,ADMM,5,952
0.4516129032258065,0.4254603230983612,ADMM,5,953
0.5272727272727272,0.5355448578179269,ADMM,5,954
0.39655172413793105,0.5326168062381078,ADMM,5,955
0.41129032258064524,0.4656978402674326,ADMM,5,956
0.373015873015873,0.45438405787273145,ADMM,5,957
0.33333333333333326,0.30044283171332997,ADMM,5,958
0.23636363636363633,0.30124953661050424,ADMM,5,959
0.4649122807017544,0.4067477159717753,ADMM,5,960
0.3303571428571428,0.39145892958671663,ADMM,5,961
0.1339285714285714,0.23889904513431948,ADMM,5,962
0.0982142857142857,0.10039610727160306,ADMM,5,963
0.31666666666666665,0.46346759902742457,ADMM,5,964
0.3833333333333333,0.43973858458038995,ADMM,5,965
0.6416666666666667,0.4944631798430059,ADMM,5,966
0.509090909090909,0.4638109855715743,ADMM,5,967
0.3928571428571428,0.428079286371858,ADMM,5,968
0.1694915254237288,0.18048073787677488,ADMM,5,969
0.4196428571428572,0.40758965053639323,ADMM,5,970
0.45238095238095233,0.4206795315703436,ADMM,5,971
0.5,0.39209163167861205,ADMM,5,972
0.38983050847457634,0.36045850857595163,ADMM,5,973
0.19444444444444442,0.289296099103865,ADMM,5,974
0.509090909090909,0.6455510539746555,ADMM,5,975
0.25,0.2786696916453691,ADMM,5,976
0.6754385964912281,0.5111655752474841,ADMM,5,977
0.8245614035087719,0.7752166943952369,ADMM,5,978
0.3571428571428572,0.3435695437014168,ADMM,5,979
0.032786885245901676,0.06097914423758376,ADMM,5,980
0.33333333333333326,0.44612181945851,ADMM,5,981
0.21052631578947367,0.23207081355001752,ADMM,5,982
0.18181818181818188,0.2334472429273106,ADMM,5,983
0.28181818181818175,0.339537805853724,ADMM,5,984
0.4642857142857143,0.3934098917546037,ADMM,5,985
0.4528301886792453,0.5294623074000906,ADMM,5,986
0.675,0.6541002052357574,ADMM,5,987
0.2333333333333334,0.36974756241937357,ADMM,5,988
0.7796610169491526,0.5969684419745185,ADMM,5,989
0.8559322033898306,0.7090486576093599,ADMM,5,990
0.5338983050847458,0.5579894546909466,ADMM,5,991
0.3392857142857143,0.3501485495624631,ADMM,5,992
0.5689655172413793,0.5674171448748648,ADMM,5,993
0.7678571428571429,0.653279396948275,ADMM,5,994
0.1454545454545455,0.23086241837558913,ADMM,5,995
0.10377358490566035,0.16255544318640885,ADMM,5,996
0.2583333333333333,0.3052568931903766,ADMM,5,997
0.31034482758620685,0.3248966893805698,ADMM,5,998
0.19090909090909092,0.18108762751945023,ADMM,5,999
0.3157894736842105,0.48244834705990297,ADMM,5,1000
0.5089285714285714,0.5262712768919233,ADMM,5,1001
0.6492537313432836,0.6328053792763023,ADMM,5,1002
0.5350877192982456,0.6146072324744603,ADMM,5,1003
0.17500000000000004,0.14987987244217243,ADMM,5,1004
0.5416666666666666,0.5520885103811093,ADMM,5,1005
0.5677966101694916,0.48848675334256086,ADMM,5,1006
0.24545454545454548,0.3651858924073855,ADMM,5,1007
0.6228070175438597,0.657159611952753,ADMM,5,1008
0.2321428571428572,0.27751283216487194,ADMM,5,1009
0.2410714285714286,0.27516661332837417,ADMM,5,1010
0.3125,0.4240481106676821,ADMM,5,1011
0.3125,0.33749771465530515,ADMM,5,1012
0.7844827586206896,0.7020537604317006,ADMM,5,1013
0.2924528301886793,0.2920114875609681,ADMM,5,1014
0.3770491803278688,0.43289777089188025,ADMM,5,1015
0.4913793103448276,0.4841250248148839,ADMM,5,1016
0.1272727272727272,0.23430102000023992,ADMM,5,1017
0.1785714285714286,0.32038718539668054,ADMM,5,1018
0.5681818181818182,0.561811791723809,ADMM,5,1019
0.2627118644067796,0.32101081295358536,ADMM,5,1020
0.23684210526315785,0.3049051096785491,ADMM,5,1021
0.27586206896551724,0.30840886746913476,ADMM,5,1022
0.4285714285714286,0.428510845324996,ADMM,5,1023
0.19047619047619047,0.2078543844592217,ADMM,5,1024
0.13559322033898302,0.16278815692280438,ADMM,5,1025
0.4017857142857143,0.3793129092583685,ADMM,5,1026
0.6818181818181818,0.49809863295064793,ADMM,5,1027
0.211864406779661,0.26247850791006005,ADMM,5,1028
0.35593220338983045,0.5248827771547276,ADMM,5,1029
0.3909090909090909,0.49144355156689745,ADMM,5,1030
0.47457627118644075,0.44968757879309385,ADMM,5,1031
0.5714285714285714,0.5865857327686316,ADMM,5,1032
0.3305084745762712,0.3183672561159855,ADMM,5,1033
0.8,0.7662034153858359,ADMM,5,1034
0.5166666666666667,0.5318036926092583,ADMM,5,1035
0.20833333333333337,0.27998585395302267,ADMM,5,1036
0.44545454545454544,0.3744968129455951,ADMM,5,1037
0.04166666666666663,0.05759856578452635,ADMM,5,1038
0.39655172413793105,0.40334688489085485,ADMM,5,1039
0.23076923076923084,0.3287573067310433,ADMM,5,1040
0.20370370370370372,0.21407034608022396,ADMM,5,1041
0.30833333333333335,0.4118721970423684,ADMM,5,1042
0.44999999999999996,0.390958508672894,ADMM,5,1043
0.38596491228070173,0.5397607783164817,ADMM,5,1044
0.6181818181818182,0.6167258392929746,ADMM,5,1045
0.25,0.26519051908458563,ADMM,5,1046
0.4083333333333333,0.3925860189474196,ADMM,5,1047
0.9210526315789473,0.6691810318865857,ADMM,5,1048
0.635593220338983,0.47686539387715454,ADMM,5,1049
0.06896551724137934,0.16758907404192463,ADMM,5,1050
0.21818181818181814,0.2654250131940999,ADMM,5,1051
0.22499999999999998,0.21435240247334003,ADMM,5,1052
0.45192307692307687,0.3754251796994888,ADMM,5,1053
0.3879310344827587,0.26473116092257776,ADMM,5,1054
0.5172413793103449,0.5131062699493095,ADMM,5,1055
0.19090909090909092,0.29853756769367834,ADMM,5,1056
0.4107142857142857,0.45930889387160995,ADMM,5,1057
0.27192982456140347,0.3229437760062587,ADMM,5,1058
0.35593220338983045,0.3016563805070034,ADMM,5,1059
0.37037037037037035,0.3632280281577832,ADMM,5,1060
0.3571428571428572,0.4358601040132691,ADMM,5,1061
0.08771929824561409,0.15546353073932764,ADMM,5,1062
0.26363636363636367,0.3745409753029883,ADMM,5,1063
0.2857142857142857,0.4907883907556343,ADMM,5,1064
0.06557377049180324,0.08654336811955851,ADMM,5,1065
0.17213114754098358,0.12915779001387495,ADMM,5,1066
0.04629629629629628,0.07668370385782042,ADMM,5,1067
0.010000000000000009,0.07986699648979215,ADMM,5,1068
0.21551724137931028,0.18436830329829976,ADMM,5,1069
0.0892857142857143,0.12826766155626704,ADMM,5,1070
0.07627118644067798,0.11886183389104163,ADMM,5,1071
0.14754098360655732,0.11930741198485917,ADMM,5,1072
0.3524590163934427,0.3798342332781363,ADMM,5,1073
0.1696428571428572,0.1936419383667421,ADMM,5,1074
0.6759259259259259,0.596441496704987,ADMM,5,1075
0.35185185185185186,0.3157761417766636,ADMM,5,1076
0.21052631578947367,0.2219954141259136,ADMM,5,1077
0.40740740740740744,0.3817532237365509,ADMM,5,1078
0.5089285714285714,0.4727723361645107,ADMM,5,1079
0.3275862068965517,0.3464675700904459,ADMM,5,1080
0.33333333333333326,0.32421079955596227,ADMM,5,1081
0.5350877192982456,0.5358178099042987,ADMM,5,1082
0.2321428571428572,0.3881761550393025,ADMM,5,1083
0.7131147540983607,0.621423503194551,ADMM,5,1084
0.2583333333333333,0.30427327064015186,ADMM,5,1085
0.2232142857142857,0.23040189725958582,ADMM,5,1086
0.3679245283018868,0.3465171201531277,ADMM,5,1087
0.5,0.48615805244638977,ADMM,5,1088
0.2767857142857143,0.24772516769422107,ADMM,5,1089
0.22499999999999998,0.20492407447405095,ADMM,5,1090
0.1071428571428571,0.13971573901007608,ADMM,5,1091
0.3771929824561404,0.2980837149241469,ADMM,5,1092
0.5,0.47812356865774247,ADMM,5,1093
0.1517857142857143,0.17439149678537955,ADMM,5,1094
0.2685185185185186,0.19018128728269046,ADMM,5,1095
0.22413793103448276,0.3071630131240282,ADMM,5,1096
0.2407407407407407,0.2598626611207401,ADMM,5,1097
0.32692307692307687,0.31869590628683303,ADMM,5,1098
0.2931034482758621,0.2873655759701273,ADMM,5,1099
0.5847457627118644,0.6222528871389016,ADMM,5,1100
0.4,0.488205175492531,ADMM,5,1101
0.2807017543859649,0.4324348280678051,ADMM,5,1102
0.3157894736842105,0.3122582374269216,ADMM,5,1103
0.2894736842105263,0.38486716918017655,ADMM,5,1104
0.3275862068965517,0.30895378111147376,ADMM,5,1105
0.3706896551724138,0.3704094309975152,ADMM,5,1106
0.2586206896551724,0.3640387390461446,ADMM,5,1107
0.24545454545454548,0.44028042544479146,ADMM,5,1108
0.49056603773584906,0.4152277262107246,ADMM,5,1109
0.3706896551724138,0.3680348542913443,ADMM,5,1110
0.5089285714285714,0.4348463780404642,ADMM,5,1111
0.5267857142857143,0.4471576885125636,ADMM,5,1112
0.4385964912280702,0.5074791939571051,ADMM,5,1113
0.13709677419354838,0.20241935481371998,ADMM,5,1114
0.43442622950819665,0.47496596751530745,ADMM,5,1115
0.3482142857142857,0.4100309160348534,ADMM,5,1116
0.16393442622950816,0.25865518975719426,ADMM,5,1117
0.2966101694915254,0.24419415494705188,ADMM,5,1118
0.532258064516129,0.5657246905695741,ADMM,5,1119
0.631578947368421,0.7203186570131694,ADMM,5,1120
0.3181818181818181,0.3496282396326597,ADMM,5,1121
0.27692307692307694,0.2528325149776461,ADMM,5,1122
0.3125,0.3036786912736064,ADMM,5,1123
0.4482758620689655,0.4018008292216754,ADMM,5,1124
0.4385964912280702,0.5515433327444449,ADMM,5,1125
0.2068965517241379,0.26312557594944386,ADMM,5,1126
0.7545454545454545,0.5559334655664456,ADMM,5,1127
0.1692307692307693,0.12507928025730428,ADMM,6,0
0.8507462686567164,0.7525824621976166,ADMM,6,1
0.24626865671641784,0.11557935976641748,ADMM,6,2
0.1691176470588236,0.14791529226257258,ADMM,6,3
0.09848484848484851,0.09303447927941205,ADMM,6,4
0.040983606557377095,0.05019388981784077,ADMM,6,5
0.543859649122807,0.46725790861438476,ADMM,6,6
0.25,0.3046234751192347,ADMM,6,7
0.3305084745762712,0.2850902308525806,ADMM,6,8
0.3671875,0.25624547002931103,ADMM,6,9
0.8484848484848485,0.702859603591774,ADMM,6,10
0.2033898305084746,0.22021092772558773,ADMM,6,11
0.5970149253731343,0.479484550048675,ADMM,6,12
0.1311475409836066,0.17396552529829493,ADMM,6,13
0.48461538461538467,0.43684580636856074,ADMM,6,14
0.3046875,0.2820112330340321,ADMM,6,15
0.140625,0.11947810429024565,ADMM,6,16
0.26190476190476186,0.17596226301660262,ADMM,6,17
0.24590163934426235,0.23644898644282963,ADMM,6,18
0.11904761904761907,0.1265183494011504,ADMM,6,19
0.07627118644067798,0.06450451470488358,ADMM,6,20
0.38983050847457634,0.3123734794526125,ADMM,6,21
0.05084745762711862,0.06678340848539968,ADMM,6,22
0.17796610169491522,0.10851795612693711,ADMM,6,23
0.16393442622950816,0.16292362982277142,ADMM,6,24
0.0757575757575758,0.14004557908649912,ADMM,6,25
0.08870967741935487,0.07090369729153664,ADMM,6,26
0.1428571428571428,0.09620125507365955,ADMM,6,27
0.17796610169491522,0.1854771467804014,ADMM,6,28
0.11538461538461542,0.08692206703690368,ADMM,6,29
0.08196721311475408,0.08370445635294531,ADMM,6,30
0.1724137931034483,0.17155342430467405,ADMM,6,31
0.14655172413793105,0.1570405247894056,ADMM,6,32
0.056451612903225756,0.09707302376375967,ADMM,6,33
0.0793650793650793,0.08802124534255307,ADMM,6,34
0.3571428571428572,0.28079803711679235,ADMM,6,35
0.4076923076923077,0.3614921092280444,ADMM,6,36
0.16363636363636358,0.14524968808387617,ADMM,6,37
0.12068965517241381,0.1531218245765069,ADMM,6,38
0.19166666666666665,0.1831145495351679,ADMM,6,39
0.11111111111111116,0.10743543103808514,ADMM,6,40
0.08771929824561409,0.044940206611899014,ADMM,6,41
0.08208955223880599,0.07736554278334232,ADMM,6,42
0.265625,0.2504629407678958,ADMM,6,43
0.17460317460317465,0.13595095245892158,ADMM,6,44
0.15000000000000002,0.1498833923809626,ADMM,6,45
0.23809523809523814,0.2396618825845487,ADMM,6,46
0.3181818181818181,0.23399734031897607,ADMM,6,47
0.9761904761904762,0.8603563551751184,ADMM,6,48
0.10185185185185186,0.11498110617963579,ADMM,6,49
0.19444444444444442,0.13281093652373896,ADMM,6,50
0.11016949152542377,0.1196251898368623,ADMM,6,51
0.3070175438596492,0.2999516785772426,ADMM,6,52
0.10526315789473684,0.08590735946367378,ADMM,6,53
0.12878787878787878,0.2071494339889028,ADMM,6,54
0.0636363636363636,0.17641305467319673,ADMM,6,55
0.14754098360655732,0.17416639512023394,ADMM,6,56
0.5172413793103449,0.3644505392029079,ADMM,6,57
0.0803571428571429,0.15175745492928305,ADMM,6,58
0.16666666666666663,0.16127759482282827,ADMM,6,59
0.10833333333333339,0.12407432104400871,ADMM,6,60
0.05555555555555558,0.1284701161551546,ADMM,6,61
0.20491803278688525,0.20988027556309313,ADMM,6,62
0.045454545454545414,0.08520409419736036,ADMM,6,63
0.211864406779661,0.12535793132750916,ADMM,6,64
0.3015873015873016,0.2529355586971872,ADMM,6,65
0.2053571428571428,0.14468295241278492,ADMM,6,66
0.42105263157894735,0.3964707015678737,ADMM,6,67
0.12280701754385959,0.1296434395312641,ADMM,6,68
0.3090909090909091,0.2769899636692389,ADMM,6,69
0.05833333333333335,0.10608674928173988,ADMM,6,70
0.1272727272727272,0.14418335586804135,ADMM,6,71
0.19354838709677424,0.1423336163244726,ADMM,6,72
0.07499999999999996,0.11516461484225998,ADMM,6,73
0.06779661016949157,0.08684718403762304,ADMM,6,74
0.07627118644067798,0.08362995675328025,ADMM,6,75
0.1637931034482758,0.12139617126692044,ADMM,6,76
0.17272727272727273,0.19642684336883365,ADMM,6,77
0.06034482758620685,0.09979419502553748,ADMM,6,78
0.15000000000000002,0.14004926557906225,ADMM,6,79
0.435483870967742,0.3482265460198352,ADMM,6,80
0.5526315789473685,0.3829855658788577,ADMM,6,81
0.06666666666666665,0.055880112197377624,ADMM,6,82
0.08196721311475408,0.16991354618495455,ADMM,6,83
0.2589285714285714,0.32564542525178936,ADMM,6,84
0.1272727272727272,0.07781632023632132,ADMM,6,85
0.15322580645161288,0.15799621588150128,ADMM,6,86
0.13559322033898302,0.14398910918137925,ADMM,6,87
0.07547169811320753,0.10090640108856423,ADMM,6,88
0.07894736842105265,0.08027757451217213,ADMM,6,89
0.05737704918032782,0.03585920730421461,ADMM,6,90
0.07499999999999996,0.08698480104561089,ADMM,6,91
0.10909090909090913,0.13329423178296493,ADMM,6,92
0.3363636363636364,0.20978183999205535,ADMM,6,93
0.11016949152542377,0.15599724081257685,ADMM,6,94
0.1484375,0.11855936605122683,ADMM,6,95
0.09677419354838712,0.08442459957192627,ADMM,6,96
0.5338983050847458,0.5278552792811984,ADMM,6,97
0.35964912280701755,0.319609465147706,ADMM,6,98
0.16666666666666663,0.14746875408867693,ADMM,6,99
0.08771929824561409,0.15453198032531018,ADMM,6,100
0.7583333333333333,0.6355413976417955,ADMM,6,101
0.10833333333333339,0.07772950163848064,ADMM,6,102
0.47413793103448276,0.33487445564382645,ADMM,6,103
0.15254237288135597,0.12945983040293652,ADMM,6,104
0.3508771929824561,0.4414183137396286,ADMM,6,105
0.23684210526315785,0.30483168539102323,ADMM,6,106
0.14406779661016955,0.14457495324107114,ADMM,6,107
0.2192982456140351,0.16053878078675007,ADMM,6,108
0.1929824561403508,0.1698822251351647,ADMM,6,109
0.1160714285714286,0.08692913915752201,ADMM,6,110
0.1271186440677966,0.09385419150919097,ADMM,6,111
0.24561403508771928,0.19000355605220584,ADMM,6,112
0.07499999999999996,0.07510487686611507,ADMM,6,113
0.15254237288135597,0.17215918380462894,ADMM,6,114
0.12962962962962965,0.11909153089925875,ADMM,6,115
0.13636363636363635,0.10557561339726514,ADMM,6,116
0.0862068965517242,0.10317718788767292,ADMM,6,117
0.10344827586206895,0.16442646082108625,ADMM,6,118
0.2894736842105263,0.29039301985643823,ADMM,6,119
0.09090909090909094,0.11229432384700452,ADMM,6,120
0.11206896551724133,0.07038787165100366,ADMM,6,121
0.17272727272727273,0.13498975880759595,ADMM,6,122
0.20454545454545459,0.08163253981967582,ADMM,6,123
0.07894736842105265,0.1485256050882946,ADMM,6,124
0.1694915254237288,0.13186118638582736,ADMM,6,125
0.44067796610169485,0.2611748140264911,ADMM,6,126
0.46825396825396826,0.4529238641432196,ADMM,6,127
0.13157894736842102,0.11808152024374456,ADMM,6,128
0.2033898305084746,0.14468027209921755,ADMM,6,129
0.21311475409836067,0.12433298126671025,ADMM,6,130
0.0862068965517242,0.09172791959382351,ADMM,6,131
0.05263157894736836,0.04626815147105455,ADMM,6,132
0.1311475409836066,0.08029890843041954,ADMM,6,133
0.18333333333333335,0.261783579321779,ADMM,6,134
0.0847457627118644,0.059142745227157456,ADMM,6,135
0.15740740740740744,0.10467643938738366,ADMM,6,136
0.13157894736842102,0.1773692545121578,ADMM,6,137
0.0423728813559322,0.11182922351914203,ADMM,6,138
0.17543859649122806,0.15988809652533165,ADMM,6,139
0.07627118644067798,0.1323629968176201,ADMM,6,140
0.2666666666666666,0.26999898596864036,ADMM,6,141
0.09259259259259256,0.0797290639846741,ADMM,6,142
0.23275862068965514,0.1812778968005854,ADMM,6,143
0.09999999999999998,0.13664103410573084,ADMM,6,144
0.15573770491803285,0.18636829277862418,ADMM,6,145
0.38596491228070173,0.3460553157246436,ADMM,6,146
0.05263157894736836,0.09335068294746347,ADMM,6,147
0.018181818181818188,0.14181371988329075,ADMM,6,148
0.08181818181818179,0.09388962712346642,ADMM,6,149
0.06140350877192979,0.09409668152662108,ADMM,6,150
0.10526315789473684,0.14399089633936912,ADMM,6,151
0.056451612903225756,0.09636842269208913,ADMM,6,152
0.05084745762711862,0.0944996307225309,ADMM,6,153
0.28688524590163933,0.27079600844827434,ADMM,6,154
0.14655172413793105,0.13743214669573856,ADMM,6,155
0.32407407407407407,0.3289018203691043,ADMM,6,156
0.1339285714285714,0.13604073412497902,ADMM,6,157
0.2909090909090909,0.2677827357159876,ADMM,6,158
0.01754385964912286,0.09999157810939154,ADMM,6,159
0.09166666666666667,0.1508666484710243,ADMM,6,160
0.05084745762711862,0.1267571953778081,ADMM,6,161
0.07758620689655171,0.09635061121401961,ADMM,6,162
0.08064516129032262,0.09592869133962825,ADMM,6,163
0.04385964912280704,0.1020223189554566,ADMM,6,164
0.1428571428571428,0.2246607271118566,ADMM,6,165
0.11818181818181817,0.1329681006707259,ADMM,6,166
0.05263157894736836,0.07454428623446496,ADMM,6,167
0.0431034482758621,0.14645815245515245,ADMM,6,168
0.2457627118644068,0.259234090572883,ADMM,6,169
0.5258620689655172,0.40378481696530466,ADMM,6,170
0.05737704918032782,0.0416549620059626,ADMM,6,171
0.056451612903225756,0.15858163957986565,ADMM,6,172
0.2543859649122807,0.3002436931706476,ADMM,6,173
0.08196721311475408,0.08862924129496713,ADMM,6,174
0.14655172413793105,0.1523247257637457,ADMM,6,175
0.12280701754385959,0.20988927939100854,ADMM,6,176
0.050000000000000044,0.13124906898227143,ADMM,6,177
0.08196721311475408,0.08435361418270483,ADMM,6,178
0.025423728813559365,0.06625697044520813,ADMM,6,179
0.0267857142857143,0.10688063786744442,ADMM,6,180
0.11904761904761907,0.10251112089056472,ADMM,6,181
0.4732142857142857,0.4931803705738859,ADMM,6,182
0.22499999999999998,0.23943226702706205,ADMM,6,183
0.43965517241379315,0.3083860018819846,ADMM,6,184
0.868421052631579,0.8157257634196572,ADMM,6,185
0.2666666666666666,0.21265170411664994,ADMM,6,186
0.19491525423728817,0.23586502589330988,ADMM,6,187
0.31034482758620685,0.2158324050171308,ADMM,6,188
0.2589285714285714,0.39202578436831265,ADMM,6,189
0.37037037037037035,0.4019886450899312,ADMM,6,190
0.2931034482758621,0.3975474315538914,ADMM,6,191
0.5083333333333333,0.3828242195254106,ADMM,6,192
0.4067796610169492,0.3172755511077517,ADMM,6,193
0.6454545454545455,0.50662717673311,ADMM,6,194
0.32499999999999996,0.38306467097709596,ADMM,6,195
0.5526315789473685,0.39762057673536044,ADMM,6,196
0.2583333333333333,0.23662052516941615,ADMM,6,197
0.14035087719298245,0.20122887042131898,ADMM,6,198
0.6583333333333333,0.6667566093272951,ADMM,6,199
0.2272727272727273,0.2750033152859223,ADMM,6,200
0.5677966101694916,0.5121191346717607,ADMM,6,201
0.2727272727272727,0.3205900125800045,ADMM,6,202
0.2592592592592593,0.31172717927903815,ADMM,6,203
0.4298245614035088,0.3389700170228338,ADMM,6,204
0.4019607843137255,0.3923197256197614,ADMM,6,205
0.28846153846153844,0.46343474846630384,ADMM,6,206
0.17307692307692313,0.34641848270696823,ADMM,6,207
0.13636363636363635,0.19668159321998602,ADMM,6,208
0.7105263157894737,0.6516425457921976,ADMM,6,209
0.3928571428571428,0.4435027753653812,ADMM,6,210
0.32407407407407407,0.3505966522419957,ADMM,6,211
0.33333333333333326,0.36306991429093866,ADMM,6,212
0.34745762711864403,0.25709176159715985,ADMM,6,213
0.3770491803278688,0.3229668610135701,ADMM,6,214
0.6517857142857143,0.5803410194557659,ADMM,6,215
0.2857142857142857,0.3687647181150007,ADMM,6,216
0.2068965517241379,0.2572073173260789,ADMM,6,217
0.375,0.3941503173974753,ADMM,6,218
0.10909090909090913,0.17274402532024805,ADMM,6,219
0.24137931034482762,0.24833785645570533,ADMM,6,220
0.8145161290322581,0.7928402272913533,ADMM,6,221
0.217741935483871,0.2874535461360757,ADMM,6,222
0.2222222222222222,0.29949979806230437,ADMM,6,223
0.2033898305084746,0.3067972767798504,ADMM,6,224
0.3706896551724138,0.38740577198257636,ADMM,6,225
0.23275862068965514,0.22480222257206853,ADMM,6,226
0.7767857142857143,0.6553973041891893,ADMM,6,227
0.6111111111111112,0.5230374577685386,ADMM,6,228
0.3508771929824561,0.39641611281581485,ADMM,6,229
0.15254237288135597,0.09101497988417735,ADMM,6,230
0.1785714285714286,0.1663916354463432,ADMM,6,231
0.3125,0.2531303527041612,ADMM,6,232
0.27192982456140347,0.29585686808485767,ADMM,6,233
0.2264150943396226,0.2305187815151033,ADMM,6,234
0.2735849056603774,0.40788006163569435,ADMM,6,235
0.3728813559322034,0.42915556355075707,ADMM,6,236
0.19444444444444442,0.3157255441947154,ADMM,6,237
0.42592592592592593,0.4883614238710527,ADMM,6,238
0.23636363636363633,0.402899407381873,ADMM,6,239
0.5081967213114754,0.5669349586525034,ADMM,6,240
0.2457627118644068,0.32452256465471957,ADMM,6,241
0.3392857142857143,0.4030049119477153,ADMM,6,242
0.3571428571428572,0.30253180680733655,ADMM,6,243
0.19166666666666665,0.18901924415717794,ADMM,6,244
0.21818181818181814,0.24746732767309765,ADMM,6,245
0.2767857142857143,0.34460341685797535,ADMM,6,246
0.5089285714285714,0.5849453667283216,ADMM,6,247
0.2543859649122807,0.28114773067056487,ADMM,6,248
0.2622950819672132,0.39466303790035207,ADMM,6,249
0.2192982456140351,0.3158286977054841,ADMM,6,250
0.42592592592592593,0.4200421702220022,ADMM,6,251
0.1416666666666666,0.30730944549447325,ADMM,6,252
0.3839285714285714,0.4006430450478165,ADMM,6,253
0.43103448275862066,0.46663118351003235,ADMM,6,254
0.07894736842105265,0.22296298496707584,ADMM,6,255
0.2457627118644068,0.32558115014304206,ADMM,6,256
0.17272727272727273,0.3061927393771065,ADMM,6,257
0.5648148148148148,0.3103534368066414,ADMM,6,258
0.2068965517241379,0.2475214885856159,ADMM,6,259
0.3017241379310345,0.40811137451301543,ADMM,6,260
0.10833333333333339,0.20347278345483952,ADMM,6,261
0.28181818181818175,0.2581792557697964,ADMM,6,262
0.5263157894736842,0.5824551298204627,ADMM,6,263
0.2547169811320755,0.34512016503945747,ADMM,6,264
0.35849056603773577,0.40646176324387184,ADMM,6,265
0.543859649122807,0.41792476542331586,ADMM,6,266
0.15833333333333333,0.09072374560757232,ADMM,6,267
0.2592592592592593,0.23442444103212665,ADMM,6,268
0.4017857142857143,0.5374155391999507,ADMM,6,269
0.49122807017543857,0.4351526698095188,ADMM,6,270
0.08771929824561409,0.11151628698347123,ADMM,6,271
0.26363636363636367,0.2793009616398804,ADMM,6,272
0.25,0.3044820969464151,ADMM,6,273
0.38181818181818183,0.44730157710128904,ADMM,6,274
0.5377358490566038,0.5685703860065651,ADMM,6,275
0.47413793103448276,0.486641139655842,ADMM,6,276
0.6090909090909091,0.4709587229322813,ADMM,6,277
0.5725806451612904,0.5092361082504947,ADMM,6,278
0.39830508474576276,0.41100378809603844,ADMM,6,279
0.6228070175438597,0.7164430153155228,ADMM,6,280
0.4833333333333334,0.526955777256843,ADMM,6,281
0.1293103448275862,0.14806197799563284,ADMM,6,282
0.4811320754716981,0.5030774757888523,ADMM,6,283
0.2894736842105263,0.3297350661347052,ADMM,6,284
0.5603448275862069,0.5695335605859946,ADMM,6,285
0.575,0.49420819457921944,ADMM,6,286
0.5666666666666667,0.5357233811693002,ADMM,6,287
0.368421052631579,0.38928631485813936,ADMM,6,288
0.21818181818181814,0.33227425894387563,ADMM,6,289
0.75,0.7675860780611539,ADMM,6,290
0.6944444444444444,0.742119185791958,ADMM,6,291
0.24528301886792447,0.34573730648680306,ADMM,6,292
0.5089285714285714,0.5472925820318139,ADMM,6,293
0.967741935483871,0.8688559551070087,ADMM,6,294
0.4098360655737705,0.38383106225114305,ADMM,6,295
0.10169491525423724,0.08129258926602292,ADMM,6,296
0.423728813559322,0.3938900662890623,ADMM,6,297
0.2946428571428572,0.37804351254486895,ADMM,6,298
0.18103448275862066,0.20923824672179564,ADMM,6,299
0.4181818181818182,0.5191486755760628,ADMM,6,300
0.48245614035087714,0.47998340851909965,ADMM,6,301
0.3793103448275862,0.5547538351773744,ADMM,6,302
0.6206896551724138,0.680473370375922,ADMM,6,303
0.2033898305084746,0.2472753221368594,ADMM,6,304
0.4196428571428572,0.40315654796771844,ADMM,6,305
0.9098360655737705,0.7259528310066389,ADMM,6,306
0.639344262295082,0.4900143097401182,ADMM,6,307
0.38983050847457634,0.42781555934861487,ADMM,6,308
0.20192307692307687,0.16773245210524473,ADMM,6,309
0.16666666666666663,0.22288669260089206,ADMM,6,310
0.603448275862069,0.489399527983212,ADMM,6,311
0.21052631578947367,0.23962066389429434,ADMM,6,312
0.42105263157894735,0.2549429372347117,ADMM,6,313
0.28301886792452824,0.23972394380761775,ADMM,6,314
0.3076923076923077,0.27410493408184283,ADMM,6,315
0.423728813559322,0.26303056459579943,ADMM,6,316
0.2596153846153846,0.13935328333805305,ADMM,6,317
0.38983050847457634,0.37314997359785995,ADMM,6,318
0.2142857142857143,0.16240283390018817,ADMM,6,319
0.17272727272727273,0.16558226970962941,ADMM,6,320
0.160377358490566,0.2622770636712885,ADMM,6,321
0.3839285714285714,0.29542732602159155,ADMM,6,322
0.29166666666666674,0.21624478645743136,ADMM,6,323
0.21296296296296302,0.13335313448595593,ADMM,6,324
0.2192982456140351,0.1883186105341358,ADMM,6,325
0.1875,0.15276172499279222,ADMM,6,326
0.18103448275862066,0.12998864770231158,ADMM,6,327
0.2685185185185186,0.132158926883825,ADMM,6,328
0.2844827586206897,0.29095206876791474,ADMM,6,329
0.1696428571428572,0.11723156675910164,ADMM,6,330
0.10344827586206895,0.10141959665340614,ADMM,6,331
0.38181818181818183,0.2451722493265607,ADMM,6,332
0.19491525423728817,0.12613683309329957,ADMM,6,333
0.11403508771929827,0.14318537281651803,ADMM,6,334
0.46226415094339623,0.4183171828145671,ADMM,6,335
0.2090909090909091,0.2006648202246264,ADMM,6,336
0.38983050847457634,0.25311586939165864,ADMM,6,337
0.5,0.3509451809551177,ADMM,6,338
0.24193548387096775,0.21118718725149688,ADMM,6,339
0.3090909090909091,0.2287597864775161,ADMM,6,340
0.37735849056603776,0.22709962056584668,ADMM,6,341
0.15573770491803285,0.08504062551697486,ADMM,6,342
0.18181818181818188,0.12599039235406848,ADMM,6,343
0.6229508196721312,0.38657841543232513,ADMM,6,344
0.11864406779661019,0.09546688522210184,ADMM,6,345
0.19999999999999996,0.1352709670068785,ADMM,6,346
0.2592592592592593,0.1721675529503246,ADMM,6,347
0.32407407407407407,0.26823973377392946,ADMM,6,348
0.3220338983050848,0.27850912559201546,ADMM,6,349
0.4122807017543859,0.366527480589201,ADMM,6,350
0.17924528301886788,0.23344835171958966,ADMM,6,351
0.5877192982456141,0.525704095743361,ADMM,6,352
0.4285714285714286,0.30910908277617705,ADMM,6,353
0.5803571428571429,0.5521512006748353,ADMM,6,354
0.3620689655172413,0.3452816350057288,ADMM,6,355
0.42727272727272725,0.4471090957701041,ADMM,6,356
0.3508771929824561,0.37014512028019375,ADMM,6,357
0.41666666666666674,0.48514364213870537,ADMM,6,358
0.11290322580645162,0.17901221090772973,ADMM,6,359
0.19827586206896552,0.22371361546863455,ADMM,6,360
0.6833333333333333,0.5703154442939035,ADMM,6,361
0.16666666666666663,0.1723671941749421,ADMM,6,362
0.423728813559322,0.4025338675687376,ADMM,6,363
0.2068965517241379,0.21920986639493087,ADMM,6,364
0.26415094339622636,0.20815742115742347,ADMM,6,365
0.23275862068965514,0.3489637922127148,ADMM,6,366
0.5298507462686567,0.48576221719306867,ADMM,6,367
0.5084745762711864,0.41132442290677274,ADMM,6,368
0.2704918032786885,0.3265547291242234,ADMM,6,369
0.11864406779661019,0.12478830510073988,ADMM,6,370
0.5865384615384616,0.4829107651230938,ADMM,6,371
0.2542372881355932,0.2755050930498082,ADMM,6,372
0.31896551724137934,0.32043254532714016,ADMM,6,373
0.2338709677419355,0.333540438452228,ADMM,6,374
0.13207547169811318,0.2707377545613189,ADMM,6,375
0.5701754385964912,0.536014174504376,ADMM,6,376
0.4363636363636363,0.38963126014874133,ADMM,6,377
0.31034482758620685,0.3227962715557798,ADMM,6,378
0.21969696969696972,0.18424498750505008,ADMM,6,379
0.30833333333333335,0.3225820177474095,ADMM,6,380
0.10526315789473684,0.09162398916669134,ADMM,6,381
0.2321428571428572,0.20879227798753666,ADMM,6,382
0.7946428571428571,0.7988185709197618,ADMM,6,383
0.3359375,0.2585988067185475,ADMM,6,384
0.2857142857142857,0.29501008093078623,ADMM,6,385
0.46226415094339623,0.4212336782974147,ADMM,6,386
0.33606557377049184,0.5326131973248046,ADMM,6,387
0.36111111111111116,0.24175064670726834,ADMM,6,388
0.2966101694915254,0.2529326453372842,ADMM,6,389
0.5086206896551724,0.4477205517608638,ADMM,6,390
0.2033898305084746,0.3804276067762628,ADMM,6,391
0.2192982456140351,0.26882099995299974,ADMM,6,392
0.5803571428571429,0.6668747117194257,ADMM,6,393
0.33333333333333326,0.4024609025389709,ADMM,6,394
0.2807017543859649,0.35121737102529577,ADMM,6,395
0.3070175438596492,0.32511458316167186,ADMM,6,396
0.43965517241379315,0.5037346805461608,ADMM,6,397
0.4285714285714286,0.541952585773401,ADMM,6,398
0.1785714285714286,0.24332609883682182,ADMM,6,399
0.287037037037037,0.3438884154802167,ADMM,6,400
0.23728813559322037,0.24170502819563683,ADMM,6,401
0.25,0.40810626351382534,ADMM,6,402
0.34905660377358494,0.40616077784621696,ADMM,6,403
0.3070175438596492,0.29927689722564355,ADMM,6,404
0.26363636363636367,0.3910820309757345,ADMM,6,405
0.2232142857142857,0.2519120247912563,ADMM,6,406
0.33018867924528306,0.43220311020173047,ADMM,6,407
0.27450980392156865,0.4338167673949146,ADMM,6,408
0.2627118644067796,0.3444534430642562,ADMM,6,409
0.26363636363636367,0.3827360230807833,ADMM,6,410
0.4636363636363636,0.4985705809422057,ADMM,6,411
0.43965517241379315,0.3589705466975761,ADMM,6,412
0.21551724137931028,0.25937312941944884,ADMM,6,413
0.3916666666666666,0.4188961772198588,ADMM,6,414
0.21666666666666667,0.3791256273074751,ADMM,6,415
0.39473684210526316,0.22778047849611827,ADMM,6,416
0.2857142857142857,0.434799416521459,ADMM,6,417
0.26190476190476186,0.33238545536748765,ADMM,6,418
0.1964285714285714,0.30219927435121796,ADMM,6,419
0.31034482758620685,0.3938367615211152,ADMM,6,420
0.20370370370370372,0.2511038992456575,ADMM,6,421
0.13157894736842102,0.27190148617161275,ADMM,6,422
0.4385964912280702,0.5568531964882603,ADMM,6,423
0.5892857142857143,0.6124195764846875,ADMM,6,424
0.27586206896551724,0.26450394330616817,ADMM,6,425
0.3793103448275862,0.3768466912401946,ADMM,6,426
0.23728813559322037,0.3084694545313597,ADMM,6,427
0.4537037037037037,0.5235321397013127,ADMM,6,428
0.31034482758620685,0.35344273645919116,ADMM,6,429
0.2410714285714286,0.3824117714169738,ADMM,6,430
0.421875,0.4818954556817487,ADMM,6,431
0.5,0.5057985614370727,ADMM,6,432
0.3909090909090909,0.42757834487274354,ADMM,6,433
0.3157894736842105,0.34837940950011187,ADMM,6,434
0.4568965517241379,0.49372099098374117,ADMM,6,435
0.21052631578947367,0.24577096587301636,ADMM,6,436
0.24137931034482762,0.2627785231670128,ADMM,6,437
0.12264150943396224,0.20269740866628574,ADMM,6,438
0.36363636363636365,0.39509232866363336,ADMM,6,439
0.3571428571428572,0.31019627426348784,ADMM,6,440
0.5703125,0.36424490284385624,ADMM,6,441
0.3416666666666667,0.4051304707904617,ADMM,6,442
0.22499999999999998,0.2744496746473012,ADMM,6,443
0.5982142857142857,0.5328181467809525,ADMM,6,444
0.39473684210526316,0.45581253028334456,ADMM,6,445
0.1454545454545455,0.18634642108291022,ADMM,6,446
0.2457627118644068,0.32975674338077804,ADMM,6,447
0.5,0.44028868523756753,ADMM,6,448
0.4426229508196722,0.3528396748065844,ADMM,6,449
0.07627118644067798,0.07483068117428299,ADMM,6,450
0.27192982456140347,0.28283492349179606,ADMM,6,451
0.1637931034482758,0.27397817247683665,ADMM,6,452
0.20370370370370372,0.16846527228315464,ADMM,6,453
0.3214285714285714,0.2983189815518041,ADMM,6,454
0.2232142857142857,0.3081302398307898,ADMM,6,455
0.3909090909090909,0.35069165371422606,ADMM,6,456
0.44166666666666665,0.486390682508042,ADMM,6,457
0.23684210526315785,0.2182204475060312,ADMM,6,458
0.39830508474576276,0.46117252017217536,ADMM,6,459
0.3790322580645161,0.46353905941511153,ADMM,6,460
0.4811320754716981,0.5219527120574824,ADMM,6,461
0.14754098360655732,0.15715028700776412,ADMM,6,462
0.6363636363636364,0.5448097042895772,ADMM,6,463
0.3771929824561404,0.2565896694603093,ADMM,6,464
0.4772727272727273,0.5036600380942747,ADMM,6,465
0.4482758620689655,0.31463165217211353,ADMM,6,466
0.2295081967213115,0.2140818310739258,ADMM,6,467
0.3412698412698413,0.35673752589114743,ADMM,6,468
0.4098360655737705,0.3600430004279404,ADMM,6,469
0.06896551724137934,0.1285835043837779,ADMM,6,470
0.10909090909090913,0.08986843614698677,ADMM,6,471
0.42105263157894735,0.2959072859845673,ADMM,6,472
0.09482758620689657,0.12960445008826832,ADMM,6,473
0.13559322033898302,0.17379726508825916,ADMM,6,474
0.31034482758620685,0.23876334564597562,ADMM,6,475
0.28181818181818175,0.26508276312197604,ADMM,6,476
0.19827586206896552,0.16940625022267636,ADMM,6,477
0.15573770491803285,0.17517362640558284,ADMM,6,478
0.2894736842105263,0.19886036375005467,ADMM,6,479
0.1842105263157895,0.0973999530800505,ADMM,6,480
0.1607142857142857,0.12457014133732304,ADMM,6,481
0.35344827586206895,0.29022000543215326,ADMM,6,482
0.2016129032258065,0.20400941268914768,ADMM,6,483
0.19999999999999996,0.10916015616731141,ADMM,6,484
0.27966101694915246,0.19575777236578898,ADMM,6,485
0.25,0.23974418420661678,ADMM,6,486
0.7105263157894737,0.5955493556387935,ADMM,6,487
0.36363636363636365,0.29277588745219196,ADMM,6,488
0.125,0.12321403901501689,ADMM,6,489
0.5,0.4459647309491097,ADMM,6,490
0.15454545454545454,0.19489562878393502,ADMM,6,491
0.07017543859649122,0.07411989561775051,ADMM,6,492
0.1484375,0.1856957440475065,ADMM,6,493
0.3813559322033898,0.3038963270461658,ADMM,6,494
0.2586206896551724,0.1436568417197665,ADMM,6,495
0.16666666666666663,0.1349711723323614,ADMM,6,496
0.525,0.37115863437576496,ADMM,6,497
0.26724137931034475,0.26501560118435297,ADMM,6,498
0.3660714285714286,0.4519827703569962,ADMM,6,499
0.2592592592592593,0.2627085570351391,ADMM,6,500
0.27586206896551724,0.2500585835760232,ADMM,6,501
0.296875,0.32709515531517497,ADMM,6,502
0.27586206896551724,0.3991149576619162,ADMM,6,503
0.3214285714285714,0.3296230495015074,ADMM,6,504
0.5789473684210527,0.41633235791408163,ADMM,6,505
0.4528301886792453,0.4154431829926223,ADMM,6,506
0.5423728813559322,0.5423799352428431,ADMM,6,507
0.3214285714285714,0.32770111318209655,ADMM,6,508
0.5666666666666667,0.45483839089485856,ADMM,6,509
0.3363636363636364,0.49525101491829554,ADMM,6,510
0.2058823529411764,0.35422269302069126,ADMM,6,511
0.543859649122807,0.6032003898769718,ADMM,6,512
0.2232142857142857,0.24626357744614055,ADMM,6,513
0.1454545454545455,0.2732222398254071,ADMM,6,514
0.27192982456140347,0.37457444356922115,ADMM,6,515
0.29824561403508776,0.3689861759613406,ADMM,6,516
0.3909090909090909,0.42153307170678683,ADMM,6,517
0.19444444444444442,0.2968555944694653,ADMM,6,518
0.2068965517241379,0.28455972548004993,ADMM,6,519
0.435483870967742,0.44169298790921735,ADMM,6,520
0.32499999999999996,0.30977635952357135,ADMM,6,521
0.25,0.11931633499482584,ADMM,6,522
0.4482758620689655,0.38645854945060176,ADMM,6,523
0.5,0.4631516198319076,ADMM,6,524
0.3846153846153846,0.41211775701153175,ADMM,6,525
0.4107142857142857,0.4581519145157003,ADMM,6,526
0.6311475409836066,0.5267647134096242,ADMM,6,527
0.40909090909090917,0.4747220175100954,ADMM,6,528
0.2807017543859649,0.37195950757594226,ADMM,6,529
0.15254237288135597,0.2806637285667886,ADMM,6,530
0.2314814814814815,0.34084068242838245,ADMM,6,531
0.2786885245901639,0.4162475720607947,ADMM,6,532
0.4916666666666667,0.6037089846358215,ADMM,6,533
0.6349206349206349,0.6858738113769443,ADMM,6,534
0.6057692307692307,0.5966402929238214,ADMM,6,535
0.5714285714285714,0.6153764491254213,ADMM,6,536
0.3727272727272728,0.4270593985717843,ADMM,6,537
0.5789473684210527,0.6229186684142995,ADMM,6,538
0.20833333333333337,0.26349842877292573,ADMM,6,539
0.211864406779661,0.20668375802659417,ADMM,6,540
0.2767857142857143,0.3920048166713617,ADMM,6,541
0.20175438596491224,0.215205766623575,ADMM,6,542
0.18867924528301883,0.23896503024691676,ADMM,6,543
0.3392857142857143,0.36880877525149386,ADMM,6,544
0.35344827586206895,0.37802736571929346,ADMM,6,545
0.4035087719298245,0.43647309371140164,ADMM,6,546
0.3928571428571428,0.4907522597887032,ADMM,6,547
0.6296296296296297,0.38638619835510296,ADMM,6,548
0.29824561403508776,0.35103930534675604,ADMM,6,549
0.19047619047619047,0.208947364127659,ADMM,6,550
0.4568965517241379,0.40271368346068004,ADMM,6,551
0.39655172413793105,0.3518654832463726,ADMM,6,552
0.39423076923076916,0.37670858787301015,ADMM,6,553
0.47115384615384615,0.3347334054341142,ADMM,6,554
0.19090909090909092,0.22339881878787082,ADMM,6,555
0.6754385964912281,0.6214111488274445,ADMM,6,556
0.5086206896551724,0.3944838332699376,ADMM,6,557
0.23728813559322037,0.21931744769036424,ADMM,6,558
0.4528301886792453,0.45336480429808895,ADMM,6,559
0.2627118644067796,0.27635835617447985,ADMM,6,560
0.13888888888888884,0.177839664895133,ADMM,6,561
0.368421052631579,0.46571267914365716,ADMM,6,562
0.4568965517241379,0.407553477645014,ADMM,6,563
0.22807017543859653,0.33044524878626014,ADMM,6,564
0.41666666666666674,0.4885968657046129,ADMM,6,565
0.3362068965517242,0.4442810454628856,ADMM,6,566
0.6578947368421053,0.5735947757419789,ADMM,6,567
0.5350877192982456,0.5109159469222802,ADMM,6,568
0.7543859649122807,0.747486096461911,ADMM,6,569
0.4636363636363636,0.5514755621237856,ADMM,6,570
0.631578947368421,0.6152423634614212,ADMM,6,571
0.30645161290322576,0.36768852602780583,ADMM,6,572
0.287037037037037,0.36780853511155653,ADMM,6,573
0.2592592592592593,0.33866167647603673,ADMM,6,574
0.26415094339622636,0.24664315712294443,ADMM,6,575
0.18333333333333335,0.15995154037570833,ADMM,6,576
0.7166666666666667,0.6144782654468184,ADMM,6,577
0.5877192982456141,0.40901317682753857,ADMM,6,578
0.6181818181818182,0.6466622690864877,ADMM,6,579
0.5416666666666666,0.45807668737847945,ADMM,6,580
0.4181818181818182,0.4494394078518466,ADMM,6,581
0.6785714285714286,0.5912808363490039,ADMM,6,582
0.3363636363636364,0.34889663095098944,ADMM,6,583
0.2333333333333334,0.37984246902612656,ADMM,6,584
0.5901639344262295,0.46932806845562697,ADMM,6,585
0.39622641509433965,0.46958656421559136,ADMM,6,586
0.5847457627118644,0.5485962836195387,ADMM,6,587
0.09482758620689657,0.11368921247141628,ADMM,6,588
0.4298245614035088,0.4458579647177664,ADMM,6,589
0.3879310344827587,0.4429501870242424,ADMM,6,590
0.2053571428571428,0.2263153594471148,ADMM,6,591
0.3303571428571428,0.4214223480596961,ADMM,6,592
0.25,0.40407470096035486,ADMM,6,593
0.1875,0.24694880240986605,ADMM,6,594
0.825,0.7653295888284519,ADMM,6,595
0.3879310344827587,0.34764220203658597,ADMM,6,596
0.5849056603773585,0.4939929233471418,ADMM,6,597
0.4152542372881356,0.527659588748321,ADMM,6,598
0.2589285714285714,0.42812411195595845,ADMM,6,599
0.4918032786885246,0.3662490457855501,ADMM,6,600
0.6833333333333333,0.6476487146012472,ADMM,6,601
0.603448275862069,0.5330399644554904,ADMM,6,602
0.6363636363636364,0.5825154584014386,ADMM,6,603
0.34905660377358494,0.3467349095830195,ADMM,6,604
0.23728813559322037,0.23476196709117347,ADMM,6,605
0.21052631578947367,0.2707336064591647,ADMM,6,606
0.31896551724137934,0.32025304502421564,ADMM,6,607
0.2421875,0.20723650888308373,ADMM,6,608
0.4722222222222222,0.438234018016584,ADMM,6,609
0.38181818181818183,0.27610211483285424,ADMM,6,610
0.6339285714285714,0.5754365458121551,ADMM,6,611
0.4285714285714286,0.3660969366262583,ADMM,6,612
0.4035087719298245,0.3292762531715883,ADMM,6,613
0.5089285714285714,0.5283422064168429,ADMM,6,614
0.3113207547169812,0.28038582000753487,ADMM,6,615
0.17592592592592593,0.22778334958290514,ADMM,6,616
0.21818181818181814,0.2567353991912658,ADMM,6,617
0.7545454545454545,0.7039079693716142,ADMM,6,618
0.5471698113207547,0.34942012452574966,ADMM,6,619
0.11206896551724133,0.11471543887613239,ADMM,6,620
0.6810344827586207,0.6015869295369201,ADMM,6,621
0.17924528301886788,0.2021768879949546,ADMM,6,622
0.09322033898305082,0.18425405098520367,ADMM,6,623
0.3157894736842105,0.30217666827382067,ADMM,6,624
0.3660714285714286,0.3062248601693909,ADMM,6,625
0.1885245901639344,0.2739902382250295,ADMM,6,626
0.5350877192982456,0.5505541198486273,ADMM,6,627
0.44999999999999996,0.38218022442759714,ADMM,6,628
0.31034482758620685,0.19498811722458334,ADMM,6,629
0.5423728813559322,0.4996560920630294,ADMM,6,630
0.46031746031746024,0.4628922775999676,ADMM,6,631
0.4035087719298245,0.4058945459213613,ADMM,6,632
0.6140350877192983,0.5541508363231634,ADMM,6,633
0.4642857142857143,0.4514216227905509,ADMM,6,634
0.2946428571428572,0.3412517694326967,ADMM,6,635
0.27966101694915246,0.36311193192828883,ADMM,6,636
0.37735849056603776,0.29297320847522895,ADMM,6,637
0.29166666666666674,0.33757947129637084,ADMM,6,638
0.2338709677419355,0.2780978572248052,ADMM,6,639
0.4818181818181818,0.38838607130348485,ADMM,6,640
0.4537037037037037,0.39212227239499575,ADMM,6,641
0.43103448275862066,0.34586460665457164,ADMM,6,642
0.3545454545454545,0.4625454941924259,ADMM,6,643
0.3727272727272728,0.5569789869923943,ADMM,6,644
0.3070175438596492,0.381395795916165,ADMM,6,645
0.3090909090909091,0.37809322435027787,ADMM,6,646
0.5,0.5669960757291337,ADMM,6,647
0.34905660377358494,0.47335430854699134,ADMM,6,648
0.5,0.41264403606009553,ADMM,6,649
0.39814814814814814,0.37128180488422724,ADMM,6,650
0.17543859649122806,0.25572902074620885,ADMM,6,651
0.7982456140350878,0.6445286143329385,ADMM,6,652
0.47540983606557374,0.5200976597069782,ADMM,6,653
0.21311475409836067,0.20793732980656987,ADMM,6,654
0.3771929824561404,0.5398171816041485,ADMM,6,655
0.20967741935483875,0.29166323908416125,ADMM,6,656
0.2232142857142857,0.24636649010371928,ADMM,6,657
0.4655172413793103,0.47459041806408636,ADMM,6,658
0.34615384615384615,0.3568505739588558,ADMM,6,659
0.3728813559322034,0.34582328909847126,ADMM,6,660
0.4722222222222222,0.5170204870417489,ADMM,6,661
0.4051724137931034,0.4491037046236423,ADMM,6,662
0.49122807017543857,0.47947793376834996,ADMM,6,663
0.9224137931034483,0.8640071395925027,ADMM,6,664
0.2192982456140351,0.25304502023438585,ADMM,6,665
0.4083333333333333,0.43416396657089207,ADMM,6,666
0.17272727272727273,0.2592085847677872,ADMM,6,667
0.27118644067796605,0.3404453366286953,ADMM,6,668
0.24561403508771928,0.23780067524852044,ADMM,6,669
0.3909090909090909,0.422590835480791,ADMM,6,670
0.2547169811320755,0.27935574185794865,ADMM,6,671
0.7142857142857143,0.6662726853076633,ADMM,6,672
0.6551724137931034,0.7155222493580295,ADMM,6,673
0.3278688524590163,0.3473735410747223,ADMM,6,674
0.5083333333333333,0.5423248301453505,ADMM,6,675
0.1785714285714286,0.2678065065091231,ADMM,6,676
0.22807017543859653,0.26300504701735883,ADMM,6,677
0.1923076923076923,0.2937747885904281,ADMM,6,678
0.631578947368421,0.5552131439668835,ADMM,6,679
0.8947368421052632,0.753742468951621,ADMM,6,680
0.10169491525423724,0.059231868599194416,ADMM,6,681
0.4491525423728814,0.3882321372532515,ADMM,6,682
0.2090909090909091,0.21749790756242485,ADMM,6,683
0.1929824561403508,0.28499695334677944,ADMM,6,684
0.2844827586206897,0.2549353298154239,ADMM,6,685
0.31896551724137934,0.3846792305721025,ADMM,6,686
0.12037037037037035,0.2197998702052886,ADMM,6,687
0.525,0.5647889227186387,ADMM,6,688
0.35964912280701755,0.3357670128570941,ADMM,6,689
0.2983870967741935,0.3872759376450397,ADMM,6,690
0.6166666666666667,0.5161802998223726,ADMM,6,691
0.5901639344262295,0.5289141473548358,ADMM,6,692
0.5350877192982456,0.568789606541047,ADMM,6,693
0.36440677966101687,0.4589322371369218,ADMM,6,694
0.2807017543859649,0.28881456860534227,ADMM,6,695
0.22413793103448276,0.20969983282736596,ADMM,6,696
0.6,0.47317861897681407,ADMM,6,697
0.2777777777777778,0.17651992726274573,ADMM,6,698
0.6578947368421053,0.6447282217587935,ADMM,6,699
0.4363636363636363,0.41287536934333974,ADMM,6,700
0.39655172413793105,0.5120696501428444,ADMM,6,701
0.4067796610169492,0.42604497035231553,ADMM,6,702
0.2931034482758621,0.40383166798547715,ADMM,6,703
0.29166666666666674,0.43093404143850383,ADMM,6,704
0.3125,0.42930809303476825,ADMM,6,705
0.34259259259259256,0.4010736200106223,ADMM,6,706
0.4298245614035088,0.3911927335031095,ADMM,6,707
0.5727272727272728,0.5661062642682324,ADMM,6,708
0.42307692307692313,0.40093463803228246,ADMM,6,709
0.10344827586206895,0.05074924509686922,ADMM,6,710
0.6428571428571429,0.5804799757890504,ADMM,6,711
0.5416666666666666,0.5872066853721227,ADMM,6,712
0.2033898305084746,0.17499172107445551,ADMM,6,713
0.7203389830508474,0.5973728777298829,ADMM,6,714
0.2767857142857143,0.3354085922746338,ADMM,6,715
0.2142857142857143,0.30317954752200216,ADMM,6,716
0.5357142857142857,0.6122286407023371,ADMM,6,717
0.2421875,0.35701274703789954,ADMM,6,718
0.4351851851851851,0.3667985944866395,ADMM,6,719
0.31896551724137934,0.40281493247830513,ADMM,6,720
0.19999999999999996,0.3104198436486902,ADMM,6,721
0.1610169491525424,0.26720816003341014,ADMM,6,722
0.375,0.44130644765208116,ADMM,6,723
0.1428571428571428,0.1950034231009594,ADMM,6,724
0.2946428571428572,0.30352018265374453,ADMM,6,725
0.10377358490566035,0.17411873719548315,ADMM,6,726
0.2946428571428572,0.36086671278801286,ADMM,6,727
0.2857142857142857,0.3325441196248828,ADMM,6,728
0.7719298245614035,0.6512789861364969,ADMM,6,729
0.7166666666666667,0.7465044313127348,ADMM,6,730
0.4137931034482758,0.3033187450422423,ADMM,6,731
0.46226415094339623,0.488092900604788,ADMM,6,732
0.2410714285714286,0.2686265637842576,ADMM,6,733
0.2589285714285714,0.3101153427919719,ADMM,6,734
0.2807017543859649,0.36737607281702533,ADMM,6,735
0.44545454545454544,0.44417185291792843,ADMM,6,736
0.8706896551724138,0.6742321369426109,ADMM,6,737
0.018181818181818188,0.08308717524751719,ADMM,6,738
0.5701754385964912,0.519133330160533,ADMM,6,739
0.2407407407407407,0.2065915645329512,ADMM,6,740
0.20370370370370372,0.23502079817480884,ADMM,6,741
0.3545454545454545,0.312356222969621,ADMM,6,742
0.2547169811320755,0.34688359078216235,ADMM,6,743
0.13636363636363635,0.23423991074680714,ADMM,6,744
0.4913793103448276,0.5755451095090998,ADMM,6,745
0.24561403508771928,0.3584655681733763,ADMM,6,746
0.603448275862069,0.5547469416525442,ADMM,6,747
0.5526315789473685,0.48082083783219015,ADMM,6,748
0.38888888888888884,0.3968501590349438,ADMM,6,749
0.35964912280701755,0.4397177161189382,ADMM,6,750
0.3545454545454545,0.300384093144601,ADMM,6,751
0.5272727272727272,0.6328505812973333,ADMM,6,752
0.4907407407407407,0.46898182160615015,ADMM,6,753
0.4351851851851851,0.5372766761634489,ADMM,6,754
0.5789473684210527,0.6338067244686816,ADMM,6,755
0.35964912280701755,0.43622626588292157,ADMM,6,756
0.16666666666666663,0.30117027286455395,ADMM,6,757
0.2857142857142857,0.26097487759856625,ADMM,6,758
0.5576923076923077,0.6402244667554249,ADMM,6,759
0.6403508771929824,0.6381715924827546,ADMM,6,760
0.3363636363636364,0.3639682543084365,ADMM,6,761
0.6160714285714286,0.5827723919708535,ADMM,6,762
0.5446428571428571,0.6166038897990069,ADMM,6,763
0.27966101694915246,0.3701927226808833,ADMM,6,764
0.3306451612903225,0.3317927526054504,ADMM,6,765
0.18867924528301883,0.2696057941448431,ADMM,6,766
0.4375,0.45145672437364814,ADMM,6,767
0.509090909090909,0.4078349864631557,ADMM,6,768
0.3771929824561404,0.5364674904783683,ADMM,6,769
0.43103448275862066,0.5141186152469834,ADMM,6,770
0.4056603773584906,0.49980004451086346,ADMM,6,771
0.5267857142857143,0.5900529231112486,ADMM,6,772
0.25,0.19939534511686652,ADMM,6,773
0.4818181818181818,0.452512446664322,ADMM,6,774
0.6759259259259259,0.5849342186433287,ADMM,6,775
0.287037037037037,0.3846025730938302,ADMM,6,776
0.09523809523809523,0.10393282755196095,ADMM,6,777
0.4224137931034483,0.43063159726579536,ADMM,6,778
0.2909090909090909,0.2607725198380066,ADMM,6,779
0.27192982456140347,0.33608548973623054,ADMM,6,780
0.3771929824561404,0.43275044954992603,ADMM,6,781
0.5094339622641509,0.49392562888132413,ADMM,6,782
0.3545454545454545,0.46455893982556895,ADMM,6,783
0.13492063492063489,0.21273213281541237,ADMM,6,784
0.55,0.5676985404900367,ADMM,6,785
0.45614035087719296,0.43667863278977365,ADMM,6,786
0.2410714285714286,0.2604673091675839,ADMM,6,787
0.288135593220339,0.43447125905888917,ADMM,6,788
0.35344827586206895,0.5085344564341411,ADMM,6,789
0.5614035087719298,0.5357550069927267,ADMM,6,790
0.1428571428571428,0.09865590378655929,ADMM,6,791
0.3214285714285714,0.2864210806863131,ADMM,6,792
0.2314814814814815,0.24095292425126286,ADMM,6,793
0.4553571428571428,0.31142519291381454,ADMM,6,794
0.3017241379310345,0.39076254356049905,ADMM,6,795
0.4716981132075472,0.37708220710825685,ADMM,6,796
0.49122807017543857,0.5216154426776953,ADMM,6,797
0.4,0.4727008692231119,ADMM,6,798
0.18867924528301883,0.2733320319442254,ADMM,6,799
0.3070175438596492,0.46264631293515335,ADMM,6,800
0.38983050847457634,0.5211134524210388,ADMM,6,801
0.4553571428571428,0.48879071447670963,ADMM,6,802
0.2416666666666667,0.15927066977548468,ADMM,6,803
0.6186440677966102,0.599487263827904,ADMM,6,804
0.26724137931034475,0.3244863035760297,ADMM,6,805
0.17592592592592593,0.27008887333627146,ADMM,6,806
0.1637931034482758,0.2535338167988968,ADMM,6,807
0.22881355932203395,0.24067283873320297,ADMM,6,808
0.1311475409836066,0.19800944719964741,ADMM,6,809
0.1271186440677966,0.14014031268081123,ADMM,6,810
0.185483870967742,0.18761606547369886,ADMM,6,811
0.8909090909090909,0.7271658315243873,ADMM,6,812
0.5175438596491229,0.41495187013989665,ADMM,6,813
0.09090909090909094,0.17983793374717016,ADMM,6,814
0.17272727272727273,0.24227508432353353,ADMM,6,815
0.6,0.6390199653339308,ADMM,6,816
0.16666666666666663,0.1612227456692301,ADMM,6,817
0.7807017543859649,0.5721781562877215,ADMM,6,818
0.2627118644067796,0.4305036716682223,ADMM,6,819
0.2589285714285714,0.2410003615437926,ADMM,6,820
0.2962962962962963,0.3187579912261319,ADMM,6,821
0.18103448275862066,0.1557111959429144,ADMM,6,822
0.11864406779661019,0.24968438611116747,ADMM,6,823
0.6428571428571429,0.5135014780092617,ADMM,6,824
0.2033898305084746,0.18538784174281125,ADMM,6,825
0.11403508771929827,0.219099663888563,ADMM,6,826
0.3660714285714286,0.3105607614857284,ADMM,6,827
0.2661290322580645,0.3973773052522385,ADMM,6,828
0.27966101694915246,0.40451050083821416,ADMM,6,829
0.3055555555555556,0.4563731675842858,ADMM,6,830
0.3090909090909091,0.4147605277712617,ADMM,6,831
0.29807692307692313,0.41988320234847476,ADMM,6,832
0.15833333333333333,0.28849187359327405,ADMM,6,833
0.3017241379310345,0.38352959820449,ADMM,6,834
0.3870967741935484,0.35557825853178127,ADMM,6,835
0.23584905660377364,0.27837154216282634,ADMM,6,836
0.2457627118644068,0.34447706181184273,ADMM,6,837
0.41666666666666674,0.498343043164275,ADMM,6,838
0.4017857142857143,0.5103613080051952,ADMM,6,839
0.047169811320754707,0.06908620608439106,ADMM,6,840
0.27118644067796605,0.24228092296235812,ADMM,6,841
0.2767857142857143,0.3097002716508706,ADMM,6,842
0.3125,0.3440722309884467,ADMM,6,843
0.6271186440677966,0.48743905110070695,ADMM,6,844
0.5714285714285714,0.5619939442669807,ADMM,6,845
0.75,0.6240462800183051,ADMM,6,846
0.3018867924528301,0.41470791096021453,ADMM,6,847
0.2407407407407407,0.3405659504401829,ADMM,6,848
0.21818181818181814,0.25127401951977,ADMM,6,849
0.5,0.5224795554413154,ADMM,6,850
0.25,0.33617836089859876,ADMM,6,851
0.17500000000000004,0.2609850927477611,ADMM,6,852
0.1694915254237288,0.25863695551061633,ADMM,6,853
0.20370370370370372,0.36181699110534205,ADMM,6,854
0.25,0.31096139076451024,ADMM,6,855
0.1578947368421053,0.2556857728769266,ADMM,6,856
0.23684210526315785,0.22717577381863674,ADMM,6,857
0.20175438596491224,0.3305959047913165,ADMM,6,858
0.6578947368421053,0.5998692503726888,ADMM,6,859
0.29166666666666674,0.35736984701569385,ADMM,6,860
0.2068965517241379,0.24198681228865557,ADMM,6,861
0.30952380952380953,0.27898458266957377,ADMM,6,862
0.6339285714285714,0.6160035348564985,ADMM,6,863
0.3482142857142857,0.28128504611536986,ADMM,6,864
0.4056603773584906,0.5107397467119787,ADMM,6,865
0.6090909090909091,0.5833687380048352,ADMM,6,866
0.23770491803278682,0.31386310209825213,ADMM,6,867
0.5283018867924528,0.5446090676911763,ADMM,6,868
0.12068965517241381,0.29874353184184327,ADMM,6,869
0.13157894736842102,0.2098340752304559,ADMM,6,870
0.4375,0.4208498796307402,ADMM,6,871
0.13559322033898302,0.15922321556450214,ADMM,6,872
0.19999999999999996,0.27461902890733475,ADMM,6,873
0.25,0.29595073664600474,ADMM,6,874
0.6666666666666666,0.5505101412595264,ADMM,6,875
0.631578947368421,0.5281258643085239,ADMM,6,876
0.39814814814814814,0.2907891082214901,ADMM,6,877
0.3833333333333333,0.41981462608201403,ADMM,6,878
0.5175438596491229,0.4326608839972386,ADMM,6,879
0.5178571428571429,0.5526494578848242,ADMM,6,880
0.3035714285714286,0.36937947293972434,ADMM,6,881
0.6272727272727273,0.6334826420964383,ADMM,6,882
0.4339622641509434,0.5160888519558159,ADMM,6,883
0.34745762711864403,0.3633688678356179,ADMM,6,884
0.05833333333333335,0.0827600203286435,ADMM,6,885
0.4298245614035088,0.35740352825198596,ADMM,6,886
0.5333333333333333,0.6004084314457059,ADMM,6,887
0.2222222222222222,0.3347406754397507,ADMM,6,888
0.75,0.7229712785432304,ADMM,6,889
0.5241935483870968,0.4865256207280188,ADMM,6,890
0.3571428571428572,0.47825759640720666,ADMM,6,891
0.6636363636363637,0.6418022418560615,ADMM,6,892
0.2192982456140351,0.23653508267889978,ADMM,6,893
0.4224137931034483,0.4607171069940675,ADMM,6,894
0.4051724137931034,0.40311102427225565,ADMM,6,895
0.2946428571428572,0.31705458511500584,ADMM,6,896
0.44067796610169485,0.34804754594482445,ADMM,6,897
0.4814814814814814,0.2977879729877758,ADMM,6,898
0.3400000000000001,0.41343974897336094,ADMM,6,899
0.7946428571428571,0.5439917068477553,ADMM,6,900
0.6851851851851852,0.6258260082169196,ADMM,6,901
0.4017857142857143,0.4625212202778085,ADMM,6,902
0.8771929824561403,0.8042074782207578,ADMM,6,903
0.49056603773584906,0.46411594881463464,ADMM,6,904
0.2272727272727273,0.3468534631518611,ADMM,6,905
0.10169491525423724,0.1208708959915544,ADMM,6,906
0.44736842105263164,0.48009346477343084,ADMM,6,907
0.3125,0.37804615347088455,ADMM,6,908
0.24545454545454548,0.25947846456333423,ADMM,6,909
0.4913793103448276,0.6706405682352635,ADMM,6,910
0.4326923076923077,0.6226334550531375,ADMM,6,911
0.3620689655172413,0.6276585912420402,ADMM,6,912
0.6982758620689655,0.5502803139516907,ADMM,6,913
0.28181818181818175,0.2741651025885776,ADMM,6,914
0.8389830508474576,0.7201985284334843,ADMM,6,915
0.6454545454545455,0.4546044903942828,ADMM,6,916
0.2666666666666666,0.4083409438121809,ADMM,6,917
0.576271186440678,0.5058208531030594,ADMM,6,918
0.26363636363636367,0.283747974262916,ADMM,6,919
0.5982142857142857,0.5183056010668456,ADMM,6,920
0.33333333333333326,0.39151055727154177,ADMM,6,921
0.19090909090909092,0.3557193509154786,ADMM,6,922
0.2777777777777778,0.40439710561242176,ADMM,6,923
0.543859649122807,0.5306740125592478,ADMM,6,924
0.625,0.5270119177613483,ADMM,6,925
0.08490566037735847,0.07475645267113445,ADMM,6,926
0.3392857142857143,0.30108895626674737,ADMM,6,927
0.3035714285714286,0.2924056182633297,ADMM,6,928
0.26415094339622636,0.24796577998100375,ADMM,6,929
0.36363636363636365,0.361511253327223,ADMM,6,930
0.30327868852459017,0.41093041310382417,ADMM,6,931
0.31034482758620685,0.4965159081589553,ADMM,6,932
0.7068965517241379,0.7113457021354047,ADMM,6,933
0.30327868852459017,0.3183907303079087,ADMM,6,934
0.34375,0.38202379669457803,ADMM,6,935
0.4814814814814814,0.5131518346320311,ADMM,6,936
0.41666666666666674,0.36659825171528637,ADMM,6,937
0.3421052631578947,0.3220152396136203,ADMM,6,938
0.3706896551724138,0.4799954417550605,ADMM,6,939
0.1339285714285714,0.2553355002057669,ADMM,6,940
0.20175438596491224,0.30157043732757016,ADMM,6,941
0.3362068965517242,0.33212677698499893,ADMM,6,942
0.4655172413793103,0.3747984529950314,ADMM,6,943
0.4576271186440678,0.5124668204639986,ADMM,6,944
0.11864406779661019,0.13224719160018142,ADMM,6,945
0.35185185185185186,0.43369657279191925,ADMM,6,946
0.32407407407407407,0.28828893671660194,ADMM,6,947
0.3660714285714286,0.3858004904159894,ADMM,6,948
0.2295081967213115,0.2639664588359645,ADMM,6,949
0.35,0.29816053538226617,ADMM,6,950
0.19444444444444442,0.2460131262408331,ADMM,6,951
0.3666666666666667,0.419235935448322,ADMM,6,952
0.4516129032258065,0.4374906380777701,ADMM,6,953
0.5272727272727272,0.5296255267858254,ADMM,6,954
0.39655172413793105,0.5320946146105853,ADMM,6,955
0.41129032258064524,0.4836423641207874,ADMM,6,956
0.373015873015873,0.4369916819553155,ADMM,6,957
0.33333333333333326,0.26570031993957915,ADMM,6,958
0.23636363636363633,0.33575085385371095,ADMM,6,959
0.4649122807017544,0.4358054437550329,ADMM,6,960
0.3303571428571428,0.38178594366836843,ADMM,6,961
0.1339285714285714,0.2532768700827285,ADMM,6,962
0.0982142857142857,0.1078794560337635,ADMM,6,963
0.31666666666666665,0.45087916772922876,ADMM,6,964
0.3833333333333333,0.448397835130735,ADMM,6,965
0.6416666666666667,0.4502531471975322,ADMM,6,966
0.509090909090909,0.455387122635505,ADMM,6,967
0.3928571428571428,0.43226663467088033,ADMM,6,968
0.1694915254237288,0.1754829242862374,ADMM,6,969
0.4196428571428572,0.34307258199422547,ADMM,6,970
0.45238095238095233,0.37851472127237556,ADMM,6,971
0.5,0.38396828049463366,ADMM,6,972
0.38983050847457634,0.4303778943335005,ADMM,6,973
0.19444444444444442,0.3147198758977799,ADMM,6,974
0.509090909090909,0.605013323824962,ADMM,6,975
0.25,0.2669444958129782,ADMM,6,976
0.6754385964912281,0.5414282288567073,ADMM,6,977
0.8245614035087719,0.7607774361860132,ADMM,6,978
0.3571428571428572,0.3473386513462973,ADMM,6,979
0.032786885245901676,0.06094908023290398,ADMM,6,980
0.33333333333333326,0.43919404211911023,ADMM,6,981
0.21052631578947367,0.23659347277376694,ADMM,6,982
0.18181818181818188,0.23522642422988088,ADMM,6,983
0.28181818181818175,0.38487873663461275,ADMM,6,984
0.4642857142857143,0.40832983162450254,ADMM,6,985
0.4528301886792453,0.49514301755542967,ADMM,6,986
0.675,0.641960795068043,ADMM,6,987
0.2333333333333334,0.3623312742397032,ADMM,6,988
0.7796610169491526,0.5812083013434469,ADMM,6,989
0.8559322033898306,0.7248844084198083,ADMM,6,990
0.5338983050847458,0.5845213308118207,ADMM,6,991
0.3392857142857143,0.36505260808817946,ADMM,6,992
0.5689655172413793,0.6101090478218685,ADMM,6,993
0.7678571428571429,0.6400553356074237,ADMM,6,994
0.1454545454545455,0.2475314756925133,ADMM,6,995
0.10377358490566035,0.1559738105570292,ADMM,6,996
0.2583333333333333,0.2955438688900561,ADMM,6,997
0.31034482758620685,0.32364672822853063,ADMM,6,998
0.19090909090909092,0.1932321403595144,ADMM,6,999
0.3157894736842105,0.5132272631297387,ADMM,6,1000
0.5089285714285714,0.5615128313146873,ADMM,6,1001
0.6492537313432836,0.6559085869670621,ADMM,6,1002
0.5350877192982456,0.5947257649603839,ADMM,6,1003
0.17500000000000004,0.17695566852431577,ADMM,6,1004
0.5416666666666666,0.5635540610613167,ADMM,6,1005
0.5677966101694916,0.48994131672296304,ADMM,6,1006
0.24545454545454548,0.35120365235597395,ADMM,6,1007
0.6228070175438597,0.6256532483690594,ADMM,6,1008
0.2321428571428572,0.273909652813958,ADMM,6,1009
0.2410714285714286,0.2674870539353595,ADMM,6,1010
0.3125,0.43556786888568116,ADMM,6,1011
0.3125,0.3309674972873315,ADMM,6,1012
0.7844827586206896,0.6868111342928711,ADMM,6,1013
0.2924528301886793,0.29210329534303653,ADMM,6,1014
0.3770491803278688,0.44133705867917106,ADMM,6,1015
0.4913793103448276,0.46423287465778545,ADMM,6,1016
0.1272727272727272,0.23856248909606187,ADMM,6,1017
0.1785714285714286,0.35260728583759743,ADMM,6,1018
0.5681818181818182,0.561612511062411,ADMM,6,1019
0.2627118644067796,0.3121210950509856,ADMM,6,1020
0.23684210526315785,0.29843949802182207,ADMM,6,1021
0.27586206896551724,0.3178173106892041,ADMM,6,1022
0.4285714285714286,0.4248500222128647,ADMM,6,1023
0.19047619047619047,0.23664563177874684,ADMM,6,1024
0.13559322033898302,0.1687831359151378,ADMM,6,1025
0.4017857142857143,0.380121715847412,ADMM,6,1026
0.6818181818181818,0.49851787552590304,ADMM,6,1027
0.211864406779661,0.2500107189498118,ADMM,6,1028
0.35593220338983045,0.5519124769718888,ADMM,6,1029
0.3909090909090909,0.5133328724540408,ADMM,6,1030
0.47457627118644075,0.461631286919115,ADMM,6,1031
0.5714285714285714,0.6169926725937462,ADMM,6,1032
0.3305084745762712,0.32072469814824406,ADMM,6,1033
0.8,0.7670695279861104,ADMM,6,1034
0.5166666666666667,0.5455272185088016,ADMM,6,1035
0.20833333333333337,0.3103163858604248,ADMM,6,1036
0.44545454545454544,0.3471809663380238,ADMM,6,1037
0.04166666666666663,0.05462997435332223,ADMM,6,1038
0.39655172413793105,0.3922894622218777,ADMM,6,1039
0.23076923076923084,0.3191649186407812,ADMM,6,1040
0.20370370370370372,0.20886755332566279,ADMM,6,1041
0.30833333333333335,0.4369990950358823,ADMM,6,1042
0.44999999999999996,0.38942465454285075,ADMM,6,1043
0.38596491228070173,0.5268273148458866,ADMM,6,1044
0.6181818181818182,0.6112874742570432,ADMM,6,1045
0.25,0.26893035251547986,ADMM,6,1046
0.4083333333333333,0.3726713553616647,ADMM,6,1047
0.9210526315789473,0.6456952464696909,ADMM,6,1048
0.635593220338983,0.42986597840146107,ADMM,6,1049
0.06896551724137934,0.1597234128779779,ADMM,6,1050
0.21818181818181814,0.2804840246719666,ADMM,6,1051
0.22499999999999998,0.22204792261182624,ADMM,6,1052
0.45192307692307687,0.3491709902419176,ADMM,6,1053
0.3879310344827587,0.2843091705461928,ADMM,6,1054
0.5172413793103449,0.5416361667917071,ADMM,6,1055
0.19090909090909092,0.29752538315287613,ADMM,6,1056
0.4107142857142857,0.46296343766857107,ADMM,6,1057
0.27192982456140347,0.2980495622567519,ADMM,6,1058
0.35593220338983045,0.31435658826866103,ADMM,6,1059
0.37037037037037035,0.3928450406332706,ADMM,6,1060
0.3571428571428572,0.43417573829668454,ADMM,6,1061
0.08771929824561409,0.19466404229831943,ADMM,6,1062
0.26363636363636367,0.3742627881955529,ADMM,6,1063
0.2857142857142857,0.5205951707940893,ADMM,6,1064
0.06557377049180324,0.06914126819452249,ADMM,6,1065
0.17213114754098358,0.16135598208237142,ADMM,6,1066
0.04629629629629628,0.07303280449481643,ADMM,6,1067
0.010000000000000009,0.10014859611792253,ADMM,6,1068
0.21551724137931028,0.19539701233613233,ADMM,6,1069
0.0892857142857143,0.1326129380939805,ADMM,6,1070
0.07627118644067798,0.1450523958781969,ADMM,6,1071
0.14754098360655732,0.11428256273638825,ADMM,6,1072
0.3524590163934427,0.35595743969882626,ADMM,6,1073
0.1696428571428572,0.15258793154427042,ADMM,6,1074
0.6759259259259259,0.5654746403692549,ADMM,6,1075
0.35185185185185186,0.34166272268015996,ADMM,6,1076
0.21052631578947367,0.21737109944407906,ADMM,6,1077
0.40740740740740744,0.4042627479062132,ADMM,6,1078
0.5089285714285714,0.48341586927239444,ADMM,6,1079
0.3275862068965517,0.3492964983565494,ADMM,6,1080
0.33333333333333326,0.36051515880604973,ADMM,6,1081
0.5350877192982456,0.5090205685964942,ADMM,6,1082
0.2321428571428572,0.3948143177895259,ADMM,6,1083
0.7131147540983607,0.6306252675898307,ADMM,6,1084
0.2583333333333333,0.2742385421579145,ADMM,6,1085
0.2232142857142857,0.23124256860258732,ADMM,6,1086
0.3679245283018868,0.3860916370681628,ADMM,6,1087
0.5,0.4434870655161501,ADMM,6,1088
0.2767857142857143,0.25819395778168946,ADMM,6,1089
0.22499999999999998,0.24672810701500672,ADMM,6,1090
0.1071428571428571,0.16800439946154386,ADMM,6,1091
0.3771929824561404,0.34703727381512744,ADMM,6,1092
0.5,0.4643231804970618,ADMM,6,1093
0.1517857142857143,0.1872669509689008,ADMM,6,1094
0.2685185185185186,0.133557330939274,ADMM,6,1095
0.22413793103448276,0.2856225601910311,ADMM,6,1096
0.2407407407407407,0.2544391968741025,ADMM,6,1097
0.32692307692307687,0.2622012582796436,ADMM,6,1098
0.2931034482758621,0.25437008205049794,ADMM,6,1099
0.5847457627118644,0.5642816984814558,ADMM,6,1100
0.4,0.5046761510407126,ADMM,6,1101
0.2807017543859649,0.4333865189685509,ADMM,6,1102
0.3157894736842105,0.3130413240146044,ADMM,6,1103
0.2894736842105263,0.37928554805699566,ADMM,6,1104
0.3275862068965517,0.3565663583971492,ADMM,6,1105
0.3706896551724138,0.42438791121500985,ADMM,6,1106
0.2586206896551724,0.40613632255727655,ADMM,6,1107
0.24545454545454548,0.44215739789149255,ADMM,6,1108
0.49056603773584906,0.4453783321508009,ADMM,6,1109
0.3706896551724138,0.3822424864508775,ADMM,6,1110
0.5089285714285714,0.48102780140294216,ADMM,6,1111
0.5267857142857143,0.4699864029739108,ADMM,6,1112
0.4385964912280702,0.5142268200666625,ADMM,6,1113
0.13709677419354838,0.23579355101803046,ADMM,6,1114
0.43442622950819665,0.4638156562603825,ADMM,6,1115
0.3482142857142857,0.39098031941914274,ADMM,6,1116
0.16393442622950816,0.2415354900934285,ADMM,6,1117
0.2966101694915254,0.23331936601935005,ADMM,6,1118
0.532258064516129,0.5570478404242449,ADMM,6,1119
0.631578947368421,0.7159665154800138,ADMM,6,1120
0.3181818181818181,0.39042598523289446,ADMM,6,1121
0.27692307692307694,0.2657181352699565,ADMM,6,1122
0.3125,0.3203014163199691,ADMM,6,1123
0.4482758620689655,0.41268700785934787,ADMM,6,1124
0.4385964912280702,0.5351624513703076,ADMM,6,1125
0.2068965517241379,0.22590566886489782,ADMM,6,1126
0.7545454545454545,0.5483563184672924,ADMM,6,1127
0.1692307692307693,0.15107527194391898,ADMM,7,0
0.8507462686567164,0.7491831768884201,ADMM,7,1
0.24626865671641784,0.12745907172841886,ADMM,7,2
0.1691176470588236,0.16000073117873054,ADMM,7,3
0.09848484848484851,0.10280678864331448,ADMM,7,4
0.040983606557377095,0.059040731704084075,ADMM,7,5
0.543859649122807,0.47606795491134174,ADMM,7,6
0.25,0.32667731774690134,ADMM,7,7
0.3305084745762712,0.2911017473753441,ADMM,7,8
0.3671875,0.24049084722043304,ADMM,7,9
0.8484848484848485,0.6838832293332187,ADMM,7,10
0.2033898305084746,0.2210537460200662,ADMM,7,11
0.5970149253731343,0.49050499450553536,ADMM,7,12
0.1311475409836066,0.17005904399653665,ADMM,7,13
0.48461538461538467,0.445822684493686,ADMM,7,14
0.3046875,0.28330435601319254,ADMM,7,15
0.140625,0.11344003020707623,ADMM,7,16
0.26190476190476186,0.1780867497963577,ADMM,7,17
0.24590163934426235,0.24077005095581983,ADMM,7,18
0.11904761904761907,0.12488943650825286,ADMM,7,19
0.07627118644067798,0.05870392913822115,ADMM,7,20
0.38983050847457634,0.3200308624370989,ADMM,7,21
0.05084745762711862,0.07416301559460874,ADMM,7,22
0.17796610169491522,0.10502535922458776,ADMM,7,23
0.16393442622950816,0.17522376897514857,ADMM,7,24
0.0757575757575758,0.14191665294288938,ADMM,7,25
0.08870967741935487,0.08989383184584472,ADMM,7,26
0.1428571428571428,0.09954986064017243,ADMM,7,27
0.17796610169491522,0.1890789893791369,ADMM,7,28
0.11538461538461542,0.0858456401754012,ADMM,7,29
0.08196721311475408,0.09044471350459844,ADMM,7,30
0.1724137931034483,0.17241668205342306,ADMM,7,31
0.14655172413793105,0.16103234094331031,ADMM,7,32
0.056451612903225756,0.09336842401474876,ADMM,7,33
0.0793650793650793,0.08653073117255386,ADMM,7,34
0.3571428571428572,0.28125829827659027,ADMM,7,35
0.4076923076923077,0.35588402323326424,ADMM,7,36
0.16363636363636358,0.1333037825348546,ADMM,7,37
0.12068965517241381,0.13566537847667823,ADMM,7,38
0.19166666666666665,0.16512585392770954,ADMM,7,39
0.11111111111111116,0.10079934574883176,ADMM,7,40
0.08771929824561409,0.06057256629882325,ADMM,7,41
0.08208955223880599,0.08514750134978066,ADMM,7,42
0.265625,0.2518965181752465,ADMM,7,43
0.17460317460317465,0.12300842896589703,ADMM,7,44
0.15000000000000002,0.1523278719967458,ADMM,7,45
0.23809523809523814,0.21834566453708873,ADMM,7,46
0.3181818181818181,0.23998333163980065,ADMM,7,47
0.9761904761904762,0.8628144977121794,ADMM,7,48
0.10185185185185186,0.11056814088361804,ADMM,7,49
0.19444444444444442,0.18421925935105776,ADMM,7,50
0.11016949152542377,0.11665660592951232,ADMM,7,51
0.3070175438596492,0.30910673401348077,ADMM,7,52
0.10526315789473684,0.09801633253757285,ADMM,7,53
0.12878787878787878,0.22160472504968595,ADMM,7,54
0.0636363636363636,0.15718377811118195,ADMM,7,55
0.14754098360655732,0.17578477544871673,ADMM,7,56
0.5172413793103449,0.3890711841635513,ADMM,7,57
0.0803571428571429,0.14485574568996884,ADMM,7,58
0.16666666666666663,0.17339230891511745,ADMM,7,59
0.10833333333333339,0.12720837995328002,ADMM,7,60
0.05555555555555558,0.10547844259603442,ADMM,7,61
0.20491803278688525,0.20252383547298888,ADMM,7,62
0.045454545454545414,0.08467303928333966,ADMM,7,63
0.211864406779661,0.1243942161335132,ADMM,7,64
0.3015873015873016,0.25681612291245093,ADMM,7,65
0.2053571428571428,0.13156067586706077,ADMM,7,66
0.42105263157894735,0.4002369121833397,ADMM,7,67
0.12280701754385959,0.13064411380702176,ADMM,7,68
0.3090909090909091,0.268168344311662,ADMM,7,69
0.05833333333333335,0.09851719646801202,ADMM,7,70
0.1272727272727272,0.14989416868269623,ADMM,7,71
0.19354838709677424,0.17221101790509452,ADMM,7,72
0.07499999999999996,0.12024301972336739,ADMM,7,73
0.06779661016949157,0.06445554829570292,ADMM,7,74
0.07627118644067798,0.06907485525250007,ADMM,7,75
0.1637931034482758,0.12877990029311417,ADMM,7,76
0.17272727272727273,0.1746734805163572,ADMM,7,77
0.06034482758620685,0.09589044381802447,ADMM,7,78
0.15000000000000002,0.13113706103534822,ADMM,7,79
0.435483870967742,0.34612630955067675,ADMM,7,80
0.5526315789473685,0.39301425608948315,ADMM,7,81
0.06666666666666665,0.05825806773576057,ADMM,7,82
0.08196721311475408,0.16037424824952157,ADMM,7,83
0.2589285714285714,0.323539976290386,ADMM,7,84
0.1272727272727272,0.062244109340981894,ADMM,7,85
0.15322580645161288,0.1680008755004126,ADMM,7,86
0.13559322033898302,0.15413206868898435,ADMM,7,87
0.07547169811320753,0.1005337073274232,ADMM,7,88
0.07894736842105265,0.07453135699856875,ADMM,7,89
0.05737704918032782,0.05259960749989545,ADMM,7,90
0.07499999999999996,0.0684610423558962,ADMM,7,91
0.10909090909090913,0.12123177487284859,ADMM,7,92
0.3363636363636364,0.2282520916473439,ADMM,7,93
0.11016949152542377,0.1274462755014762,ADMM,7,94
0.1484375,0.10078208380681847,ADMM,7,95
0.09677419354838712,0.09842544887036395,ADMM,7,96
0.5338983050847458,0.511320187827651,ADMM,7,97
0.35964912280701755,0.3206144542107998,ADMM,7,98
0.16666666666666663,0.13005257553771188,ADMM,7,99
0.08771929824561409,0.15658918233709462,ADMM,7,100
0.7583333333333333,0.6516137653283293,ADMM,7,101
0.10833333333333339,0.08390337313688954,ADMM,7,102
0.47413793103448276,0.34907444932158843,ADMM,7,103
0.15254237288135597,0.1338603875848641,ADMM,7,104
0.3508771929824561,0.4634778699557547,ADMM,7,105
0.23684210526315785,0.3019534552146917,ADMM,7,106
0.14406779661016955,0.12916193224400738,ADMM,7,107
0.2192982456140351,0.15424732263519317,ADMM,7,108
0.1929824561403508,0.1837446820219689,ADMM,7,109
0.1160714285714286,0.08726769452328126,ADMM,7,110
0.1271186440677966,0.08293449889019647,ADMM,7,111
0.24561403508771928,0.21251355622181617,ADMM,7,112
0.07499999999999996,0.07627295917230917,ADMM,7,113
0.15254237288135597,0.19025563214978658,ADMM,7,114
0.12962962962962965,0.11840755327672643,ADMM,7,115
0.13636363636363635,0.1198468378258865,ADMM,7,116
0.0862068965517242,0.09948858331050522,ADMM,7,117
0.10344827586206895,0.14003351832446084,ADMM,7,118
0.2894736842105263,0.3231019319641056,ADMM,7,119
0.09090909090909094,0.10834507435980756,ADMM,7,120
0.11206896551724133,0.05643877683517648,ADMM,7,121
0.17272727272727273,0.1352143736733822,ADMM,7,122
0.20454545454545459,0.06932340540721108,ADMM,7,123
0.07894736842105265,0.14349375038566525,ADMM,7,124
0.1694915254237288,0.13504426351112983,ADMM,7,125
0.44067796610169485,0.28621008849983187,ADMM,7,126
0.46825396825396826,0.48324715778563215,ADMM,7,127
0.13157894736842102,0.12274229526201336,ADMM,7,128
0.2033898305084746,0.18536926743268053,ADMM,7,129
0.21311475409836067,0.13504696172447814,ADMM,7,130
0.0862068965517242,0.0939326300352326,ADMM,7,131
0.05263157894736836,0.04416685380111867,ADMM,7,132
0.1311475409836066,0.06651455267284263,ADMM,7,133
0.18333333333333335,0.27771757911484557,ADMM,7,134
0.0847457627118644,0.0643347443541607,ADMM,7,135
0.15740740740740744,0.09011236741407738,ADMM,7,136
0.13157894736842102,0.1830320714106642,ADMM,7,137
0.0423728813559322,0.10860911460354694,ADMM,7,138
0.17543859649122806,0.17970215714120893,ADMM,7,139
0.07627118644067798,0.11639558643065923,ADMM,7,140
0.2666666666666666,0.2758774532341174,ADMM,7,141
0.09259259259259256,0.07818478887106946,ADMM,7,142
0.23275862068965514,0.18701611052051545,ADMM,7,143
0.09999999999999998,0.13563494369264475,ADMM,7,144
0.15573770491803285,0.16986030873681052,ADMM,7,145
0.38596491228070173,0.3381835370308793,ADMM,7,146
0.05263157894736836,0.09660362967149907,ADMM,7,147
0.018181818181818188,0.15233146412813697,ADMM,7,148
0.08181818181818179,0.11042738275578874,ADMM,7,149
0.06140350877192979,0.10264981055005085,ADMM,7,150
0.10526315789473684,0.1492911020506095,ADMM,7,151
0.056451612903225756,0.08814532967499318,ADMM,7,152
0.05084745762711862,0.09350424881444609,ADMM,7,153
0.28688524590163933,0.2859833159731324,ADMM,7,154
0.14655172413793105,0.14184711507442874,ADMM,7,155
0.32407407407407407,0.3360066028867265,ADMM,7,156
0.1339285714285714,0.13976301763546004,ADMM,7,157
0.2909090909090909,0.26484561545387103,ADMM,7,158
0.01754385964912286,0.09321608383719758,ADMM,7,159
0.09166666666666667,0.1563128968644519,ADMM,7,160
0.05084745762711862,0.12518813186094238,ADMM,7,161
0.07758620689655171,0.0902902869521539,ADMM,7,162
0.08064516129032262,0.0800627181002423,ADMM,7,163
0.04385964912280704,0.09048172034503357,ADMM,7,164
0.1428571428571428,0.21035692452066915,ADMM,7,165
0.11818181818181817,0.13096591976317962,ADMM,7,166
0.05263157894736836,0.07881234008967497,ADMM,7,167
0.0431034482758621,0.1362534829947738,ADMM,7,168
0.2457627118644068,0.2699598220789076,ADMM,7,169
0.5258620689655172,0.40672368747834264,ADMM,7,170
0.05737704918032782,0.052484250802738226,ADMM,7,171
0.056451612903225756,0.15567446845841068,ADMM,7,172
0.2543859649122807,0.30907732811456445,ADMM,7,173
0.08196721311475408,0.08703142965629371,ADMM,7,174
0.14655172413793105,0.17305814658465155,ADMM,7,175
0.12280701754385959,0.20544018911258818,ADMM,7,176
0.050000000000000044,0.12593396279850974,ADMM,7,177
0.08196721311475408,0.08245534829177094,ADMM,7,178
0.025423728813559365,0.06206649785364691,ADMM,7,179
0.0267857142857143,0.09860696292424634,ADMM,7,180
0.11904761904761907,0.11117180823653627,ADMM,7,181
0.4732142857142857,0.47480162356050715,ADMM,7,182
0.22499999999999998,0.24284075551844087,ADMM,7,183
0.43965517241379315,0.29180530547666506,ADMM,7,184
0.868421052631579,0.8192422887494952,ADMM,7,185
0.2666666666666666,0.17896196973347817,ADMM,7,186
0.19491525423728817,0.2516173355941793,ADMM,7,187
0.31034482758620685,0.2196473840957375,ADMM,7,188
0.2589285714285714,0.3822549716931651,ADMM,7,189
0.37037037037037035,0.4149590474234123,ADMM,7,190
0.2931034482758621,0.426853152697424,ADMM,7,191
0.5083333333333333,0.40414444238318287,ADMM,7,192
0.4067796610169492,0.3247266633253172,ADMM,7,193
0.6454545454545455,0.5067974449701106,ADMM,7,194
0.32499999999999996,0.3498022316614632,ADMM,7,195
0.5526315789473685,0.3858514091894866,ADMM,7,196
0.2583333333333333,0.2392170173181274,ADMM,7,197
0.14035087719298245,0.1911800459171753,ADMM,7,198
0.6583333333333333,0.6770920057245993,ADMM,7,199
0.2272727272727273,0.2576061862688792,ADMM,7,200
0.5677966101694916,0.5177545674669278,ADMM,7,201
0.2727272727272727,0.3313534683479505,ADMM,7,202
0.2592592592592593,0.32632382033735,ADMM,7,203
0.4298245614035088,0.35082562899262715,ADMM,7,204
0.4019607843137255,0.3859349360365987,ADMM,7,205
0.28846153846153844,0.4423371437890119,ADMM,7,206
0.17307692307692313,0.3727344920609878,ADMM,7,207
0.13636363636363635,0.1861938808389026,ADMM,7,208
0.7105263157894737,0.6476613169537926,ADMM,7,209
0.3928571428571428,0.4543580739986729,ADMM,7,210
0.32407407407407407,0.3673762950220433,ADMM,7,211
0.33333333333333326,0.35911308116851937,ADMM,7,212
0.34745762711864403,0.26940223187532264,ADMM,7,213
0.3770491803278688,0.3238916483884676,ADMM,7,214
0.6517857142857143,0.5920730313812087,ADMM,7,215
0.2857142857142857,0.36298770584590806,ADMM,7,216
0.2068965517241379,0.2642322336724415,ADMM,7,217
0.375,0.4138856595301627,ADMM,7,218
0.10909090909090913,0.19702583624311648,ADMM,7,219
0.24137931034482762,0.2455885731679118,ADMM,7,220
0.8145161290322581,0.7838941687622102,ADMM,7,221
0.217741935483871,0.2924380562389065,ADMM,7,222
0.2222222222222222,0.32313747003772664,ADMM,7,223
0.2033898305084746,0.31696787363986023,ADMM,7,224
0.3706896551724138,0.4324391649980869,ADMM,7,225
0.23275862068965514,0.2188424143274232,ADMM,7,226
0.7767857142857143,0.6133109458345349,ADMM,7,227
0.6111111111111112,0.5966298722512853,ADMM,7,228
0.3508771929824561,0.37871126361911167,ADMM,7,229
0.15254237288135597,0.07862480634127868,ADMM,7,230
0.1785714285714286,0.178294501752543,ADMM,7,231
0.3125,0.29578164463195283,ADMM,7,232
0.27192982456140347,0.3024680007251847,ADMM,7,233
0.2264150943396226,0.2087168430523038,ADMM,7,234
0.2735849056603774,0.4071472139887669,ADMM,7,235
0.3728813559322034,0.4371726839244591,ADMM,7,236
0.19444444444444442,0.3076708438962342,ADMM,7,237
0.42592592592592593,0.4628543409138758,ADMM,7,238
0.23636363636363633,0.38403018478814616,ADMM,7,239
0.5081967213114754,0.5734849931641975,ADMM,7,240
0.2457627118644068,0.31774190242290706,ADMM,7,241
0.3392857142857143,0.3917882343600981,ADMM,7,242
0.3571428571428572,0.3351720045096949,ADMM,7,243
0.19166666666666665,0.17624211032906828,ADMM,7,244
0.21818181818181814,0.23974789447331463,ADMM,7,245
0.2767857142857143,0.3646245563754977,ADMM,7,246
0.5089285714285714,0.6124312355146613,ADMM,7,247
0.2543859649122807,0.28283346394377784,ADMM,7,248
0.2622950819672132,0.3973744916153501,ADMM,7,249
0.2192982456140351,0.3419294571983737,ADMM,7,250
0.42592592592592593,0.39083558153249504,ADMM,7,251
0.1416666666666666,0.33329002841795413,ADMM,7,252
0.3839285714285714,0.3722683640554061,ADMM,7,253
0.43103448275862066,0.45476744367079286,ADMM,7,254
0.07894736842105265,0.20089557153344578,ADMM,7,255
0.2457627118644068,0.33257523079583773,ADMM,7,256
0.17272727272727273,0.30476022819590376,ADMM,7,257
0.5648148148148148,0.2921509808871447,ADMM,7,258
0.2068965517241379,0.22955029047185294,ADMM,7,259
0.3017241379310345,0.4006595178039944,ADMM,7,260
0.10833333333333339,0.22097958509143442,ADMM,7,261
0.28181818181818175,0.2550439490728237,ADMM,7,262
0.5263157894736842,0.5559772545085592,ADMM,7,263
0.2547169811320755,0.33939481760836443,ADMM,7,264
0.35849056603773577,0.4138019141515005,ADMM,7,265
0.543859649122807,0.466451563367593,ADMM,7,266
0.15833333333333333,0.06460023610515056,ADMM,7,267
0.2592592592592593,0.24557522678237753,ADMM,7,268
0.4017857142857143,0.5410959595513609,ADMM,7,269
0.49122807017543857,0.45345610791281904,ADMM,7,270
0.08771929824561409,0.11329352178710823,ADMM,7,271
0.26363636363636367,0.28965921253810806,ADMM,7,272
0.25,0.28485938190691396,ADMM,7,273
0.38181818181818183,0.42906384499790184,ADMM,7,274
0.5377358490566038,0.552491000751442,ADMM,7,275
0.47413793103448276,0.488095548314622,ADMM,7,276
0.6090909090909091,0.45727866177876453,ADMM,7,277
0.5725806451612904,0.5079986940349118,ADMM,7,278
0.39830508474576276,0.4103921258221712,ADMM,7,279
0.6228070175438597,0.7003426772938461,ADMM,7,280
0.4833333333333334,0.5380805087496504,ADMM,7,281
0.1293103448275862,0.16301941059886058,ADMM,7,282
0.4811320754716981,0.5187257010696832,ADMM,7,283
0.2894736842105263,0.31341500514808407,ADMM,7,284
0.5603448275862069,0.5685284167848392,ADMM,7,285
0.575,0.4605938735399599,ADMM,7,286
0.5666666666666667,0.573110673464596,ADMM,7,287
0.368421052631579,0.4216410098928077,ADMM,7,288
0.21818181818181814,0.34971908530411505,ADMM,7,289
0.75,0.7527812971593455,ADMM,7,290
0.6944444444444444,0.7613536767562968,ADMM,7,291
0.24528301886792447,0.3499809546089744,ADMM,7,292
0.5089285714285714,0.5472797900864462,ADMM,7,293
0.967741935483871,0.9135652087895177,ADMM,7,294
0.4098360655737705,0.34826799149532134,ADMM,7,295
0.10169491525423724,0.0930545372822503,ADMM,7,296
0.423728813559322,0.3843646766572088,ADMM,7,297
0.2946428571428572,0.3735700531950893,ADMM,7,298
0.18103448275862066,0.23816007480426332,ADMM,7,299
0.4181818181818182,0.47967676000585224,ADMM,7,300
0.48245614035087714,0.47958539859611876,ADMM,7,301
0.3793103448275862,0.570256579938452,ADMM,7,302
0.6206896551724138,0.6767623224930186,ADMM,7,303
0.2033898305084746,0.23397957521633497,ADMM,7,304
0.4196428571428572,0.40920137689463193,ADMM,7,305
0.9098360655737705,0.7237659473918533,ADMM,7,306
0.639344262295082,0.4896390586689569,ADMM,7,307
0.38983050847457634,0.44906223001559614,ADMM,7,308
0.20192307692307687,0.1839052322789225,ADMM,7,309
0.16666666666666663,0.20834567007214014,ADMM,7,310
0.603448275862069,0.4938336161768873,ADMM,7,311
0.21052631578947367,0.25509817514610067,ADMM,7,312
0.42105263157894735,0.2702872161520523,ADMM,7,313
0.28301886792452824,0.2396729840338724,ADMM,7,314
0.3076923076923077,0.2838524253926131,ADMM,7,315
0.423728813559322,0.2470839219347149,ADMM,7,316
0.2596153846153846,0.15758152031705072,ADMM,7,317
0.38983050847457634,0.38277539685587875,ADMM,7,318
0.2142857142857143,0.17332102487941034,ADMM,7,319
0.17272727272727273,0.13452992946328982,ADMM,7,320
0.160377358490566,0.2664594921066197,ADMM,7,321
0.3839285714285714,0.2883189921847082,ADMM,7,322
0.29166666666666674,0.23728588828365296,ADMM,7,323
0.21296296296296302,0.1258248226131427,ADMM,7,324
0.2192982456140351,0.2074559020938578,ADMM,7,325
0.1875,0.14028874416047113,ADMM,7,326
0.18103448275862066,0.1406107586565108,ADMM,7,327
0.2685185185185186,0.12568342418600217,ADMM,7,328
0.2844827586206897,0.23862259180720313,ADMM,7,329
0.1696428571428572,0.1074498345311953,ADMM,7,330
0.10344827586206895,0.09588454795817541,ADMM,7,331
0.38181818181818183,0.2599695291324097,ADMM,7,332
0.19491525423728817,0.12365993395716991,ADMM,7,333
0.11403508771929827,0.13527175178738174,ADMM,7,334
0.46226415094339623,0.4009550584111179,ADMM,7,335
0.2090909090909091,0.16448556138374998,ADMM,7,336
0.38983050847457634,0.24886824916030761,ADMM,7,337
0.5,0.3518762484016049,ADMM,7,338
0.24193548387096775,0.20118285844734712,ADMM,7,339
0.3090909090909091,0.2395610603758423,ADMM,7,340
0.37735849056603776,0.23037219677731308,ADMM,7,341
0.15573770491803285,0.07874967703323457,ADMM,7,342
0.18181818181818188,0.12518853650060158,ADMM,7,343
0.6229508196721312,0.38616497860128274,ADMM,7,344
0.11864406779661019,0.10036910040012799,ADMM,7,345
0.19999999999999996,0.1381600139335415,ADMM,7,346
0.2592592592592593,0.17948759112016663,ADMM,7,347
0.32407407407407407,0.27514261896922765,ADMM,7,348
0.3220338983050848,0.29201023347027816,ADMM,7,349
0.4122807017543859,0.36085940195355304,ADMM,7,350
0.17924528301886788,0.2498267736480357,ADMM,7,351
0.5877192982456141,0.5256022730916986,ADMM,7,352
0.4285714285714286,0.355397801572493,ADMM,7,353
0.5803571428571429,0.529057541154816,ADMM,7,354
0.3620689655172413,0.35689322218413894,ADMM,7,355
0.42727272727272725,0.4601834534805901,ADMM,7,356
0.3508771929824561,0.3230556442005309,ADMM,7,357
0.41666666666666674,0.48291415901618145,ADMM,7,358
0.11290322580645162,0.14657703818570156,ADMM,7,359
0.19827586206896552,0.25766158458241706,ADMM,7,360
0.6833333333333333,0.5675864834335005,ADMM,7,361
0.16666666666666663,0.17603663701747557,ADMM,7,362
0.423728813559322,0.39819943118395884,ADMM,7,363
0.2068965517241379,0.22016960315689388,ADMM,7,364
0.26415094339622636,0.20593551532159893,ADMM,7,365
0.23275862068965514,0.35580053282961843,ADMM,7,366
0.5298507462686567,0.5192045931155539,ADMM,7,367
0.5084745762711864,0.4085090929181183,ADMM,7,368
0.2704918032786885,0.36722152884207304,ADMM,7,369
0.11864406779661019,0.12642986435527978,ADMM,7,370
0.5865384615384616,0.49889220226257824,ADMM,7,371
0.2542372881355932,0.29790833828238433,ADMM,7,372
0.31896551724137934,0.3213320607601424,ADMM,7,373
0.2338709677419355,0.3460266735690322,ADMM,7,374
0.13207547169811318,0.2609069058310626,ADMM,7,375
0.5701754385964912,0.5139400861814085,ADMM,7,376
0.4363636363636363,0.4006652994204385,ADMM,7,377
0.31034482758620685,0.31144924068400653,ADMM,7,378
0.21969696969696972,0.20146955382727041,ADMM,7,379
0.30833333333333335,0.3642123209530352,ADMM,7,380
0.10526315789473684,0.11404198611866637,ADMM,7,381
0.2321428571428572,0.2302194037214859,ADMM,7,382
0.7946428571428571,0.8319017817024436,ADMM,7,383
0.3359375,0.26067977114139007,ADMM,7,384
0.2857142857142857,0.3266030546800472,ADMM,7,385
0.46226415094339623,0.4574878164258171,ADMM,7,386
0.33606557377049184,0.5215175157783533,ADMM,7,387
0.36111111111111116,0.22073235071541483,ADMM,7,388
0.2966101694915254,0.23631039571291812,ADMM,7,389
0.5086206896551724,0.4563683969452348,ADMM,7,390
0.2033898305084746,0.37322942373540746,ADMM,7,391
0.2192982456140351,0.23746770943770912,ADMM,7,392
0.5803571428571429,0.6478666081233325,ADMM,7,393
0.33333333333333326,0.37489214577632796,ADMM,7,394
0.2807017543859649,0.3666882684317525,ADMM,7,395
0.3070175438596492,0.28142915320142,ADMM,7,396
0.43965517241379315,0.4853802306726013,ADMM,7,397
0.4285714285714286,0.526533256252062,ADMM,7,398
0.1785714285714286,0.23937635387466205,ADMM,7,399
0.287037037037037,0.34387780655771594,ADMM,7,400
0.23728813559322037,0.24607270186510538,ADMM,7,401
0.25,0.3982417519051413,ADMM,7,402
0.34905660377358494,0.40353630853195227,ADMM,7,403
0.3070175438596492,0.29033685021826805,ADMM,7,404
0.26363636363636367,0.3906110117249655,ADMM,7,405
0.2232142857142857,0.25011796814292836,ADMM,7,406
0.33018867924528306,0.4451818138086168,ADMM,7,407
0.27450980392156865,0.46739422928902274,ADMM,7,408
0.2627118644067796,0.31848497491607564,ADMM,7,409
0.26363636363636367,0.38623581890234987,ADMM,7,410
0.4636363636363636,0.48763867134373884,ADMM,7,411
0.43965517241379315,0.34113065607982046,ADMM,7,412
0.21551724137931028,0.28095810511873204,ADMM,7,413
0.3916666666666666,0.4274328609954332,ADMM,7,414
0.21666666666666667,0.373432851212813,ADMM,7,415
0.39473684210526316,0.22969149386106344,ADMM,7,416
0.2857142857142857,0.44568333632606294,ADMM,7,417
0.26190476190476186,0.3408706918119708,ADMM,7,418
0.1964285714285714,0.3055781978146229,ADMM,7,419
0.31034482758620685,0.3839150580793608,ADMM,7,420
0.20370370370370372,0.24734407321320723,ADMM,7,421
0.13157894736842102,0.2989223944349702,ADMM,7,422
0.4385964912280702,0.5170845208272793,ADMM,7,423
0.5892857142857143,0.6166002803328523,ADMM,7,424
0.27586206896551724,0.27634434605564484,ADMM,7,425
0.3793103448275862,0.37864145315085934,ADMM,7,426
0.23728813559322037,0.2914500445816624,ADMM,7,427
0.4537037037037037,0.5204709850115975,ADMM,7,428
0.31034482758620685,0.3467189059334689,ADMM,7,429
0.2410714285714286,0.39063978606137617,ADMM,7,430
0.421875,0.48402372003880867,ADMM,7,431
0.5,0.5147907456154043,ADMM,7,432
0.3909090909090909,0.4297566114830871,ADMM,7,433
0.3157894736842105,0.34156027929302313,ADMM,7,434
0.4568965517241379,0.45533576560521094,ADMM,7,435
0.21052631578947367,0.24213551347752366,ADMM,7,436
0.24137931034482762,0.30329228693471594,ADMM,7,437
0.12264150943396224,0.19461210568787407,ADMM,7,438
0.36363636363636365,0.3895543589837399,ADMM,7,439
0.3571428571428572,0.3175391666797358,ADMM,7,440
0.5703125,0.3687563371541064,ADMM,7,441
0.3416666666666667,0.40013302243840093,ADMM,7,442
0.22499999999999998,0.323047389208979,ADMM,7,443
0.5982142857142857,0.5283090609619049,ADMM,7,444
0.39473684210526316,0.4752627614249244,ADMM,7,445
0.1454545454545455,0.19458299688355243,ADMM,7,446
0.2457627118644068,0.30507336632609383,ADMM,7,447
0.5,0.4551092653214457,ADMM,7,448
0.4426229508196722,0.3746213067967196,ADMM,7,449
0.07627118644067798,0.08214134108072396,ADMM,7,450
0.27192982456140347,0.28003792637578184,ADMM,7,451
0.1637931034482758,0.2536090201948899,ADMM,7,452
0.20370370370370372,0.17166130293986298,ADMM,7,453
0.3214285714285714,0.2790337832886159,ADMM,7,454
0.2232142857142857,0.3188997350348492,ADMM,7,455
0.3909090909090909,0.3677569668006164,ADMM,7,456
0.44166666666666665,0.5026013216591733,ADMM,7,457
0.23684210526315785,0.23868133124295587,ADMM,7,458
0.39830508474576276,0.4688077058162857,ADMM,7,459
0.3790322580645161,0.47398298911655706,ADMM,7,460
0.4811320754716981,0.4879589928856186,ADMM,7,461
0.14754098360655732,0.15942825587803636,ADMM,7,462
0.6363636363636364,0.5497211672583673,ADMM,7,463
0.3771929824561404,0.253179400042719,ADMM,7,464
0.4772727272727273,0.5027072724252629,ADMM,7,465
0.4482758620689655,0.3355658948942214,ADMM,7,466
0.2295081967213115,0.228025149474382,ADMM,7,467
0.3412698412698413,0.3816530414375093,ADMM,7,468
0.4098360655737705,0.35121945222253914,ADMM,7,469
0.06896551724137934,0.12364798860449543,ADMM,7,470
0.10909090909090913,0.07898540912315774,ADMM,7,471
0.42105263157894735,0.30260665059260705,ADMM,7,472
0.09482758620689657,0.1360282173951362,ADMM,7,473
0.13559322033898302,0.19018220612709855,ADMM,7,474
0.31034482758620685,0.23334241813367257,ADMM,7,475
0.28181818181818175,0.2686455942462565,ADMM,7,476
0.19827586206896552,0.1785049645265847,ADMM,7,477
0.15573770491803285,0.17025147683220399,ADMM,7,478
0.2894736842105263,0.1924839459802542,ADMM,7,479
0.1842105263157895,0.10412140576491567,ADMM,7,480
0.1607142857142857,0.09926577757407012,ADMM,7,481
0.35344827586206895,0.32174013383538597,ADMM,7,482
0.2016129032258065,0.19507781878283087,ADMM,7,483
0.19999999999999996,0.13019582767242444,ADMM,7,484
0.27966101694915246,0.19199220654763,ADMM,7,485
0.25,0.23612183097569986,ADMM,7,486
0.7105263157894737,0.6366170164740371,ADMM,7,487
0.36363636363636365,0.28270903463156577,ADMM,7,488
0.125,0.12739508497655497,ADMM,7,489
0.5,0.4336226618060335,ADMM,7,490
0.15454545454545454,0.18133714851585758,ADMM,7,491
0.07017543859649122,0.061370057722087486,ADMM,7,492
0.1484375,0.16561538502173903,ADMM,7,493
0.3813559322033898,0.32521560602467503,ADMM,7,494
0.2586206896551724,0.14150853531191748,ADMM,7,495
0.16666666666666663,0.15288441808292658,ADMM,7,496
0.525,0.38685663088299876,ADMM,7,497
0.26724137931034475,0.30161636928901825,ADMM,7,498
0.3660714285714286,0.4821701484987245,ADMM,7,499
0.2592592592592593,0.26894473321461243,ADMM,7,500
0.27586206896551724,0.2650876332151114,ADMM,7,501
0.296875,0.32501199747058435,ADMM,7,502
0.27586206896551724,0.39420234765892737,ADMM,7,503
0.3214285714285714,0.3246007474892631,ADMM,7,504
0.5789473684210527,0.4521283220195597,ADMM,7,505
0.4528301886792453,0.41144859694415237,ADMM,7,506
0.5423728813559322,0.5319800886297973,ADMM,7,507
0.3214285714285714,0.33448806021532074,ADMM,7,508
0.5666666666666667,0.4830582916392456,ADMM,7,509
0.3363636363636364,0.49306869446242413,ADMM,7,510
0.2058823529411764,0.35696161174230145,ADMM,7,511
0.543859649122807,0.5915252381353553,ADMM,7,512
0.2232142857142857,0.2318889676741126,ADMM,7,513
0.1454545454545455,0.29024080090740606,ADMM,7,514
0.27192982456140347,0.43293534600009015,ADMM,7,515
0.29824561403508776,0.380502198947996,ADMM,7,516
0.3909090909090909,0.39856373262489464,ADMM,7,517
0.19444444444444442,0.2870768907239959,ADMM,7,518
0.2068965517241379,0.28575157799370904,ADMM,7,519
0.435483870967742,0.4412820945226252,ADMM,7,520
0.32499999999999996,0.3040419932786388,ADMM,7,521
0.25,0.14896544816039878,ADMM,7,522
0.4482758620689655,0.359642342948632,ADMM,7,523
0.5,0.4542187273416213,ADMM,7,524
0.3846153846153846,0.44446637278778905,ADMM,7,525
0.4107142857142857,0.4294990301555337,ADMM,7,526
0.6311475409836066,0.5440329817291586,ADMM,7,527
0.40909090909090917,0.46432782704046616,ADMM,7,528
0.2807017543859649,0.3670574422080058,ADMM,7,529
0.15254237288135597,0.27374010476650296,ADMM,7,530
0.2314814814814815,0.3037947045653927,ADMM,7,531
0.2786885245901639,0.394307288988382,ADMM,7,532
0.4916666666666667,0.6016989632957965,ADMM,7,533
0.6349206349206349,0.6429488205201678,ADMM,7,534
0.6057692307692307,0.6205992065007485,ADMM,7,535
0.5714285714285714,0.6017505834280394,ADMM,7,536
0.3727272727272728,0.44743301800484414,ADMM,7,537
0.5789473684210527,0.6194242103958892,ADMM,7,538
0.20833333333333337,0.2657861128183595,ADMM,7,539
0.211864406779661,0.22334944474460686,ADMM,7,540
0.2767857142857143,0.3766594159162785,ADMM,7,541
0.20175438596491224,0.22022920285046968,ADMM,7,542
0.18867924528301883,0.22181011067971257,ADMM,7,543
0.3392857142857143,0.3679371283366339,ADMM,7,544
0.35344827586206895,0.38424194968121117,ADMM,7,545
0.4035087719298245,0.449162040522009,ADMM,7,546
0.3928571428571428,0.5092292751042025,ADMM,7,547
0.6296296296296297,0.386840521136936,ADMM,7,548
0.29824561403508776,0.34660902509820757,ADMM,7,549
0.19047619047619047,0.2293186518395581,ADMM,7,550
0.4568965517241379,0.41624133060777,ADMM,7,551
0.39655172413793105,0.34371117717138616,ADMM,7,552
0.39423076923076916,0.379697837775662,ADMM,7,553
0.47115384615384615,0.35770217345625177,ADMM,7,554
0.19090909090909092,0.22608523925544768,ADMM,7,555
0.6754385964912281,0.6116331129425231,ADMM,7,556
0.5086206896551724,0.38548032018235195,ADMM,7,557
0.23728813559322037,0.21986715183859873,ADMM,7,558
0.4528301886792453,0.4521232455727444,ADMM,7,559
0.2627118644067796,0.28424800963508895,ADMM,7,560
0.13888888888888884,0.18775986060982533,ADMM,7,561
0.368421052631579,0.46700834365824434,ADMM,7,562
0.4568965517241379,0.40419821709912623,ADMM,7,563
0.22807017543859653,0.34600517692844274,ADMM,7,564
0.41666666666666674,0.46539403253926187,ADMM,7,565
0.3362068965517242,0.45184113246509305,ADMM,7,566
0.6578947368421053,0.5994110952204149,ADMM,7,567
0.5350877192982456,0.4984031847138526,ADMM,7,568
0.7543859649122807,0.7427780960986428,ADMM,7,569
0.4636363636363636,0.5682547340310848,ADMM,7,570
0.631578947368421,0.6470834310949668,ADMM,7,571
0.30645161290322576,0.3484260277027393,ADMM,7,572
0.287037037037037,0.35320958265918034,ADMM,7,573
0.2592592592592593,0.32178524270659226,ADMM,7,574
0.26415094339622636,0.20358881226053702,ADMM,7,575
0.18333333333333335,0.14189314017519927,ADMM,7,576
0.7166666666666667,0.5991872208124318,ADMM,7,577
0.5877192982456141,0.38892293834324254,ADMM,7,578
0.6181818181818182,0.6592602887155975,ADMM,7,579
0.5416666666666666,0.4601702918877544,ADMM,7,580
0.4181818181818182,0.45973706466692443,ADMM,7,581
0.6785714285714286,0.5854152729554181,ADMM,7,582
0.3363636363636364,0.3756901694758794,ADMM,7,583
0.2333333333333334,0.34170690905341533,ADMM,7,584
0.5901639344262295,0.43899937021638724,ADMM,7,585
0.39622641509433965,0.4478943061501989,ADMM,7,586
0.5847457627118644,0.5614328088036699,ADMM,7,587
0.09482758620689657,0.07513407333777217,ADMM,7,588
0.4298245614035088,0.4422511453042283,ADMM,7,589
0.3879310344827587,0.4313682406824522,ADMM,7,590
0.2053571428571428,0.2148164949636388,ADMM,7,591
0.3303571428571428,0.39653476858367087,ADMM,7,592
0.25,0.36611805399017117,ADMM,7,593
0.1875,0.2468532473022804,ADMM,7,594
0.825,0.8023162399838254,ADMM,7,595
0.3879310344827587,0.3420922078322013,ADMM,7,596
0.5849056603773585,0.5104196820893712,ADMM,7,597
0.4152542372881356,0.5267438989909661,ADMM,7,598
0.2589285714285714,0.36530965888032774,ADMM,7,599
0.4918032786885246,0.3780220870302856,ADMM,7,600
0.6833333333333333,0.637604118173889,ADMM,7,601
0.603448275862069,0.5157104753274308,ADMM,7,602
0.6363636363636364,0.5696262313406185,ADMM,7,603
0.34905660377358494,0.36874126276267316,ADMM,7,604
0.23728813559322037,0.25088406255706874,ADMM,7,605
0.21052631578947367,0.24947061433420645,ADMM,7,606
0.31896551724137934,0.30920600082509464,ADMM,7,607
0.2421875,0.2005966429946665,ADMM,7,608
0.4722222222222222,0.41961087131946145,ADMM,7,609
0.38181818181818183,0.26183933517911895,ADMM,7,610
0.6339285714285714,0.5850177722730701,ADMM,7,611
0.4285714285714286,0.35618927612870366,ADMM,7,612
0.4035087719298245,0.3658032455722974,ADMM,7,613
0.5089285714285714,0.5178619849980002,ADMM,7,614
0.3113207547169812,0.27422897952921543,ADMM,7,615
0.17592592592592593,0.21706616939880882,ADMM,7,616
0.21818181818181814,0.2783716270411784,ADMM,7,617
0.7545454545454545,0.6766847964934843,ADMM,7,618
0.5471698113207547,0.37223710005031413,ADMM,7,619
0.11206896551724133,0.11717308734951563,ADMM,7,620
0.6810344827586207,0.5885881020251185,ADMM,7,621
0.17924528301886788,0.20290938059980487,ADMM,7,622
0.09322033898305082,0.17870586500191765,ADMM,7,623
0.3157894736842105,0.2847149637446719,ADMM,7,624
0.3660714285714286,0.305125012350001,ADMM,7,625
0.1885245901639344,0.2522612118984661,ADMM,7,626
0.5350877192982456,0.5967846393233694,ADMM,7,627
0.44999999999999996,0.3735350041235447,ADMM,7,628
0.31034482758620685,0.17489227224334522,ADMM,7,629
0.5423728813559322,0.5439697789348533,ADMM,7,630
0.46031746031746024,0.4657767427230672,ADMM,7,631
0.4035087719298245,0.42419899180658655,ADMM,7,632
0.6140350877192983,0.5847386435183187,ADMM,7,633
0.4642857142857143,0.46933616280203777,ADMM,7,634
0.2946428571428572,0.3891452360861901,ADMM,7,635
0.27966101694915246,0.398277414804267,ADMM,7,636
0.37735849056603776,0.301321338441232,ADMM,7,637
0.29166666666666674,0.37612898553465735,ADMM,7,638
0.2338709677419355,0.321326592554198,ADMM,7,639
0.4818181818181818,0.38289810766504023,ADMM,7,640
0.4537037037037037,0.42765586308714176,ADMM,7,641
0.43103448275862066,0.39624250110693865,ADMM,7,642
0.3545454545454545,0.483467220967119,ADMM,7,643
0.3727272727272728,0.595719540329938,ADMM,7,644
0.3070175438596492,0.34132395799517246,ADMM,7,645
0.3090909090909091,0.35653884168384214,ADMM,7,646
0.5,0.5532224231997439,ADMM,7,647
0.34905660377358494,0.4672241950145895,ADMM,7,648
0.5,0.4271459890128753,ADMM,7,649
0.39814814814814814,0.3749440826656234,ADMM,7,650
0.17543859649122806,0.2636262955242887,ADMM,7,651
0.7982456140350878,0.6465577872565568,ADMM,7,652
0.47540983606557374,0.5258346802306259,ADMM,7,653
0.21311475409836067,0.2568432218217507,ADMM,7,654
0.3771929824561404,0.5321221071628134,ADMM,7,655
0.20967741935483875,0.27636878041573576,ADMM,7,656
0.2232142857142857,0.23568722811693016,ADMM,7,657
0.4655172413793103,0.48913373662503135,ADMM,7,658
0.34615384615384615,0.3479487258633341,ADMM,7,659
0.3728813559322034,0.3471173191333221,ADMM,7,660
0.4722222222222222,0.4780904878647302,ADMM,7,661
0.4051724137931034,0.46824749679894606,ADMM,7,662
0.49122807017543857,0.4871045642030131,ADMM,7,663
0.9224137931034483,0.8606772707203774,ADMM,7,664
0.2192982456140351,0.23886860152511555,ADMM,7,665
0.4083333333333333,0.4112594911512433,ADMM,7,666
0.17272727272727273,0.24287182608153673,ADMM,7,667
0.27118644067796605,0.36019007008037524,ADMM,7,668
0.24561403508771928,0.24959313480539388,ADMM,7,669
0.3909090909090909,0.42000085497975365,ADMM,7,670
0.2547169811320755,0.2737976992876226,ADMM,7,671
0.7142857142857143,0.6628776668714393,ADMM,7,672
0.6551724137931034,0.6987577469243219,ADMM,7,673
0.3278688524590163,0.3466002653093225,ADMM,7,674
0.5083333333333333,0.5305109839023668,ADMM,7,675
0.1785714285714286,0.24660082260647156,ADMM,7,676
0.22807017543859653,0.26973122818151013,ADMM,7,677
0.1923076923076923,0.2980570000691887,ADMM,7,678
0.631578947368421,0.5787910975307745,ADMM,7,679
0.8947368421052632,0.777915875828703,ADMM,7,680
0.10169491525423724,0.07637206287745127,ADMM,7,681
0.4491525423728814,0.40292355099134514,ADMM,7,682
0.2090909090909091,0.20843780084081076,ADMM,7,683
0.1929824561403508,0.30290967013923215,ADMM,7,684
0.2844827586206897,0.2559461865484814,ADMM,7,685
0.31896551724137934,0.3979434783992273,ADMM,7,686
0.12037037037037035,0.22171539492808898,ADMM,7,687
0.525,0.5688155311353322,ADMM,7,688
0.35964912280701755,0.3409379424650602,ADMM,7,689
0.2983870967741935,0.39306309126848693,ADMM,7,690
0.6166666666666667,0.5652433425872779,ADMM,7,691
0.5901639344262295,0.534858931558838,ADMM,7,692
0.5350877192982456,0.5484234608377243,ADMM,7,693
0.36440677966101687,0.4523560906805106,ADMM,7,694
0.2807017543859649,0.34836642223733133,ADMM,7,695
0.22413793103448276,0.2338464355002058,ADMM,7,696
0.6,0.49561014242201973,ADMM,7,697
0.2777777777777778,0.18164878674233564,ADMM,7,698
0.6578947368421053,0.6493120028485574,ADMM,7,699
0.4363636363636363,0.39603059694872095,ADMM,7,700
0.39655172413793105,0.46686495018549623,ADMM,7,701
0.4067796610169492,0.3985290544596519,ADMM,7,702
0.2931034482758621,0.4294974861920764,ADMM,7,703
0.29166666666666674,0.42080713477183906,ADMM,7,704
0.3125,0.42032861686635953,ADMM,7,705
0.34259259259259256,0.4276808667903365,ADMM,7,706
0.4298245614035088,0.4058855982944568,ADMM,7,707
0.5727272727272728,0.5786768137661634,ADMM,7,708
0.42307692307692313,0.4153400285432156,ADMM,7,709
0.10344827586206895,0.05457328828976255,ADMM,7,710
0.6428571428571429,0.5777676819556732,ADMM,7,711
0.5416666666666666,0.6213371398562396,ADMM,7,712
0.2033898305084746,0.17731143275362343,ADMM,7,713
0.7203389830508474,0.64188200856008,ADMM,7,714
0.2767857142857143,0.3288340458668824,ADMM,7,715
0.2142857142857143,0.2978300366417811,ADMM,7,716
0.5357142857142857,0.6224787739123593,ADMM,7,717
0.2421875,0.3406767107030705,ADMM,7,718
0.4351851851851851,0.3672130807233236,ADMM,7,719
0.31896551724137934,0.3925059099919386,ADMM,7,720
0.19999999999999996,0.33209229963492776,ADMM,7,721
0.1610169491525424,0.2915966736502211,ADMM,7,722
0.375,0.4369922162551658,ADMM,7,723
0.1428571428571428,0.19222404185003233,ADMM,7,724
0.2946428571428572,0.3235542483248141,ADMM,7,725
0.10377358490566035,0.18735094270956745,ADMM,7,726
0.2946428571428572,0.3570429147032731,ADMM,7,727
0.2857142857142857,0.33888075408572915,ADMM,7,728
0.7719298245614035,0.6592356752330514,ADMM,7,729
0.7166666666666667,0.7416714082132847,ADMM,7,730
0.4137931034482758,0.3398226470296489,ADMM,7,731
0.46226415094339623,0.5066180982849142,ADMM,7,732
0.2410714285714286,0.27938036564120206,ADMM,7,733
0.2589285714285714,0.3138262721698115,ADMM,7,734
0.2807017543859649,0.3758873088730391,ADMM,7,735
0.44545454545454544,0.4431089867111786,ADMM,7,736
0.8706896551724138,0.6991676978250229,ADMM,7,737
0.018181818181818188,0.09051788766539776,ADMM,7,738
0.5701754385964912,0.5220230225622224,ADMM,7,739
0.2407407407407407,0.20811900338840567,ADMM,7,740
0.20370370370370372,0.22508467040418453,ADMM,7,741
0.3545454545454545,0.34421589223001403,ADMM,7,742
0.2547169811320755,0.3632179598213167,ADMM,7,743
0.13636363636363635,0.23327304260216,ADMM,7,744
0.4913793103448276,0.6017844865628674,ADMM,7,745
0.24561403508771928,0.3537157746619727,ADMM,7,746
0.603448275862069,0.5552709709935373,ADMM,7,747
0.5526315789473685,0.5051511970659615,ADMM,7,748
0.38888888888888884,0.4058422256647256,ADMM,7,749
0.35964912280701755,0.5116813753327056,ADMM,7,750
0.3545454545454545,0.3180765046342658,ADMM,7,751
0.5272727272727272,0.6099192910334186,ADMM,7,752
0.4907407407407407,0.4583173305584072,ADMM,7,753
0.4351851851851851,0.49305611555029766,ADMM,7,754
0.5789473684210527,0.5929050893262707,ADMM,7,755
0.35964912280701755,0.49187076614169645,ADMM,7,756
0.16666666666666663,0.25805723979457956,ADMM,7,757
0.2857142857142857,0.30454588005104655,ADMM,7,758
0.5576923076923077,0.5584741674573048,ADMM,7,759
0.6403508771929824,0.6394135452478827,ADMM,7,760
0.3363636363636364,0.37817281228113964,ADMM,7,761
0.6160714285714286,0.5843095653193418,ADMM,7,762
0.5446428571428571,0.6375061583694822,ADMM,7,763
0.27966101694915246,0.3607047850691229,ADMM,7,764
0.3306451612903225,0.33209382406703797,ADMM,7,765
0.18867924528301883,0.24767634868625538,ADMM,7,766
0.4375,0.466142938190572,ADMM,7,767
0.509090909090909,0.4307916075746766,ADMM,7,768
0.3771929824561404,0.5312632287761517,ADMM,7,769
0.43103448275862066,0.49120855775744143,ADMM,7,770
0.4056603773584906,0.5202011440136466,ADMM,7,771
0.5267857142857143,0.6448765377774323,ADMM,7,772
0.25,0.17212570290001514,ADMM,7,773
0.4818181818181818,0.4612719851184602,ADMM,7,774
0.6759259259259259,0.59543174753935,ADMM,7,775
0.287037037037037,0.353666873202165,ADMM,7,776
0.09523809523809523,0.08905942708064939,ADMM,7,777
0.4224137931034483,0.44584263154643206,ADMM,7,778
0.2909090909090909,0.25977813604426586,ADMM,7,779
0.27192982456140347,0.3458144433587775,ADMM,7,780
0.3771929824561404,0.43306141470039033,ADMM,7,781
0.5094339622641509,0.49053471692870915,ADMM,7,782
0.3545454545454545,0.44959834582287417,ADMM,7,783
0.13492063492063489,0.24227170444771612,ADMM,7,784
0.55,0.5203710518254228,ADMM,7,785
0.45614035087719296,0.46394898464712025,ADMM,7,786
0.2410714285714286,0.23023502837443965,ADMM,7,787
0.288135593220339,0.4132692091686591,ADMM,7,788
0.35344827586206895,0.4873548682576645,ADMM,7,789
0.5614035087719298,0.5743348138226386,ADMM,7,790
0.1428571428571428,0.10984353967569928,ADMM,7,791
0.3214285714285714,0.33032010242797083,ADMM,7,792
0.2314814814814815,0.21118186175713252,ADMM,7,793
0.4553571428571428,0.28252022715945924,ADMM,7,794
0.3017241379310345,0.3918759209612024,ADMM,7,795
0.4716981132075472,0.4042899741636263,ADMM,7,796
0.49122807017543857,0.5043053422614628,ADMM,7,797
0.4,0.5047460899701884,ADMM,7,798
0.18867924528301883,0.3185013829080702,ADMM,7,799
0.3070175438596492,0.4801316352350645,ADMM,7,800
0.38983050847457634,0.5521792153739025,ADMM,7,801
0.4553571428571428,0.47577391292509985,ADMM,7,802
0.2416666666666667,0.1655253439300824,ADMM,7,803
0.6186440677966102,0.6213656933578424,ADMM,7,804
0.26724137931034475,0.3558906390690636,ADMM,7,805
0.17592592592592593,0.24407554310471447,ADMM,7,806
0.1637931034482758,0.24948240517886652,ADMM,7,807
0.22881355932203395,0.26725514322962873,ADMM,7,808
0.1311475409836066,0.21418312629930672,ADMM,7,809
0.1271186440677966,0.13203801404235274,ADMM,7,810
0.185483870967742,0.1694955423267304,ADMM,7,811
0.8909090909090909,0.7415684331644448,ADMM,7,812
0.5175438596491229,0.439790321446007,ADMM,7,813
0.09090909090909094,0.14954648325638606,ADMM,7,814
0.17272727272727273,0.2617845061805285,ADMM,7,815
0.6,0.6346877941733988,ADMM,7,816
0.16666666666666663,0.15741314345727359,ADMM,7,817
0.7807017543859649,0.5888507915784138,ADMM,7,818
0.2627118644067796,0.43400401243750597,ADMM,7,819
0.2589285714285714,0.242504395206693,ADMM,7,820
0.2962962962962963,0.34049341351191054,ADMM,7,821
0.18103448275862066,0.14212275115087794,ADMM,7,822
0.11864406779661019,0.1958732720724952,ADMM,7,823
0.6428571428571429,0.5449240456364143,ADMM,7,824
0.2033898305084746,0.19668117727881537,ADMM,7,825
0.11403508771929827,0.20590790886277682,ADMM,7,826
0.3660714285714286,0.2917612053393944,ADMM,7,827
0.2661290322580645,0.4101905428244877,ADMM,7,828
0.27966101694915246,0.4021823437119497,ADMM,7,829
0.3055555555555556,0.4669583714690748,ADMM,7,830
0.3090909090909091,0.41094355052391546,ADMM,7,831
0.29807692307692313,0.4015603165478642,ADMM,7,832
0.15833333333333333,0.30601380381328225,ADMM,7,833
0.3017241379310345,0.33152807257054795,ADMM,7,834
0.3870967741935484,0.3392234788750734,ADMM,7,835
0.23584905660377364,0.2803209001839622,ADMM,7,836
0.2457627118644068,0.3210706469680813,ADMM,7,837
0.41666666666666674,0.4966319591824384,ADMM,7,838
0.4017857142857143,0.5228566279623458,ADMM,7,839
0.047169811320754707,0.07302658462108798,ADMM,7,840
0.27118644067796605,0.21324423881706528,ADMM,7,841
0.2767857142857143,0.2984736456114748,ADMM,7,842
0.3125,0.37998036138396857,ADMM,7,843
0.6271186440677966,0.5054322802721203,ADMM,7,844
0.5714285714285714,0.5331723792702996,ADMM,7,845
0.75,0.6159287513435359,ADMM,7,846
0.3018867924528301,0.4305030913061671,ADMM,7,847
0.2407407407407407,0.3244937710871397,ADMM,7,848
0.21818181818181814,0.25475315029676526,ADMM,7,849
0.5,0.522516224003888,ADMM,7,850
0.25,0.33529234617205267,ADMM,7,851
0.17500000000000004,0.23786787400430928,ADMM,7,852
0.1694915254237288,0.28612183790822016,ADMM,7,853
0.20370370370370372,0.3279495053119061,ADMM,7,854
0.25,0.32337196202602797,ADMM,7,855
0.1578947368421053,0.24442196695016596,ADMM,7,856
0.23684210526315785,0.20503051746174103,ADMM,7,857
0.20175438596491224,0.3106188920748819,ADMM,7,858
0.6578947368421053,0.6193178456455718,ADMM,7,859
0.29166666666666674,0.33057498044542816,ADMM,7,860
0.2068965517241379,0.2554693159093611,ADMM,7,861
0.30952380952380953,0.28793194382435516,ADMM,7,862
0.6339285714285714,0.6679655787635291,ADMM,7,863
0.3482142857142857,0.3053676929912406,ADMM,7,864
0.4056603773584906,0.48560433981911466,ADMM,7,865
0.6090909090909091,0.5614386117952911,ADMM,7,866
0.23770491803278682,0.33279031461859176,ADMM,7,867
0.5283018867924528,0.5344120432781957,ADMM,7,868
0.12068965517241381,0.2913145335619033,ADMM,7,869
0.13157894736842102,0.22872587827169444,ADMM,7,870
0.4375,0.45325390251637965,ADMM,7,871
0.13559322033898302,0.14987410732717976,ADMM,7,872
0.19999999999999996,0.2762355587730859,ADMM,7,873
0.25,0.30543630688042916,ADMM,7,874
0.6666666666666666,0.5366840337984129,ADMM,7,875
0.631578947368421,0.5522440846040779,ADMM,7,876
0.39814814814814814,0.3491813509606567,ADMM,7,877
0.3833333333333333,0.37568576590386893,ADMM,7,878
0.5175438596491229,0.452895958108164,ADMM,7,879
0.5178571428571429,0.5343685815465476,ADMM,7,880
0.3035714285714286,0.39720170029566104,ADMM,7,881
0.6272727272727273,0.6390831383754584,ADMM,7,882
0.4339622641509434,0.5381108086742264,ADMM,7,883
0.34745762711864403,0.3231708810053801,ADMM,7,884
0.05833333333333335,0.07314507593255652,ADMM,7,885
0.4298245614035088,0.354109658144951,ADMM,7,886
0.5333333333333333,0.5939364364041371,ADMM,7,887
0.2222222222222222,0.31642631907767715,ADMM,7,888
0.75,0.7249863005310389,ADMM,7,889
0.5241935483870968,0.5135627090780996,ADMM,7,890
0.3571428571428572,0.5048529582684228,ADMM,7,891
0.6636363636363637,0.6128844626947334,ADMM,7,892
0.2192982456140351,0.2484112153448777,ADMM,7,893
0.4224137931034483,0.45359672880371693,ADMM,7,894
0.4051724137931034,0.41166156335384635,ADMM,7,895
0.2946428571428572,0.29482130930492484,ADMM,7,896
0.44067796610169485,0.3509054543687234,ADMM,7,897
0.4814814814814814,0.28407296128176757,ADMM,7,898
0.3400000000000001,0.4014065842887591,ADMM,7,899
0.7946428571428571,0.46778470686861356,ADMM,7,900
0.6851851851851852,0.6608134480257254,ADMM,7,901
0.4017857142857143,0.4962067395583011,ADMM,7,902
0.8771929824561403,0.8089840694696786,ADMM,7,903
0.49056603773584906,0.47107082210400025,ADMM,7,904
0.2272727272727273,0.33590586347740437,ADMM,7,905
0.10169491525423724,0.11719630224744684,ADMM,7,906
0.44736842105263164,0.49056166081067226,ADMM,7,907
0.3125,0.3726988981038945,ADMM,7,908
0.24545454545454548,0.26479815635275394,ADMM,7,909
0.4913793103448276,0.6740929430782837,ADMM,7,910
0.4326923076923077,0.6279744850327387,ADMM,7,911
0.3620689655172413,0.6614561897256869,ADMM,7,912
0.6982758620689655,0.5424696438761752,ADMM,7,913
0.28181818181818175,0.2893419031799974,ADMM,7,914
0.8389830508474576,0.752025628828585,ADMM,7,915
0.6454545454545455,0.4414296456544903,ADMM,7,916
0.2666666666666666,0.39708170311163793,ADMM,7,917
0.576271186440678,0.524176252975939,ADMM,7,918
0.26363636363636367,0.28217369113150303,ADMM,7,919
0.5982142857142857,0.5775341090627834,ADMM,7,920
0.33333333333333326,0.4230442280828903,ADMM,7,921
0.19090909090909092,0.34291393545597226,ADMM,7,922
0.2777777777777778,0.4630069837944143,ADMM,7,923
0.543859649122807,0.5366072938848692,ADMM,7,924
0.625,0.5534604671099517,ADMM,7,925
0.08490566037735847,0.08827549348962126,ADMM,7,926
0.3392857142857143,0.3141144212309916,ADMM,7,927
0.3035714285714286,0.29458827278264965,ADMM,7,928
0.26415094339622636,0.2235831641580875,ADMM,7,929
0.36363636363636365,0.37949581895821066,ADMM,7,930
0.30327868852459017,0.4123334401088149,ADMM,7,931
0.31034482758620685,0.5282905471504973,ADMM,7,932
0.7068965517241379,0.7300583724244882,ADMM,7,933
0.30327868852459017,0.3242012542126383,ADMM,7,934
0.34375,0.37479942912637,ADMM,7,935
0.4814814814814814,0.5854358735302132,ADMM,7,936
0.41666666666666674,0.39060051381507715,ADMM,7,937
0.3421052631578947,0.3232693047775279,ADMM,7,938
0.3706896551724138,0.47394763125502315,ADMM,7,939
0.1339285714285714,0.25941222623111615,ADMM,7,940
0.20175438596491224,0.302648523031262,ADMM,7,941
0.3362068965517242,0.3890505317004297,ADMM,7,942
0.4655172413793103,0.3801959371702679,ADMM,7,943
0.4576271186440678,0.5254894550403013,ADMM,7,944
0.11864406779661019,0.14299029420197762,ADMM,7,945
0.35185185185185186,0.439096018019957,ADMM,7,946
0.32407407407407407,0.29241215875882187,ADMM,7,947
0.3660714285714286,0.3754934651658681,ADMM,7,948
0.2295081967213115,0.247815652890905,ADMM,7,949
0.35,0.316549891729927,ADMM,7,950
0.19444444444444442,0.26672534142812626,ADMM,7,951
0.3666666666666667,0.43722206587734347,ADMM,7,952
0.4516129032258065,0.4376127404437565,ADMM,7,953
0.5272727272727272,0.5337648484326355,ADMM,7,954
0.39655172413793105,0.5165892159276443,ADMM,7,955
0.41129032258064524,0.43202586548357347,ADMM,7,956
0.373015873015873,0.3991664852775431,ADMM,7,957
0.33333333333333326,0.2561764597469407,ADMM,7,958
0.23636363636363633,0.3294519834097583,ADMM,7,959
0.4649122807017544,0.40872500254210814,ADMM,7,960
0.3303571428571428,0.37323494200302365,ADMM,7,961
0.1339285714285714,0.254810755670564,ADMM,7,962
0.0982142857142857,0.0845608943005123,ADMM,7,963
0.31666666666666665,0.4466909228231343,ADMM,7,964
0.3833333333333333,0.4543122718720143,ADMM,7,965
0.6416666666666667,0.5234847165863666,ADMM,7,966
0.509090909090909,0.4238387882257787,ADMM,7,967
0.3928571428571428,0.4072626398086917,ADMM,7,968
0.1694915254237288,0.15942155037243094,ADMM,7,969
0.4196428571428572,0.3760812837629633,ADMM,7,970
0.45238095238095233,0.4087015867480928,ADMM,7,971
0.5,0.38644347595953904,ADMM,7,972
0.38983050847457634,0.3949036166434539,ADMM,7,973
0.19444444444444442,0.3339421200043331,ADMM,7,974
0.509090909090909,0.643474869216286,ADMM,7,975
0.25,0.26392314014194396,ADMM,7,976
0.6754385964912281,0.5044697038974779,ADMM,7,977
0.8245614035087719,0.7702152036406851,ADMM,7,978
0.3571428571428572,0.356382633898785,ADMM,7,979
0.032786885245901676,0.05355294684942686,ADMM,7,980
0.33333333333333326,0.4282914509310361,ADMM,7,981
0.21052631578947367,0.24068224934407642,ADMM,7,982
0.18181818181818188,0.19189574909895105,ADMM,7,983
0.28181818181818175,0.38806641797037866,ADMM,7,984
0.4642857142857143,0.45795359169371885,ADMM,7,985
0.4528301886792453,0.48614496325169726,ADMM,7,986
0.675,0.6635059571144644,ADMM,7,987
0.2333333333333334,0.3144695003358641,ADMM,7,988
0.7796610169491526,0.5858585355293041,ADMM,7,989
0.8559322033898306,0.7527627409118691,ADMM,7,990
0.5338983050847458,0.5426068502912574,ADMM,7,991
0.3392857142857143,0.366831572992155,ADMM,7,992
0.5689655172413793,0.6123313513962729,ADMM,7,993
0.7678571428571429,0.661962073190613,ADMM,7,994
0.1454545454545455,0.2141561539491923,ADMM,7,995
0.10377358490566035,0.13757985857736246,ADMM,7,996
0.2583333333333333,0.3120637206398622,ADMM,7,997
0.31034482758620685,0.341602923870116,ADMM,7,998
0.19090909090909092,0.18525290631999727,ADMM,7,999
0.3157894736842105,0.5058860872942228,ADMM,7,1000
0.5089285714285714,0.5852722871618171,ADMM,7,1001
0.6492537313432836,0.6555363678887741,ADMM,7,1002
0.5350877192982456,0.6001015267356671,ADMM,7,1003
0.17500000000000004,0.15870955784969173,ADMM,7,1004
0.5416666666666666,0.5666094566352435,ADMM,7,1005
0.5677966101694916,0.5240293402969417,ADMM,7,1006
0.24545454545454548,0.3627799123557117,ADMM,7,1007
0.6228070175438597,0.6123599085844876,ADMM,7,1008
0.2321428571428572,0.29061194266809315,ADMM,7,1009
0.2410714285714286,0.3080246250987946,ADMM,7,1010
0.3125,0.46537759758437325,ADMM,7,1011
0.3125,0.3451155785857576,ADMM,7,1012
0.7844827586206896,0.7057282439444372,ADMM,7,1013
0.2924528301886793,0.3205833709820814,ADMM,7,1014
0.3770491803278688,0.47907128485035816,ADMM,7,1015
0.4913793103448276,0.51487683975571,ADMM,7,1016
0.1272727272727272,0.23394432448543073,ADMM,7,1017
0.1785714285714286,0.32649515349244373,ADMM,7,1018
0.5681818181818182,0.5812042417508378,ADMM,7,1019
0.2627118644067796,0.32218057314714793,ADMM,7,1020
0.23684210526315785,0.3074969124072416,ADMM,7,1021
0.27586206896551724,0.35112575067849305,ADMM,7,1022
0.4285714285714286,0.45732618041894385,ADMM,7,1023
0.19047619047619047,0.21352541104008632,ADMM,7,1024
0.13559322033898302,0.15907692225776582,ADMM,7,1025
0.4017857142857143,0.38982646114452973,ADMM,7,1026
0.6818181818181818,0.4930535838147244,ADMM,7,1027
0.211864406779661,0.2795887315819519,ADMM,7,1028
0.35593220338983045,0.5064036879708468,ADMM,7,1029
0.3909090909090909,0.5100971544421778,ADMM,7,1030
0.47457627118644075,0.47881034540703227,ADMM,7,1031
0.5714285714285714,0.5801956004729075,ADMM,7,1032
0.3305084745762712,0.3354723542782223,ADMM,7,1033
0.8,0.7774868040963376,ADMM,7,1034
0.5166666666666667,0.5384264347112113,ADMM,7,1035
0.20833333333333337,0.29694623726739183,ADMM,7,1036
0.44545454545454544,0.3770292580507721,ADMM,7,1037
0.04166666666666663,0.06274622980365288,ADMM,7,1038
0.39655172413793105,0.3923817355566524,ADMM,7,1039
0.23076923076923084,0.3408160702008342,ADMM,7,1040
0.20370370370370372,0.18462257731164555,ADMM,7,1041
0.30833333333333335,0.4408706595395634,ADMM,7,1042
0.44999999999999996,0.4117555621507673,ADMM,7,1043
0.38596491228070173,0.5332080524643742,ADMM,7,1044
0.6181818181818182,0.6283159938049876,ADMM,7,1045
0.25,0.26336816552704023,ADMM,7,1046
0.4083333333333333,0.3840352327359213,ADMM,7,1047
0.9210526315789473,0.7013314091496512,ADMM,7,1048
0.635593220338983,0.4770112533666365,ADMM,7,1049
0.06896551724137934,0.17028173358989596,ADMM,7,1050
0.21818181818181814,0.2699666489869376,ADMM,7,1051
0.22499999999999998,0.20885496470325388,ADMM,7,1052
0.45192307692307687,0.38582907813990003,ADMM,7,1053
0.3879310344827587,0.2833342672234537,ADMM,7,1054
0.5172413793103449,0.5258829714489263,ADMM,7,1055
0.19090909090909092,0.26883561621874236,ADMM,7,1056
0.4107142857142857,0.4614307542374389,ADMM,7,1057
0.27192982456140347,0.30763145685136434,ADMM,7,1058
0.35593220338983045,0.31916862993366435,ADMM,7,1059
0.37037037037037035,0.3684559344448893,ADMM,7,1060
0.3571428571428572,0.43417798289980253,ADMM,7,1061
0.08771929824561409,0.15888740925492903,ADMM,7,1062
0.26363636363636367,0.3642297570404704,ADMM,7,1063
0.2857142857142857,0.5052639015259003,ADMM,7,1064
0.06557377049180324,0.10549886346413469,ADMM,7,1065
0.17213114754098358,0.14839613299430782,ADMM,7,1066
0.04629629629629628,0.07084722718176156,ADMM,7,1067
0.010000000000000009,0.10989660261809554,ADMM,7,1068
0.21551724137931028,0.18939080354635912,ADMM,7,1069
0.0892857142857143,0.11889116572560265,ADMM,7,1070
0.07627118644067798,0.1385800202089602,ADMM,7,1071
0.14754098360655732,0.14164912778991715,ADMM,7,1072
0.3524590163934427,0.3812790376176277,ADMM,7,1073
0.1696428571428572,0.18110045043402698,ADMM,7,1074
0.6759259259259259,0.6108358508717806,ADMM,7,1075
0.35185185185185186,0.31062785739356447,ADMM,7,1076
0.21052631578947367,0.20263329684003809,ADMM,7,1077
0.40740740740740744,0.39515211679141216,ADMM,7,1078
0.5089285714285714,0.4804157904066651,ADMM,7,1079
0.3275862068965517,0.3608022821301753,ADMM,7,1080
0.33333333333333326,0.2964700858087878,ADMM,7,1081
0.5350877192982456,0.5356899362369112,ADMM,7,1082
0.2321428571428572,0.3962899787198801,ADMM,7,1083
0.7131147540983607,0.6317767296563829,ADMM,7,1084
0.2583333333333333,0.29171154681838357,ADMM,7,1085
0.2232142857142857,0.22869990591293823,ADMM,7,1086
0.3679245283018868,0.347217663882563,ADMM,7,1087
0.5,0.47487332754124484,ADMM,7,1088
0.2767857142857143,0.2625616048692139,ADMM,7,1089
0.22499999999999998,0.21654553788981293,ADMM,7,1090
0.1071428571428571,0.15538765095740087,ADMM,7,1091
0.3771929824561404,0.32066948219253677,ADMM,7,1092
0.5,0.4951852161413228,ADMM,7,1093
0.1517857142857143,0.1932223514380478,ADMM,7,1094
0.2685185185185186,0.14769208088516597,ADMM,7,1095
0.22413793103448276,0.3426628321075899,ADMM,7,1096
0.2407407407407407,0.2573427766275798,ADMM,7,1097
0.32692307692307687,0.28273972400712416,ADMM,7,1098
0.2931034482758621,0.2646812386227538,ADMM,7,1099
0.5847457627118644,0.6139986875505729,ADMM,7,1100
0.4,0.4906056804546051,ADMM,7,1101
0.2807017543859649,0.4145823055076523,ADMM,7,1102
0.3157894736842105,0.3244872570087068,ADMM,7,1103
0.2894736842105263,0.3909137476295842,ADMM,7,1104
0.3275862068965517,0.35814387258521146,ADMM,7,1105
0.3706896551724138,0.42239712836450877,ADMM,7,1106
0.2586206896551724,0.3878117560141373,ADMM,7,1107
0.24545454545454548,0.4159721792992753,ADMM,7,1108
0.49056603773584906,0.41217510898483045,ADMM,7,1109
0.3706896551724138,0.38830430674231986,ADMM,7,1110
0.5089285714285714,0.4664768653697122,ADMM,7,1111
0.5267857142857143,0.4579671412146858,ADMM,7,1112
0.4385964912280702,0.501667520625418,ADMM,7,1113
0.13709677419354838,0.23507454920954138,ADMM,7,1114
0.43442622950819665,0.4568384341579064,ADMM,7,1115
0.3482142857142857,0.4007782901054163,ADMM,7,1116
0.16393442622950816,0.25851875446479433,ADMM,7,1117
0.2966101694915254,0.2540340329188076,ADMM,7,1118
0.532258064516129,0.576297611931884,ADMM,7,1119
0.631578947368421,0.7042152868282936,ADMM,7,1120
0.3181818181818181,0.3385345235320487,ADMM,7,1121
0.27692307692307694,0.26487898111835106,ADMM,7,1122
0.3125,0.3008179733146625,ADMM,7,1123
0.4482758620689655,0.4154998657908197,ADMM,7,1124
0.4385964912280702,0.5552291686826056,ADMM,7,1125
0.2068965517241379,0.23489389282843082,ADMM,7,1126
0.7545454545454545,0.5767623761848705,ADMM,7,1127
0.1692307692307693,0.12848374079366626,ADMM,8,0
0.8507462686567164,0.7472921745569769,ADMM,8,1
0.24626865671641784,0.1185723943231096,ADMM,8,2
0.1691176470588236,0.15885320338711675,ADMM,8,3
0.09848484848484851,0.08609289848763231,ADMM,8,4
0.040983606557377095,0.05493936091195244,ADMM,8,5
0.543859649122807,0.4598412868231088,ADMM,8,6
0.25,0.3088141191647334,ADMM,8,7
0.3305084745762712,0.2868545543362032,ADMM,8,8
0.3671875,0.2594263476717525,ADMM,8,9
0.8484848484848485,0.7013288719790387,ADMM,8,10
0.2033898305084746,0.21977514710322016,ADMM,8,11
0.5970149253731343,0.48894875769342505,ADMM,8,12
0.1311475409836066,0.16284862302179298,ADMM,8,13
0.48461538461538467,0.4380407438898031,ADMM,8,14
0.3046875,0.2819008112376876,ADMM,8,15
0.140625,0.11876358660982987,ADMM,8,16
0.26190476190476186,0.1808677584262828,ADMM,8,17
0.24590163934426235,0.242596621460059,ADMM,8,18
0.11904761904761907,0.10610708175086266,ADMM,8,19
0.07627118644067798,0.07275083400043235,ADMM,8,20
0.38983050847457634,0.30886448838121233,ADMM,8,21
0.05084745762711862,0.07063383142964112,ADMM,8,22
0.17796610169491522,0.09749927158458208,ADMM,8,23
0.16393442622950816,0.16733656494601493,ADMM,8,24
0.0757575757575758,0.14244822249561961,ADMM,8,25
0.08870967741935487,0.06851838356817162,ADMM,8,26
0.1428571428571428,0.10564124033780264,ADMM,8,27
0.17796610169491522,0.21280722657885306,ADMM,8,28
0.11538461538461542,0.0722736773199891,ADMM,8,29
0.08196721311475408,0.07796141210803408,ADMM,8,30
0.1724137931034483,0.17629489287965308,ADMM,8,31
0.14655172413793105,0.1590708449341893,ADMM,8,32
0.056451612903225756,0.08962471488478745,ADMM,8,33
0.0793650793650793,0.09405684340138763,ADMM,8,34
0.3571428571428572,0.2800108772807609,ADMM,8,35
0.4076923076923077,0.3633998528970601,ADMM,8,36
0.16363636363636358,0.14394214644253397,ADMM,8,37
0.12068965517241381,0.13969993401034214,ADMM,8,38
0.19166666666666665,0.18758776876526245,ADMM,8,39
0.11111111111111116,0.12078376371338718,ADMM,8,40
0.08771929824561409,0.0521160660290974,ADMM,8,41
0.08208955223880599,0.08148328868357363,ADMM,8,42
0.265625,0.24771639391011396,ADMM,8,43
0.17460317460317465,0.12657952014811888,ADMM,8,44
0.15000000000000002,0.15073223998986246,ADMM,8,45
0.23809523809523814,0.2349331878345471,ADMM,8,46
0.3181818181818181,0.23465212891331214,ADMM,8,47
0.9761904761904762,0.8632305964917122,ADMM,8,48
0.10185185185185186,0.11348292737024011,ADMM,8,49
0.19444444444444442,0.17279524322979678,ADMM,8,50
0.11016949152542377,0.12156885471460202,ADMM,8,51
0.3070175438596492,0.30380901743911587,ADMM,8,52
0.10526315789473684,0.08446876866434154,ADMM,8,53
0.12878787878787878,0.2078784928027703,ADMM,8,54
0.0636363636363636,0.1655211334262673,ADMM,8,55
0.14754098360655732,0.16288656167518156,ADMM,8,56
0.5172413793103449,0.3870628918693104,ADMM,8,57
0.0803571428571429,0.14118281331368962,ADMM,8,58
0.16666666666666663,0.17861000809825212,ADMM,8,59
0.10833333333333339,0.10676489610466254,ADMM,8,60
0.05555555555555558,0.11917320911903867,ADMM,8,61
0.20491803278688525,0.2047096376451769,ADMM,8,62
0.045454545454545414,0.10560676711707706,ADMM,8,63
0.211864406779661,0.11983945822676091,ADMM,8,64
0.3015873015873016,0.26819235780968054,ADMM,8,65
0.2053571428571428,0.14080381476254422,ADMM,8,66
0.42105263157894735,0.38747337245682767,ADMM,8,67
0.12280701754385959,0.12426231040075814,ADMM,8,68
0.3090909090909091,0.252174731879832,ADMM,8,69
0.05833333333333335,0.09450320134423276,ADMM,8,70
0.1272727272727272,0.13209683349636486,ADMM,8,71
0.19354838709677424,0.19069444545462655,ADMM,8,72
0.07499999999999996,0.1087570384983933,ADMM,8,73
0.06779661016949157,0.09746151913137807,ADMM,8,74
0.07627118644067798,0.07136928765790028,ADMM,8,75
0.1637931034482758,0.1403951655425628,ADMM,8,76
0.17272727272727273,0.19356364590759684,ADMM,8,77
0.06034482758620685,0.09366258690543763,ADMM,8,78
0.15000000000000002,0.13278393357638768,ADMM,8,79
0.435483870967742,0.3407310044184026,ADMM,8,80
0.5526315789473685,0.39874809530383026,ADMM,8,81
0.06666666666666665,0.06752440135474327,ADMM,8,82
0.08196721311475408,0.17915868732716433,ADMM,8,83
0.2589285714285714,0.32903653516755793,ADMM,8,84
0.1272727272727272,0.0850468184160613,ADMM,8,85
0.15322580645161288,0.14087378661234906,ADMM,8,86
0.13559322033898302,0.1480504210720235,ADMM,8,87
0.07547169811320753,0.09958225731387639,ADMM,8,88
0.07894736842105265,0.07275713085394167,ADMM,8,89
0.05737704918032782,0.04534888872920577,ADMM,8,90
0.07499999999999996,0.05462396745648018,ADMM,8,91
0.10909090909090913,0.141870327223274,ADMM,8,92
0.3363636363636364,0.21635891793805603,ADMM,8,93
0.11016949152542377,0.14576703370624755,ADMM,8,94
0.1484375,0.1144645715841613,ADMM,8,95
0.09677419354838712,0.08717483768906316,ADMM,8,96
0.5338983050847458,0.5179415171714163,ADMM,8,97
0.35964912280701755,0.32673830771216666,ADMM,8,98
0.16666666666666663,0.1299514279721721,ADMM,8,99
0.08771929824561409,0.14498321723682275,ADMM,8,100
0.7583333333333333,0.6284685299546863,ADMM,8,101
0.10833333333333339,0.077841160475881,ADMM,8,102
0.47413793103448276,0.3333102810824486,ADMM,8,103
0.15254237288135597,0.13068625168738884,ADMM,8,104
0.3508771929824561,0.45930796560800946,ADMM,8,105
0.23684210526315785,0.30409688567207876,ADMM,8,106
0.14406779661016955,0.13112975556951414,ADMM,8,107
0.2192982456140351,0.14102968365096796,ADMM,8,108
0.1929824561403508,0.16539167532098195,ADMM,8,109
0.1160714285714286,0.08979401409296908,ADMM,8,110
0.1271186440677966,0.09143725956863044,ADMM,8,111
0.24561403508771928,0.20947244412158508,ADMM,8,112
0.07499999999999996,0.08033349171375126,ADMM,8,113
0.15254237288135597,0.18646165227259037,ADMM,8,114
0.12962962962962965,0.12016220068786528,ADMM,8,115
0.13636363636363635,0.12837500160023044,ADMM,8,116
0.0862068965517242,0.08742651424984808,ADMM,8,117
0.10344827586206895,0.14684013503627916,ADMM,8,118
0.2894736842105263,0.28411972656888923,ADMM,8,119
0.09090909090909094,0.10598203667800636,ADMM,8,120
0.11206896551724133,0.06003551430837504,ADMM,8,121
0.17272727272727273,0.15459818255485924,ADMM,8,122
0.20454545454545459,0.08152958628130426,ADMM,8,123
0.07894736842105265,0.14125027637424217,ADMM,8,124
0.1694915254237288,0.13479374101053518,ADMM,8,125
0.44067796610169485,0.27790395577287585,ADMM,8,126
0.46825396825396826,0.47449293708051027,ADMM,8,127
0.13157894736842102,0.1206751963638634,ADMM,8,128
0.2033898305084746,0.15296569097281537,ADMM,8,129
0.21311475409836067,0.1442239899943034,ADMM,8,130
0.0862068965517242,0.11168717794241237,ADMM,8,131
0.05263157894736836,0.049018293010747345,ADMM,8,132
0.1311475409836066,0.06522440954914684,ADMM,8,133
0.18333333333333335,0.29689130591442325,ADMM,8,134
0.0847457627118644,0.05762935548223131,ADMM,8,135
0.15740740740740744,0.0927378625750064,ADMM,8,136
0.13157894736842102,0.19566005200905118,ADMM,8,137
0.0423728813559322,0.10566243958978103,ADMM,8,138
0.17543859649122806,0.19441585229961328,ADMM,8,139
0.07627118644067798,0.10817526509832007,ADMM,8,140
0.2666666666666666,0.27926503714153367,ADMM,8,141
0.09259259259259256,0.06878502662702975,ADMM,8,142
0.23275862068965514,0.21212901632732903,ADMM,8,143
0.09999999999999998,0.1133446203410317,ADMM,8,144
0.15573770491803285,0.1747486030575367,ADMM,8,145
0.38596491228070173,0.3458014605649511,ADMM,8,146
0.05263157894736836,0.1036852498607094,ADMM,8,147
0.018181818181818188,0.15111856869238915,ADMM,8,148
0.08181818181818179,0.07964207284031524,ADMM,8,149
0.06140350877192979,0.08064453349242763,ADMM,8,150
0.10526315789473684,0.14934285940623288,ADMM,8,151
0.056451612903225756,0.09570919114156821,ADMM,8,152
0.05084745762711862,0.08879039593635171,ADMM,8,153
0.28688524590163933,0.28677120175591103,ADMM,8,154
0.14655172413793105,0.11211726178970356,ADMM,8,155
0.32407407407407407,0.33821394342475136,ADMM,8,156
0.1339285714285714,0.15380944298260593,ADMM,8,157
0.2909090909090909,0.27094991718540967,ADMM,8,158
0.01754385964912286,0.09945380392021369,ADMM,8,159
0.09166666666666667,0.15772412050034249,ADMM,8,160
0.05084745762711862,0.1484137227375959,ADMM,8,161
0.07758620689655171,0.09444640436028656,ADMM,8,162
0.08064516129032262,0.07150919787170577,ADMM,8,163
0.04385964912280704,0.10070042714459194,ADMM,8,164
0.1428571428571428,0.22851061024263464,ADMM,8,165
0.11818181818181817,0.12995972718077023,ADMM,8,166
0.05263157894736836,0.07504071274701114,ADMM,8,167
0.0431034482758621,0.1376753096541674,ADMM,8,168
0.2457627118644068,0.2548016274237922,ADMM,8,169
0.5258620689655172,0.41620030946042086,ADMM,8,170
0.05737704918032782,0.040656829712841874,ADMM,8,171
0.056451612903225756,0.1454626755111324,ADMM,8,172
0.2543859649122807,0.2719573500000123,ADMM,8,173
0.08196721311475408,0.0804072061719769,ADMM,8,174
0.14655172413793105,0.12505333390010046,ADMM,8,175
0.12280701754385959,0.20778434354984657,ADMM,8,176
0.050000000000000044,0.13482952310879814,ADMM,8,177
0.08196721311475408,0.08585082631228354,ADMM,8,178
0.025423728813559365,0.055178908400009954,ADMM,8,179
0.0267857142857143,0.08827883609310078,ADMM,8,180
0.11904761904761907,0.1269773199521766,ADMM,8,181
0.4732142857142857,0.47907279207691156,ADMM,8,182
0.22499999999999998,0.2314567598576878,ADMM,8,183
0.43965517241379315,0.29479688938501347,ADMM,8,184
0.868421052631579,0.7917980974543893,ADMM,8,185
0.2666666666666666,0.20715527954814783,ADMM,8,186
0.19491525423728817,0.25120173324890543,ADMM,8,187
0.31034482758620685,0.21942049793768417,ADMM,8,188
0.2589285714285714,0.40563579229683666,ADMM,8,189
0.37037037037037035,0.41423640573425147,ADMM,8,190
0.2931034482758621,0.42689066263651143,ADMM,8,191
0.5083333333333333,0.3890261853871442,ADMM,8,192
0.4067796610169492,0.302893571962016,ADMM,8,193
0.6454545454545455,0.4889802067784718,ADMM,8,194
0.32499999999999996,0.3771974783778569,ADMM,8,195
0.5526315789473685,0.3886038289612309,ADMM,8,196
0.2583333333333333,0.21237200054517338,ADMM,8,197
0.14035087719298245,0.2160523099757409,ADMM,8,198
0.6583333333333333,0.6825923526528809,ADMM,8,199
0.2272727272727273,0.2731995084474793,ADMM,8,200
0.5677966101694916,0.509434733228286,ADMM,8,201
0.2727272727272727,0.3355982500298231,ADMM,8,202
0.2592592592592593,0.2971740516725892,ADMM,8,203
0.4298245614035088,0.33909957162369225,ADMM,8,204
0.4019607843137255,0.4176685620124207,ADMM,8,205
0.28846153846153844,0.45456290909747327,ADMM,8,206
0.17307692307692313,0.36636365758233025,ADMM,8,207
0.13636363636363635,0.19047191225992371,ADMM,8,208
0.7105263157894737,0.6388867699211661,ADMM,8,209
0.3928571428571428,0.4399108258236658,ADMM,8,210
0.32407407407407407,0.3310531690464739,ADMM,8,211
0.33333333333333326,0.3485865463538624,ADMM,8,212
0.34745762711864403,0.24523781805704437,ADMM,8,213
0.3770491803278688,0.32354684201370265,ADMM,8,214
0.6517857142857143,0.5906255902484304,ADMM,8,215
0.2857142857142857,0.35730817774111245,ADMM,8,216
0.2068965517241379,0.2636708477226941,ADMM,8,217
0.375,0.4181306868901295,ADMM,8,218
0.10909090909090913,0.17440516594248096,ADMM,8,219
0.24137931034482762,0.27702145718775056,ADMM,8,220
0.8145161290322581,0.8014377466279874,ADMM,8,221
0.217741935483871,0.2721974723135325,ADMM,8,222
0.2222222222222222,0.2864349081812464,ADMM,8,223
0.2033898305084746,0.311736269122558,ADMM,8,224
0.3706896551724138,0.4396164504119104,ADMM,8,225
0.23275862068965514,0.20032042136231895,ADMM,8,226
0.7767857142857143,0.6457453939143768,ADMM,8,227
0.6111111111111112,0.564392434102537,ADMM,8,228
0.3508771929824561,0.3832285560301546,ADMM,8,229
0.15254237288135597,0.0994166700756983,ADMM,8,230
0.1785714285714286,0.16711475754862304,ADMM,8,231
0.3125,0.29706702683395686,ADMM,8,232
0.27192982456140347,0.25939882287392124,ADMM,8,233
0.2264150943396226,0.21954626489016474,ADMM,8,234
0.2735849056603774,0.4333367570699077,ADMM,8,235
0.3728813559322034,0.4551613760293193,ADMM,8,236
0.19444444444444442,0.28946527736065875,ADMM,8,237
0.42592592592592593,0.48089027916973776,ADMM,8,238
0.23636363636363633,0.3984083403625393,ADMM,8,239
0.5081967213114754,0.5678737894375121,ADMM,8,240
0.2457627118644068,0.3073117837567281,ADMM,8,241
0.3392857142857143,0.3677893078447014,ADMM,8,242
0.3571428571428572,0.3378880574345578,ADMM,8,243
0.19166666666666665,0.1571857796279345,ADMM,8,244
0.21818181818181814,0.2551236337869131,ADMM,8,245
0.2767857142857143,0.3080051272103415,ADMM,8,246
0.5089285714285714,0.5760913946730513,ADMM,8,247
0.2543859649122807,0.3581400083596595,ADMM,8,248
0.2622950819672132,0.38664689711282874,ADMM,8,249
0.2192982456140351,0.3569203805827231,ADMM,8,250
0.42592592592592593,0.37687512951130653,ADMM,8,251
0.1416666666666666,0.316990336678188,ADMM,8,252
0.3839285714285714,0.4279817506855916,ADMM,8,253
0.43103448275862066,0.4897410847538961,ADMM,8,254
0.07894736842105265,0.22021072986380213,ADMM,8,255
0.2457627118644068,0.3268553664425723,ADMM,8,256
0.17272727272727273,0.2836701506395086,ADMM,8,257
0.5648148148148148,0.2931622804629302,ADMM,8,258
0.2068965517241379,0.24756028580320177,ADMM,8,259
0.3017241379310345,0.40894614096344123,ADMM,8,260
0.10833333333333339,0.2060184533561178,ADMM,8,261
0.28181818181818175,0.2358938843292866,ADMM,8,262
0.5263157894736842,0.5674315902564264,ADMM,8,263
0.2547169811320755,0.35686036103524615,ADMM,8,264
0.35849056603773577,0.4090947089554918,ADMM,8,265
0.543859649122807,0.4780668917670099,ADMM,8,266
0.15833333333333333,0.09297949989300618,ADMM,8,267
0.2592592592592593,0.2415554513913084,ADMM,8,268
0.4017857142857143,0.537260277224023,ADMM,8,269
0.49122807017543857,0.45116962643814795,ADMM,8,270
0.08771929824561409,0.09997386855615253,ADMM,8,271
0.26363636363636367,0.3096274155305354,ADMM,8,272
0.25,0.2948747040645074,ADMM,8,273
0.38181818181818183,0.41958643825352304,ADMM,8,274
0.5377358490566038,0.5895505831996064,ADMM,8,275
0.47413793103448276,0.4789876255983885,ADMM,8,276
0.6090909090909091,0.46266578798390096,ADMM,8,277
0.5725806451612904,0.5194480118191634,ADMM,8,278
0.39830508474576276,0.4119413801451402,ADMM,8,279
0.6228070175438597,0.6997343024873065,ADMM,8,280
0.4833333333333334,0.551957883227383,ADMM,8,281
0.1293103448275862,0.15253348257772026,ADMM,8,282
0.4811320754716981,0.5279217102044311,ADMM,8,283
0.2894736842105263,0.313246619159913,ADMM,8,284
0.5603448275862069,0.5249543527501835,ADMM,8,285
0.575,0.48019748800885625,ADMM,8,286
0.5666666666666667,0.5775203082909048,ADMM,8,287
0.368421052631579,0.4026427277000399,ADMM,8,288
0.21818181818181814,0.3323214779195401,ADMM,8,289
0.75,0.7348048718802206,ADMM,8,290
0.6944444444444444,0.7017803872645673,ADMM,8,291
0.24528301886792447,0.3585056047830157,ADMM,8,292
0.5089285714285714,0.5308352782444569,ADMM,8,293
0.967741935483871,0.8894743182974064,ADMM,8,294
0.4098360655737705,0.35827083216403427,ADMM,8,295
0.10169491525423724,0.10208062340962142,ADMM,8,296
0.423728813559322,0.3786959653472806,ADMM,8,297
0.2946428571428572,0.35661570191743214,ADMM,8,298
0.18103448275862066,0.19509428148129992,ADMM,8,299
0.4181818181818182,0.48662559409404804,ADMM,8,300
0.48245614035087714,0.44846186247243747,ADMM,8,301
0.3793103448275862,0.5281116967364623,ADMM,8,302
0.6206896551724138,0.6712982417285323,ADMM,8,303
0.2033898305084746,0.22793090213362502,ADMM,8,304
0.4196428571428572,0.4060327957303722,ADMM,8,305
0.9098360655737705,0.742690919837721,ADMM,8,306
0.639344262295082,0.4666416558007035,ADMM,8,307
0.38983050847457634,0.4425827092478396,ADMM,8,308
0.20192307692307687,0.1802593236811012,ADMM,8,309
0.16666666666666663,0.20823105651853882,ADMM,8,310
0.603448275862069,0.489718709257154,ADMM,8,311
0.21052631578947367,0.2421186373173831,ADMM,8,312
0.42105263157894735,0.25464674285503897,ADMM,8,313
0.28301886792452824,0.21418029005688896,ADMM,8,314
0.3076923076923077,0.2894844494571465,ADMM,8,315
0.423728813559322,0.26579304202814147,ADMM,8,316
0.2596153846153846,0.15687677790243226,ADMM,8,317
0.38983050847457634,0.3892039535751998,ADMM,8,318
0.2142857142857143,0.16834009988887863,ADMM,8,319
0.17272727272727273,0.10847151611031183,ADMM,8,320
0.160377358490566,0.2903182593090488,ADMM,8,321
0.3839285714285714,0.29700925149835034,ADMM,8,322
0.29166666666666674,0.2186654516845673,ADMM,8,323
0.21296296296296302,0.15722876239936748,ADMM,8,324
0.2192982456140351,0.20240132256473234,ADMM,8,325
0.1875,0.16560966492481463,ADMM,8,326
0.18103448275862066,0.14232939093735947,ADMM,8,327
0.2685185185185186,0.13210542432890082,ADMM,8,328
0.2844827586206897,0.2342684391159649,ADMM,8,329
0.1696428571428572,0.10010548654999465,ADMM,8,330
0.10344827586206895,0.09593677016933004,ADMM,8,331
0.38181818181818183,0.2684268768997575,ADMM,8,332
0.19491525423728817,0.12351635232769158,ADMM,8,333
0.11403508771929827,0.15235590450567102,ADMM,8,334
0.46226415094339623,0.4181492531777693,ADMM,8,335
0.2090909090909091,0.17082443511986609,ADMM,8,336
0.38983050847457634,0.271898276703854,ADMM,8,337
0.5,0.34743071753753946,ADMM,8,338
0.24193548387096775,0.2219728721860428,ADMM,8,339
0.3090909090909091,0.22360498448570934,ADMM,8,340
0.37735849056603776,0.23688135823409628,ADMM,8,341
0.15573770491803285,0.07270177939151207,ADMM,8,342
0.18181818181818188,0.11711916940603083,ADMM,8,343
0.6229508196721312,0.3834530839075039,ADMM,8,344
0.11864406779661019,0.09676882362283,ADMM,8,345
0.19999999999999996,0.1524368295868444,ADMM,8,346
0.2592592592592593,0.18768144304889062,ADMM,8,347
0.32407407407407407,0.257075622125387,ADMM,8,348
0.3220338983050848,0.30161643285018347,ADMM,8,349
0.4122807017543859,0.3762435492535027,ADMM,8,350
0.17924528301886788,0.2411734592532232,ADMM,8,351
0.5877192982456141,0.5237847776691941,ADMM,8,352
0.4285714285714286,0.35681714224206273,ADMM,8,353
0.5803571428571429,0.5491351836732954,ADMM,8,354
0.3620689655172413,0.35373359377951297,ADMM,8,355
0.42727272727272725,0.4546426099574759,ADMM,8,356
0.3508771929824561,0.35381714421656035,ADMM,8,357
0.41666666666666674,0.48114106675504115,ADMM,8,358
0.11290322580645162,0.15823189021312292,ADMM,8,359
0.19827586206896552,0.2573891289719093,ADMM,8,360
0.6833333333333333,0.5697697989019725,ADMM,8,361
0.16666666666666663,0.18345177599384593,ADMM,8,362
0.423728813559322,0.4102397923250504,ADMM,8,363
0.2068965517241379,0.2034083785247342,ADMM,8,364
0.26415094339622636,0.22310164156899193,ADMM,8,365
0.23275862068965514,0.3212788839467619,ADMM,8,366
0.5298507462686567,0.48063078569502893,ADMM,8,367
0.5084745762711864,0.45394279669949966,ADMM,8,368
0.2704918032786885,0.36426627742121664,ADMM,8,369
0.11864406779661019,0.11049099917428544,ADMM,8,370
0.5865384615384616,0.4752127512144772,ADMM,8,371
0.2542372881355932,0.28176040312516537,ADMM,8,372
0.31896551724137934,0.33838743895356405,ADMM,8,373
0.2338709677419355,0.33862813841662326,ADMM,8,374
0.13207547169811318,0.2559825063030981,ADMM,8,375
0.5701754385964912,0.5160617188101222,ADMM,8,376
0.4363636363636363,0.36412860367658295,ADMM,8,377
0.31034482758620685,0.3044716695829126,ADMM,8,378
0.21969696969696972,0.20538735245933357,ADMM,8,379
0.30833333333333335,0.3172733643563262,ADMM,8,380
0.10526315789473684,0.11598953285063014,ADMM,8,381
0.2321428571428572,0.23674469901611456,ADMM,8,382
0.7946428571428571,0.790256048020135,ADMM,8,383
0.3359375,0.25787359143718247,ADMM,8,384
0.2857142857142857,0.3175419331679109,ADMM,8,385
0.46226415094339623,0.4349507388979458,ADMM,8,386
0.33606557377049184,0.4965293013001551,ADMM,8,387
0.36111111111111116,0.23535660821963056,ADMM,8,388
0.2966101694915254,0.24603769874169207,ADMM,8,389
0.5086206896551724,0.45602482456840987,ADMM,8,390
0.2033898305084746,0.36988745690678954,ADMM,8,391
0.2192982456140351,0.2751872116326034,ADMM,8,392
0.5803571428571429,0.6479702448083647,ADMM,8,393
0.33333333333333326,0.3745116835627529,ADMM,8,394
0.2807017543859649,0.36561560444987107,ADMM,8,395
0.3070175438596492,0.30667628219782916,ADMM,8,396
0.43965517241379315,0.482477791351608,ADMM,8,397
0.4285714285714286,0.5206467905737047,ADMM,8,398
0.1785714285714286,0.24465573787206946,ADMM,8,399
0.287037037037037,0.34786502291809507,ADMM,8,400
0.23728813559322037,0.23853409954542032,ADMM,8,401
0.25,0.3845787066246228,ADMM,8,402
0.34905660377358494,0.42278258736411173,ADMM,8,403
0.3070175438596492,0.3026129642449202,ADMM,8,404
0.26363636363636367,0.36409498285995767,ADMM,8,405
0.2232142857142857,0.276233878002152,ADMM,8,406
0.33018867924528306,0.4076872090632415,ADMM,8,407
0.27450980392156865,0.44016398357139175,ADMM,8,408
0.2627118644067796,0.3024031155261082,ADMM,8,409
0.26363636363636367,0.359929921396746,ADMM,8,410
0.4636363636363636,0.4953106887828423,ADMM,8,411
0.43965517241379315,0.3655511461547297,ADMM,8,412
0.21551724137931028,0.277447152327456,ADMM,8,413
0.3916666666666666,0.4350853165196855,ADMM,8,414
0.21666666666666667,0.3534228210712346,ADMM,8,415
0.39473684210526316,0.25949618091965815,ADMM,8,416
0.2857142857142857,0.4434985484813641,ADMM,8,417
0.26190476190476186,0.32014018710814224,ADMM,8,418
0.1964285714285714,0.2759130077203674,ADMM,8,419
0.31034482758620685,0.3797611306222437,ADMM,8,420
0.20370370370370372,0.2717812370181542,ADMM,8,421
0.13157894736842102,0.2773401688998923,ADMM,8,422
0.4385964912280702,0.5228083625135836,ADMM,8,423
0.5892857142857143,0.5977477415098518,ADMM,8,424
0.27586206896551724,0.2696727441847703,ADMM,8,425
0.3793103448275862,0.36375511563404744,ADMM,8,426
0.23728813559322037,0.31056785728412,ADMM,8,427
0.4537037037037037,0.49859964120421557,ADMM,8,428
0.31034482758620685,0.36176874493562655,ADMM,8,429
0.2410714285714286,0.3951286565108764,ADMM,8,430
0.421875,0.4773346831875777,ADMM,8,431
0.5,0.48349752902725934,ADMM,8,432
0.3909090909090909,0.4337920984197388,ADMM,8,433
0.3157894736842105,0.3146966483358418,ADMM,8,434
0.4568965517241379,0.4408553846413216,ADMM,8,435
0.21052631578947367,0.25922566399899294,ADMM,8,436
0.24137931034482762,0.2873406912667282,ADMM,8,437
0.12264150943396224,0.1535422279962846,ADMM,8,438
0.36363636363636365,0.379097823412333,ADMM,8,439
0.3571428571428572,0.3190728369125121,ADMM,8,440
0.5703125,0.3431409605840851,ADMM,8,441
0.3416666666666667,0.4052370445483763,ADMM,8,442
0.22499999999999998,0.30035515685854036,ADMM,8,443
0.5982142857142857,0.5231129063831259,ADMM,8,444
0.39473684210526316,0.4749224391125139,ADMM,8,445
0.1454545454545455,0.17963342101028212,ADMM,8,446
0.2457627118644068,0.3231802990037308,ADMM,8,447
0.5,0.46121723395723996,ADMM,8,448
0.4426229508196722,0.3696546453411891,ADMM,8,449
0.07627118644067798,0.06815179097245357,ADMM,8,450
0.27192982456140347,0.2803498143145576,ADMM,8,451
0.1637931034482758,0.23011936041450606,ADMM,8,452
0.20370370370370372,0.16543794414541887,ADMM,8,453
0.3214285714285714,0.3027785699454064,ADMM,8,454
0.2232142857142857,0.31966721107508095,ADMM,8,455
0.3909090909090909,0.3666993634380576,ADMM,8,456
0.44166666666666665,0.4806387066170622,ADMM,8,457
0.23684210526315785,0.2255678063685204,ADMM,8,458
0.39830508474576276,0.4908297830192204,ADMM,8,459
0.3790322580645161,0.46667066420435505,ADMM,8,460
0.4811320754716981,0.4643413731956172,ADMM,8,461
0.14754098360655732,0.15870257619559155,ADMM,8,462
0.6363636363636364,0.5464089192582041,ADMM,8,463
0.3771929824561404,0.2831176770257689,ADMM,8,464
0.4772727272727273,0.5155202132723553,ADMM,8,465
0.4482758620689655,0.3092655441517327,ADMM,8,466
0.2295081967213115,0.2160980874469381,ADMM,8,467
0.3412698412698413,0.35937950643226435,ADMM,8,468
0.4098360655737705,0.34656702907603704,ADMM,8,469
0.06896551724137934,0.12223164509357556,ADMM,8,470
0.10909090909090913,0.07177057196251171,ADMM,8,471
0.42105263157894735,0.3009334239858261,ADMM,8,472
0.09482758620689657,0.13080433487170634,ADMM,8,473
0.13559322033898302,0.17986135531529124,ADMM,8,474
0.31034482758620685,0.22549357404903853,ADMM,8,475
0.28181818181818175,0.257488493392096,ADMM,8,476
0.19827586206896552,0.1710488130671557,ADMM,8,477
0.15573770491803285,0.16491816735948844,ADMM,8,478
0.2894736842105263,0.1852180104298906,ADMM,8,479
0.1842105263157895,0.11317450485321284,ADMM,8,480
0.1607142857142857,0.10523952292723926,ADMM,8,481
0.35344827586206895,0.2987814601097561,ADMM,8,482
0.2016129032258065,0.1858794303439678,ADMM,8,483
0.19999999999999996,0.10513871469323122,ADMM,8,484
0.27966101694915246,0.19195680273273252,ADMM,8,485
0.25,0.22636464792995975,ADMM,8,486
0.7105263157894737,0.6262721376232315,ADMM,8,487
0.36363636363636365,0.27548233579900355,ADMM,8,488
0.125,0.12203098811139014,ADMM,8,489
0.5,0.4181388581576757,ADMM,8,490
0.15454545454545454,0.18841377122982716,ADMM,8,491
0.07017543859649122,0.05951296096473554,ADMM,8,492
0.1484375,0.1736201295338259,ADMM,8,493
0.3813559322033898,0.3383915495535952,ADMM,8,494
0.2586206896551724,0.13357392372797802,ADMM,8,495
0.16666666666666663,0.13890531647159426,ADMM,8,496
0.525,0.3890347765847709,ADMM,8,497
0.26724137931034475,0.280589716067393,ADMM,8,498
0.3660714285714286,0.47961156497735363,ADMM,8,499
0.2592592592592593,0.25241984101707193,ADMM,8,500
0.27586206896551724,0.2661661511028304,ADMM,8,501
0.296875,0.32075189695593503,ADMM,8,502
0.27586206896551724,0.3530343824355018,ADMM,8,503
0.3214285714285714,0.3016394979083969,ADMM,8,504
0.5789473684210527,0.42148238473787625,ADMM,8,505
0.4528301886792453,0.40665883643421297,ADMM,8,506
0.5423728813559322,0.5542942049820808,ADMM,8,507
0.3214285714285714,0.32338227710769063,ADMM,8,508
0.5666666666666667,0.4717802897852277,ADMM,8,509
0.3363636363636364,0.5120713416988723,ADMM,8,510
0.2058823529411764,0.36640943600170806,ADMM,8,511
0.543859649122807,0.5763310492792528,ADMM,8,512
0.2232142857142857,0.19766504975937108,ADMM,8,513
0.1454545454545455,0.28655998395634175,ADMM,8,514
0.27192982456140347,0.4016144084175139,ADMM,8,515
0.29824561403508776,0.39545246152759983,ADMM,8,516
0.3909090909090909,0.42147285150233255,ADMM,8,517
0.19444444444444442,0.30458448864386883,ADMM,8,518
0.2068965517241379,0.30111321902615973,ADMM,8,519
0.435483870967742,0.45565495438014847,ADMM,8,520
0.32499999999999996,0.32698049258830386,ADMM,8,521
0.25,0.1483521038141172,ADMM,8,522
0.4482758620689655,0.3659804795510398,ADMM,8,523
0.5,0.4514810623979659,ADMM,8,524
0.3846153846153846,0.4502928628794071,ADMM,8,525
0.4107142857142857,0.4552682235576799,ADMM,8,526
0.6311475409836066,0.5601953312520782,ADMM,8,527
0.40909090909090917,0.41270928285434283,ADMM,8,528
0.2807017543859649,0.38349510116357927,ADMM,8,529
0.15254237288135597,0.27994777087282985,ADMM,8,530
0.2314814814814815,0.2956924765028614,ADMM,8,531
0.2786885245901639,0.4016111471874016,ADMM,8,532
0.4916666666666667,0.6131328647246383,ADMM,8,533
0.6349206349206349,0.6662799234884953,ADMM,8,534
0.6057692307692307,0.6043861111706083,ADMM,8,535
0.5714285714285714,0.6102263263845924,ADMM,8,536
0.3727272727272728,0.4758061094524726,ADMM,8,537
0.5789473684210527,0.6241565838881172,ADMM,8,538
0.20833333333333337,0.2911294694536892,ADMM,8,539
0.211864406779661,0.21528473991994793,ADMM,8,540
0.2767857142857143,0.3787027050079217,ADMM,8,541
0.20175438596491224,0.21922158593517518,ADMM,8,542
0.18867924528301883,0.2223857327007589,ADMM,8,543
0.3392857142857143,0.33770422936387795,ADMM,8,544
0.35344827586206895,0.3636025330188741,ADMM,8,545
0.4035087719298245,0.42457579238742366,ADMM,8,546
0.3928571428571428,0.48773688126205655,ADMM,8,547
0.6296296296296297,0.4328933727250341,ADMM,8,548
0.29824561403508776,0.33940489291589604,ADMM,8,549
0.19047619047619047,0.21315033171276201,ADMM,8,550
0.4568965517241379,0.38374233756521764,ADMM,8,551
0.39655172413793105,0.3186455701917826,ADMM,8,552
0.39423076923076916,0.3690365544749574,ADMM,8,553
0.47115384615384615,0.341973331496014,ADMM,8,554
0.19090909090909092,0.2316603142410346,ADMM,8,555
0.6754385964912281,0.6261635470244672,ADMM,8,556
0.5086206896551724,0.36126300098264164,ADMM,8,557
0.23728813559322037,0.24549481033422718,ADMM,8,558
0.4528301886792453,0.4429100279962485,ADMM,8,559
0.2627118644067796,0.2594553947186949,ADMM,8,560
0.13888888888888884,0.19726964799220337,ADMM,8,561
0.368421052631579,0.459134429197818,ADMM,8,562
0.4568965517241379,0.38058894810919747,ADMM,8,563
0.22807017543859653,0.33538681988654134,ADMM,8,564
0.41666666666666674,0.47630853336645906,ADMM,8,565
0.3362068965517242,0.45107977174243863,ADMM,8,566
0.6578947368421053,0.5839044716700863,ADMM,8,567
0.5350877192982456,0.5068216292551537,ADMM,8,568
0.7543859649122807,0.7301659519765198,ADMM,8,569
0.4636363636363636,0.534859832556343,ADMM,8,570
0.631578947368421,0.6706822638307545,ADMM,8,571
0.30645161290322576,0.3408980219896753,ADMM,8,572
0.287037037037037,0.32870292382459776,ADMM,8,573
0.2592592592592593,0.3426513556167166,ADMM,8,574
0.26415094339622636,0.18818797947626856,ADMM,8,575
0.18333333333333335,0.143017161371436,ADMM,8,576
0.7166666666666667,0.6168527846971502,ADMM,8,577
0.5877192982456141,0.40558247680118287,ADMM,8,578
0.6181818181818182,0.6528247245249071,ADMM,8,579
0.5416666666666666,0.4508322346602716,ADMM,8,580
0.4181818181818182,0.47488755093893964,ADMM,8,581
0.6785714285714286,0.5454148598608719,ADMM,8,582
0.3363636363636364,0.38315942879981046,ADMM,8,583
0.2333333333333334,0.32792471328635925,ADMM,8,584
0.5901639344262295,0.442145381551945,ADMM,8,585
0.39622641509433965,0.45432515315859506,ADMM,8,586
0.5847457627118644,0.5771250538056891,ADMM,8,587
0.09482758620689657,0.07285991101616852,ADMM,8,588
0.4298245614035088,0.43594320360337435,ADMM,8,589
0.3879310344827587,0.43444756703456355,ADMM,8,590
0.2053571428571428,0.25358507011452225,ADMM,8,591
0.3303571428571428,0.4293899000326703,ADMM,8,592
0.25,0.379199318708914,ADMM,8,593
0.1875,0.2659661377757118,ADMM,8,594
0.825,0.8084124584609281,ADMM,8,595
0.3879310344827587,0.35923905183366256,ADMM,8,596
0.5849056603773585,0.5029307933010171,ADMM,8,597
0.4152542372881356,0.5228481587727467,ADMM,8,598
0.2589285714285714,0.3452241932770092,ADMM,8,599
0.4918032786885246,0.36236438657660874,ADMM,8,600
0.6833333333333333,0.6333432132679518,ADMM,8,601
0.603448275862069,0.5130237190871482,ADMM,8,602
0.6363636363636364,0.5731949192666369,ADMM,8,603
0.34905660377358494,0.36998163487128605,ADMM,8,604
0.23728813559322037,0.24901995618670814,ADMM,8,605
0.21052631578947367,0.2701433291891181,ADMM,8,606
0.31896551724137934,0.3184656635617395,ADMM,8,607
0.2421875,0.2200807302349802,ADMM,8,608
0.4722222222222222,0.42703682500698303,ADMM,8,609
0.38181818181818183,0.2900196538150466,ADMM,8,610
0.6339285714285714,0.5434624563103986,ADMM,8,611
0.4285714285714286,0.33560986267798776,ADMM,8,612
0.4035087719298245,0.33217034186084743,ADMM,8,613
0.5089285714285714,0.5574302346698733,ADMM,8,614
0.3113207547169812,0.26437745421256237,ADMM,8,615
0.17592592592592593,0.22699750604872498,ADMM,8,616
0.21818181818181814,0.2563049639213769,ADMM,8,617
0.7545454545454545,0.7047132673213561,ADMM,8,618
0.5471698113207547,0.3829688479040615,ADMM,8,619
0.11206896551724133,0.12579389936044963,ADMM,8,620
0.6810344827586207,0.586266526135946,ADMM,8,621
0.17924528301886788,0.1936498372968046,ADMM,8,622
0.09322033898305082,0.1862481929257583,ADMM,8,623
0.3157894736842105,0.3057708253106129,ADMM,8,624
0.3660714285714286,0.29892880649992604,ADMM,8,625
0.1885245901639344,0.2678979702181161,ADMM,8,626
0.5350877192982456,0.5776482667454561,ADMM,8,627
0.44999999999999996,0.36288021454430697,ADMM,8,628
0.31034482758620685,0.18489679896577224,ADMM,8,629
0.5423728813559322,0.5418988404173136,ADMM,8,630
0.46031746031746024,0.464857177580458,ADMM,8,631
0.4035087719298245,0.4044616107713044,ADMM,8,632
0.6140350877192983,0.5700899800739815,ADMM,8,633
0.4642857142857143,0.4732886902765229,ADMM,8,634
0.2946428571428572,0.37057168730571505,ADMM,8,635
0.27966101694915246,0.38403666731529035,ADMM,8,636
0.37735849056603776,0.2849681844853617,ADMM,8,637
0.29166666666666674,0.3454708504742093,ADMM,8,638
0.2338709677419355,0.27426964292971723,ADMM,8,639
0.4818181818181818,0.40061394726093685,ADMM,8,640
0.4537037037037037,0.3761861690008572,ADMM,8,641
0.43103448275862066,0.3596759300200032,ADMM,8,642
0.3545454545454545,0.486443216277285,ADMM,8,643
0.3727272727272728,0.5766769694774612,ADMM,8,644
0.3070175438596492,0.3873581660555479,ADMM,8,645
0.3090909090909091,0.36664903853093134,ADMM,8,646
0.5,0.5604378976744863,ADMM,8,647
0.34905660377358494,0.47258089913850676,ADMM,8,648
0.5,0.42950466706120166,ADMM,8,649
0.39814814814814814,0.36213843763836273,ADMM,8,650
0.17543859649122806,0.2428184496195751,ADMM,8,651
0.7982456140350878,0.6249424442054322,ADMM,8,652
0.47540983606557374,0.5089904368973892,ADMM,8,653
0.21311475409836067,0.23570525098064138,ADMM,8,654
0.3771929824561404,0.5204690390973591,ADMM,8,655
0.20967741935483875,0.31274023255626426,ADMM,8,656
0.2232142857142857,0.24157517830411954,ADMM,8,657
0.4655172413793103,0.47378418663568644,ADMM,8,658
0.34615384615384615,0.3299056985825555,ADMM,8,659
0.3728813559322034,0.36646456613609724,ADMM,8,660
0.4722222222222222,0.4918662937289788,ADMM,8,661
0.4051724137931034,0.44382788183917854,ADMM,8,662
0.49122807017543857,0.4810108465267797,ADMM,8,663
0.9224137931034483,0.8423971447064879,ADMM,8,664
0.2192982456140351,0.22878335536980357,ADMM,8,665
0.4083333333333333,0.4197075042916705,ADMM,8,666
0.17272727272727273,0.2615424373532586,ADMM,8,667
0.27118644067796605,0.349327721481193,ADMM,8,668
0.24561403508771928,0.22080630172109034,ADMM,8,669
0.3909090909090909,0.3989641509662481,ADMM,8,670
0.2547169811320755,0.26097665980040047,ADMM,8,671
0.7142857142857143,0.6847455907192352,ADMM,8,672
0.6551724137931034,0.6999275729143741,ADMM,8,673
0.3278688524590163,0.3299874074128559,ADMM,8,674
0.5083333333333333,0.5595778864906713,ADMM,8,675
0.1785714285714286,0.2601618033228771,ADMM,8,676
0.22807017543859653,0.2678110246026835,ADMM,8,677
0.1923076923076923,0.2977330108793581,ADMM,8,678
0.631578947368421,0.5555229260928028,ADMM,8,679
0.8947368421052632,0.7532924444705017,ADMM,8,680
0.10169491525423724,0.06852709805774408,ADMM,8,681
0.4491525423728814,0.3957559135321869,ADMM,8,682
0.2090909090909091,0.21101591225841282,ADMM,8,683
0.1929824561403508,0.2617144565248775,ADMM,8,684
0.2844827586206897,0.26102132961676644,ADMM,8,685
0.31896551724137934,0.3876804596959332,ADMM,8,686
0.12037037037037035,0.2227264633374916,ADMM,8,687
0.525,0.5586318762280715,ADMM,8,688
0.35964912280701755,0.3364075278498664,ADMM,8,689
0.2983870967741935,0.3835925935044206,ADMM,8,690
0.6166666666666667,0.5541082162943188,ADMM,8,691
0.5901639344262295,0.538630620136528,ADMM,8,692
0.5350877192982456,0.5594493166202517,ADMM,8,693
0.36440677966101687,0.42226675573645656,ADMM,8,694
0.2807017543859649,0.3092219460235213,ADMM,8,695
0.22413793103448276,0.23579879253587652,ADMM,8,696
0.6,0.4974075649179092,ADMM,8,697
0.2777777777777778,0.18578312551683177,ADMM,8,698
0.6578947368421053,0.7027150226954866,ADMM,8,699
0.4363636363636363,0.42176115390960556,ADMM,8,700
0.39655172413793105,0.4925811390093362,ADMM,8,701
0.4067796610169492,0.42816557400765615,ADMM,8,702
0.2931034482758621,0.3604157367146424,ADMM,8,703
0.29166666666666674,0.4142548745699435,ADMM,8,704
0.3125,0.44838935351604253,ADMM,8,705
0.34259259259259256,0.42238546191171744,ADMM,8,706
0.4298245614035088,0.4254822857516311,ADMM,8,707
0.5727272727272728,0.5936232718251668,ADMM,8,708
0.42307692307692313,0.3814098670660851,ADMM,8,709
0.10344827586206895,0.03793807998338578,ADMM,8,710
0.6428571428571429,0.5932085442639053,ADMM,8,711
0.5416666666666666,0.6293686917034843,ADMM,8,712
0.2033898305084746,0.19117106665038563,ADMM,8,713
0.7203389830508474,0.6499032822838422,ADMM,8,714
0.2767857142857143,0.34829343588563616,ADMM,8,715
0.2142857142857143,0.3595994285235954,ADMM,8,716
0.5357142857142857,0.5860268575675043,ADMM,8,717
0.2421875,0.34328497046816475,ADMM,8,718
0.4351851851851851,0.38656410945413355,ADMM,8,719
0.31896551724137934,0.35566773748954456,ADMM,8,720
0.19999999999999996,0.3150915313745199,ADMM,8,721
0.1610169491525424,0.28286869511468415,ADMM,8,722
0.375,0.4362261545952192,ADMM,8,723
0.1428571428571428,0.1818494268742866,ADMM,8,724
0.2946428571428572,0.30245506957346435,ADMM,8,725
0.10377358490566035,0.13981780569712055,ADMM,8,726
0.2946428571428572,0.3536305972528606,ADMM,8,727
0.2857142857142857,0.32064803155701543,ADMM,8,728
0.7719298245614035,0.6334077014699814,ADMM,8,729
0.7166666666666667,0.743524715107924,ADMM,8,730
0.4137931034482758,0.3107976820980744,ADMM,8,731
0.46226415094339623,0.5352827503362194,ADMM,8,732
0.2410714285714286,0.28254277585876547,ADMM,8,733
0.2589285714285714,0.2974610008566696,ADMM,8,734
0.2807017543859649,0.37957767453889596,ADMM,8,735
0.44545454545454544,0.437183062693197,ADMM,8,736
0.8706896551724138,0.672093970759943,ADMM,8,737
0.018181818181818188,0.08038114879238126,ADMM,8,738
0.5701754385964912,0.5293992219182962,ADMM,8,739
0.2407407407407407,0.22565110489939513,ADMM,8,740
0.20370370370370372,0.22339046860622297,ADMM,8,741
0.3545454545454545,0.3522773090317713,ADMM,8,742
0.2547169811320755,0.35881682315351654,ADMM,8,743
0.13636363636363635,0.27761083991216295,ADMM,8,744
0.4913793103448276,0.5926565287013359,ADMM,8,745
0.24561403508771928,0.33858042470673083,ADMM,8,746
0.603448275862069,0.5624825218273601,ADMM,8,747
0.5526315789473685,0.46383610502771916,ADMM,8,748
0.38888888888888884,0.3773634023107852,ADMM,8,749
0.35964912280701755,0.5013662303865545,ADMM,8,750
0.3545454545454545,0.3106186778759652,ADMM,8,751
0.5272727272727272,0.6100875666560978,ADMM,8,752
0.4907407407407407,0.4835778683209918,ADMM,8,753
0.4351851851851851,0.49902865979049177,ADMM,8,754
0.5789473684210527,0.618653476562721,ADMM,8,755
0.35964912280701755,0.47260451075073256,ADMM,8,756
0.16666666666666663,0.30154298112473643,ADMM,8,757
0.2857142857142857,0.30250252559457574,ADMM,8,758
0.5576923076923077,0.5350061938011144,ADMM,8,759
0.6403508771929824,0.6471935992753985,ADMM,8,760
0.3363636363636364,0.3678974365981373,ADMM,8,761
0.6160714285714286,0.5772573939926512,ADMM,8,762
0.5446428571428571,0.5887141339598474,ADMM,8,763
0.27966101694915246,0.3604390357792892,ADMM,8,764
0.3306451612903225,0.3706761083006405,ADMM,8,765
0.18867924528301883,0.26552207527932553,ADMM,8,766
0.4375,0.4234095228183146,ADMM,8,767
0.509090909090909,0.4378328199572619,ADMM,8,768
0.3771929824561404,0.5076415231965067,ADMM,8,769
0.43103448275862066,0.47791183545194843,ADMM,8,770
0.4056603773584906,0.5398693809056366,ADMM,8,771
0.5267857142857143,0.6360556759840608,ADMM,8,772
0.25,0.18528935069747096,ADMM,8,773
0.4818181818181818,0.45811158553326287,ADMM,8,774
0.6759259259259259,0.5472292321308863,ADMM,8,775
0.287037037037037,0.35257497949174554,ADMM,8,776
0.09523809523809523,0.0925269230892322,ADMM,8,777
0.4224137931034483,0.4276540077906101,ADMM,8,778
0.2909090909090909,0.25186325516738656,ADMM,8,779
0.27192982456140347,0.331245803326366,ADMM,8,780
0.3771929824561404,0.4452363910731065,ADMM,8,781
0.5094339622641509,0.46505261924990066,ADMM,8,782
0.3545454545454545,0.4636107063333036,ADMM,8,783
0.13492063492063489,0.20242925105423779,ADMM,8,784
0.55,0.5616383205387736,ADMM,8,785
0.45614035087719296,0.45948500299348816,ADMM,8,786
0.2410714285714286,0.22511661461724122,ADMM,8,787
0.288135593220339,0.45254699184921227,ADMM,8,788
0.35344827586206895,0.4953684266078095,ADMM,8,789
0.5614035087719298,0.5746332196264083,ADMM,8,790
0.1428571428571428,0.08672360147316355,ADMM,8,791
0.3214285714285714,0.3122304867973385,ADMM,8,792
0.2314814814814815,0.22931248800630813,ADMM,8,793
0.4553571428571428,0.2686761747970186,ADMM,8,794
0.3017241379310345,0.3552722779339632,ADMM,8,795
0.4716981132075472,0.38368110470734634,ADMM,8,796
0.49122807017543857,0.5049291835219776,ADMM,8,797
0.4,0.46439183181307964,ADMM,8,798
0.18867924528301883,0.28768991724564424,ADMM,8,799
0.3070175438596492,0.4831769929837067,ADMM,8,800
0.38983050847457634,0.5509778849443403,ADMM,8,801
0.4553571428571428,0.4861965456255548,ADMM,8,802
0.2416666666666667,0.17642491535871652,ADMM,8,803
0.6186440677966102,0.5914064954716923,ADMM,8,804
0.26724137931034475,0.3274462592905063,ADMM,8,805
0.17592592592592593,0.25850946893571974,ADMM,8,806
0.1637931034482758,0.26965132025706684,ADMM,8,807
0.22881355932203395,0.26046624406118646,ADMM,8,808
0.1311475409836066,0.24453084693650629,ADMM,8,809
0.1271186440677966,0.1309345932034222,ADMM,8,810
0.185483870967742,0.18584426549193894,ADMM,8,811
0.8909090909090909,0.6995357096379149,ADMM,8,812
0.5175438596491229,0.41143380060082074,ADMM,8,813
0.09090909090909094,0.15947030093151246,ADMM,8,814
0.17272727272727273,0.24871314743322764,ADMM,8,815
0.6,0.6145931761785309,ADMM,8,816
0.16666666666666663,0.14450677091616956,ADMM,8,817
0.7807017543859649,0.5660963816556648,ADMM,8,818
0.2627118644067796,0.4357761480221797,ADMM,8,819
0.2589285714285714,0.2251908112426784,ADMM,8,820
0.2962962962962963,0.33148853262243266,ADMM,8,821
0.18103448275862066,0.15711872169771474,ADMM,8,822
0.11864406779661019,0.2388601015086502,ADMM,8,823
0.6428571428571429,0.5326762549577231,ADMM,8,824
0.2033898305084746,0.18533599576091261,ADMM,8,825
0.11403508771929827,0.2350312105492341,ADMM,8,826
0.3660714285714286,0.31172363171569417,ADMM,8,827
0.2661290322580645,0.402269359918756,ADMM,8,828
0.27966101694915246,0.4076876422277488,ADMM,8,829
0.3055555555555556,0.46241206611526586,ADMM,8,830
0.3090909090909091,0.405374676525955,ADMM,8,831
0.29807692307692313,0.4124347882132728,ADMM,8,832
0.15833333333333333,0.27122745382027375,ADMM,8,833
0.3017241379310345,0.34925549965474934,ADMM,8,834
0.3870967741935484,0.34088210396946717,ADMM,8,835
0.23584905660377364,0.2643248052043864,ADMM,8,836
0.2457627118644068,0.3121853055976355,ADMM,8,837
0.41666666666666674,0.5007270852038189,ADMM,8,838
0.4017857142857143,0.5270815087218212,ADMM,8,839
0.047169811320754707,0.06822106799724628,ADMM,8,840
0.27118644067796605,0.21439878248820773,ADMM,8,841
0.2767857142857143,0.3187063066956667,ADMM,8,842
0.3125,0.36838169556864814,ADMM,8,843
0.6271186440677966,0.4992877092919345,ADMM,8,844
0.5714285714285714,0.528642161012677,ADMM,8,845
0.75,0.5932002525989523,ADMM,8,846
0.3018867924528301,0.4093705539992841,ADMM,8,847
0.2407407407407407,0.33665892683228055,ADMM,8,848
0.21818181818181814,0.26460353312258533,ADMM,8,849
0.5,0.5006515041186653,ADMM,8,850
0.25,0.3269061378740033,ADMM,8,851
0.17500000000000004,0.24599558288248086,ADMM,8,852
0.1694915254237288,0.27172689585968984,ADMM,8,853
0.20370370370370372,0.3821567320903851,ADMM,8,854
0.25,0.3006603306423376,ADMM,8,855
0.1578947368421053,0.21835047464706508,ADMM,8,856
0.23684210526315785,0.22137019974807548,ADMM,8,857
0.20175438596491224,0.30817044406106686,ADMM,8,858
0.6578947368421053,0.6042081711327869,ADMM,8,859
0.29166666666666674,0.31873405738372335,ADMM,8,860
0.2068965517241379,0.24750101813019526,ADMM,8,861
0.30952380952380953,0.2839372094688128,ADMM,8,862
0.6339285714285714,0.6733975857145305,ADMM,8,863
0.3482142857142857,0.2969226701866205,ADMM,8,864
0.4056603773584906,0.5024363072347733,ADMM,8,865
0.6090909090909091,0.6010771398965985,ADMM,8,866
0.23770491803278682,0.2747300948631994,ADMM,8,867
0.5283018867924528,0.5220232227688596,ADMM,8,868
0.12068965517241381,0.2825865665157845,ADMM,8,869
0.13157894736842102,0.19551524223224592,ADMM,8,870
0.4375,0.45752322038898785,ADMM,8,871
0.13559322033898302,0.1405290098152761,ADMM,8,872
0.19999999999999996,0.291772063236541,ADMM,8,873
0.25,0.3427499009587306,ADMM,8,874
0.6666666666666666,0.49714457979325527,ADMM,8,875
0.631578947368421,0.570689314784645,ADMM,8,876
0.39814814814814814,0.29870423424769815,ADMM,8,877
0.3833333333333333,0.3955121538985353,ADMM,8,878
0.5175438596491229,0.4268176948723787,ADMM,8,879
0.5178571428571429,0.5225911530828212,ADMM,8,880
0.3035714285714286,0.396526102232895,ADMM,8,881
0.6272727272727273,0.613805217636735,ADMM,8,882
0.4339622641509434,0.5243273969854251,ADMM,8,883
0.34745762711864403,0.3213558668445922,ADMM,8,884
0.05833333333333335,0.10470580313450521,ADMM,8,885
0.4298245614035088,0.3635973370139779,ADMM,8,886
0.5333333333333333,0.5738221303803333,ADMM,8,887
0.2222222222222222,0.3004887075666087,ADMM,8,888
0.75,0.6812679806085482,ADMM,8,889
0.5241935483870968,0.49217434093151524,ADMM,8,890
0.3571428571428572,0.46279611530189607,ADMM,8,891
0.6636363636363637,0.648059670589142,ADMM,8,892
0.2192982456140351,0.22668925024633296,ADMM,8,893
0.4224137931034483,0.4309530145241326,ADMM,8,894
0.4051724137931034,0.4155120615984374,ADMM,8,895
0.2946428571428572,0.26415771185758924,ADMM,8,896
0.44067796610169485,0.3609526084674917,ADMM,8,897
0.4814814814814814,0.28822644775554085,ADMM,8,898
0.3400000000000001,0.3856464083928982,ADMM,8,899
0.7946428571428571,0.5002789715017089,ADMM,8,900
0.6851851851851852,0.630623850293728,ADMM,8,901
0.4017857142857143,0.4718423730501939,ADMM,8,902
0.8771929824561403,0.7599901496515742,ADMM,8,903
0.49056603773584906,0.42093705475031606,ADMM,8,904
0.2272727272727273,0.31492531857798767,ADMM,8,905
0.10169491525423724,0.1286050204918329,ADMM,8,906
0.44736842105263164,0.5041579873083256,ADMM,8,907
0.3125,0.38992645912102386,ADMM,8,908
0.24545454545454548,0.2804717885726259,ADMM,8,909
0.4913793103448276,0.6709309980968569,ADMM,8,910
0.4326923076923077,0.5999467887351346,ADMM,8,911
0.3620689655172413,0.6100412033490914,ADMM,8,912
0.6982758620689655,0.5565989805481265,ADMM,8,913
0.28181818181818175,0.28931677660142285,ADMM,8,914
0.8389830508474576,0.7050678260657176,ADMM,8,915
0.6454545454545455,0.4495368591334097,ADMM,8,916
0.2666666666666666,0.4128037372810541,ADMM,8,917
0.576271186440678,0.5034056692909404,ADMM,8,918
0.26363636363636367,0.2018595979187948,ADMM,8,919
0.5982142857142857,0.570774596868913,ADMM,8,920
0.33333333333333326,0.4350426113530794,ADMM,8,921
0.19090909090909092,0.3502513869922137,ADMM,8,922
0.2777777777777778,0.46570754490885813,ADMM,8,923
0.543859649122807,0.5613076150850689,ADMM,8,924
0.625,0.5248111894811858,ADMM,8,925
0.08490566037735847,0.08585080811984541,ADMM,8,926
0.3392857142857143,0.32964079965202625,ADMM,8,927
0.3035714285714286,0.31835899221356634,ADMM,8,928
0.26415094339622636,0.21167389258012537,ADMM,8,929
0.36363636363636365,0.3673676113600772,ADMM,8,930
0.30327868852459017,0.38498530953773424,ADMM,8,931
0.31034482758620685,0.5563540141639199,ADMM,8,932
0.7068965517241379,0.6825564888791811,ADMM,8,933
0.30327868852459017,0.303094408114344,ADMM,8,934
0.34375,0.38132803299402196,ADMM,8,935
0.4814814814814814,0.5369850400208389,ADMM,8,936
0.41666666666666674,0.3945602146166408,ADMM,8,937
0.3421052631578947,0.31733192465649496,ADMM,8,938
0.3706896551724138,0.46060673025979065,ADMM,8,939
0.1339285714285714,0.25202782752304026,ADMM,8,940
0.20175438596491224,0.2967660504949945,ADMM,8,941
0.3362068965517242,0.38110145108492277,ADMM,8,942
0.4655172413793103,0.3817999127995642,ADMM,8,943
0.4576271186440678,0.49221666101554007,ADMM,8,944
0.11864406779661019,0.1403115901703416,ADMM,8,945
0.35185185185185186,0.4498317157548994,ADMM,8,946
0.32407407407407407,0.3206168070720223,ADMM,8,947
0.3660714285714286,0.35272740875847175,ADMM,8,948
0.2295081967213115,0.2801753219962733,ADMM,8,949
0.35,0.29333970402597187,ADMM,8,950
0.19444444444444442,0.26812945236517405,ADMM,8,951
0.3666666666666667,0.39563837916380173,ADMM,8,952
0.4516129032258065,0.43922876839769803,ADMM,8,953
0.5272727272727272,0.5508889420087527,ADMM,8,954
0.39655172413793105,0.49632866845085416,ADMM,8,955
0.41129032258064524,0.45524253842449164,ADMM,8,956
0.373015873015873,0.4204444370920646,ADMM,8,957
0.33333333333333326,0.29384581513913544,ADMM,8,958
0.23636363636363633,0.2929090508125378,ADMM,8,959
0.4649122807017544,0.43734360089900054,ADMM,8,960
0.3303571428571428,0.3836838315996041,ADMM,8,961
0.1339285714285714,0.23611536921027756,ADMM,8,962
0.0982142857142857,0.11221997494565884,ADMM,8,963
0.31666666666666665,0.43771772541649634,ADMM,8,964
0.3833333333333333,0.40820156940211294,ADMM,8,965
0.6416666666666667,0.4379101164351751,ADMM,8,966
0.509090909090909,0.46270471721034195,ADMM,8,967
0.3928571428571428,0.40323258965596237,ADMM,8,968
0.1694915254237288,0.15772131134896974,ADMM,8,969
0.4196428571428572,0.3521810229797962,ADMM,8,970
0.45238095238095233,0.3834811181241627,ADMM,8,971
0.5,0.3952927224882879,ADMM,8,972
0.38983050847457634,0.3678144186432611,ADMM,8,973
0.19444444444444442,0.29654492982327957,ADMM,8,974
0.509090909090909,0.6135354666914672,ADMM,8,975
0.25,0.27982906515082034,ADMM,8,976
0.6754385964912281,0.5116815599892779,ADMM,8,977
0.8245614035087719,0.778869129003406,ADMM,8,978
0.3571428571428572,0.3690162753553349,ADMM,8,979
0.032786885245901676,0.042609417684523476,ADMM,8,980
0.33333333333333326,0.4365166523807085,ADMM,8,981
0.21052631578947367,0.23904350927978796,ADMM,8,982
0.18181818181818188,0.2506507717573282,ADMM,8,983
0.28181818181818175,0.38253173156583,ADMM,8,984
0.4642857142857143,0.3992087099213584,ADMM,8,985
0.4528301886792453,0.504312594519333,ADMM,8,986
0.675,0.6853646014046971,ADMM,8,987
0.2333333333333334,0.3635265787734071,ADMM,8,988
0.7796610169491526,0.5863009942013946,ADMM,8,989
0.8559322033898306,0.7733592128647953,ADMM,8,990
0.5338983050847458,0.5477516347999047,ADMM,8,991
0.3392857142857143,0.3688537394050271,ADMM,8,992
0.5689655172413793,0.6036924955567752,ADMM,8,993
0.7678571428571429,0.6298183279246261,ADMM,8,994
0.1454545454545455,0.22810023538225582,ADMM,8,995
0.10377358490566035,0.17417035493365757,ADMM,8,996
0.2583333333333333,0.30145775697246147,ADMM,8,997
0.31034482758620685,0.3050557983631262,ADMM,8,998
0.19090909090909092,0.15088611143203434,ADMM,8,999
0.3157894736842105,0.5021516436256692,ADMM,8,1000
0.5089285714285714,0.5261390889402581,ADMM,8,1001
0.6492537313432836,0.6127917395006058,ADMM,8,1002
0.5350877192982456,0.6192218318793111,ADMM,8,1003
0.17500000000000004,0.16454387585516167,ADMM,8,1004
0.5416666666666666,0.541467403783416,ADMM,8,1005
0.5677966101694916,0.49686785728628063,ADMM,8,1006
0.24545454545454548,0.35832003548697955,ADMM,8,1007
0.6228070175438597,0.633911520552223,ADMM,8,1008
0.2321428571428572,0.28388789118328467,ADMM,8,1009
0.2410714285714286,0.30037021124673263,ADMM,8,1010
0.3125,0.43209354926744525,ADMM,8,1011
0.3125,0.34809556290378607,ADMM,8,1012
0.7844827586206896,0.6974312831244438,ADMM,8,1013
0.2924528301886793,0.3015605307180641,ADMM,8,1014
0.3770491803278688,0.45297908648861496,ADMM,8,1015
0.4913793103448276,0.5336098010019438,ADMM,8,1016
0.1272727272727272,0.2353761695696759,ADMM,8,1017
0.1785714285714286,0.3039518795786794,ADMM,8,1018
0.5681818181818182,0.5578609790191971,ADMM,8,1019
0.2627118644067796,0.3452506517813513,ADMM,8,1020
0.23684210526315785,0.3057712031099272,ADMM,8,1021
0.27586206896551724,0.32993891093193045,ADMM,8,1022
0.4285714285714286,0.42680173023809287,ADMM,8,1023
0.19047619047619047,0.20675209286848784,ADMM,8,1024
0.13559322033898302,0.16199763360961705,ADMM,8,1025
0.4017857142857143,0.3646941086033234,ADMM,8,1026
0.6818181818181818,0.4904149987795615,ADMM,8,1027
0.211864406779661,0.25896684418117977,ADMM,8,1028
0.35593220338983045,0.4923663565835032,ADMM,8,1029
0.3909090909090909,0.5203283589352663,ADMM,8,1030
0.47457627118644075,0.4399366972330678,ADMM,8,1031
0.5714285714285714,0.5948246981897155,ADMM,8,1032
0.3305084745762712,0.31773589443416095,ADMM,8,1033
0.8,0.7826592166990207,ADMM,8,1034
0.5166666666666667,0.5290028256831956,ADMM,8,1035
0.20833333333333337,0.28932785514971177,ADMM,8,1036
0.44545454545454544,0.33460931539992883,ADMM,8,1037
0.04166666666666663,0.048941621696953555,ADMM,8,1038
0.39655172413793105,0.39020786590247003,ADMM,8,1039
0.23076923076923084,0.32048306373596774,ADMM,8,1040
0.20370370370370372,0.2039779010407765,ADMM,8,1041
0.30833333333333335,0.39619390141925587,ADMM,8,1042
0.44999999999999996,0.36965333290870744,ADMM,8,1043
0.38596491228070173,0.5288204446743183,ADMM,8,1044
0.6181818181818182,0.6254897237902102,ADMM,8,1045
0.25,0.2512352333865641,ADMM,8,1046
0.4083333333333333,0.34860387234390566,ADMM,8,1047
0.9210526315789473,0.7039576274931908,ADMM,8,1048
0.635593220338983,0.4691675133347548,ADMM,8,1049
0.06896551724137934,0.1662261497347006,ADMM,8,1050
0.21818181818181814,0.26484228754925493,ADMM,8,1051
0.22499999999999998,0.20529995882395205,ADMM,8,1052
0.45192307692307687,0.3631089012327567,ADMM,8,1053
0.3879310344827587,0.27469492211090074,ADMM,8,1054
0.5172413793103449,0.5221704710556203,ADMM,8,1055
0.19090909090909092,0.2595558958184396,ADMM,8,1056
0.4107142857142857,0.47019477220766837,ADMM,8,1057
0.27192982456140347,0.30950599356225195,ADMM,8,1058
0.35593220338983045,0.28813450945761176,ADMM,8,1059
0.37037037037037035,0.37423547988232375,ADMM,8,1060
0.3571428571428572,0.4340122067150048,ADMM,8,1061
0.08771929824561409,0.17011789036777886,ADMM,8,1062
0.26363636363636367,0.3546406989618467,ADMM,8,1063
0.2857142857142857,0.5300136339730506,ADMM,8,1064
0.06557377049180324,0.0712155988653767,ADMM,8,1065
0.17213114754098358,0.14122993620243895,ADMM,8,1066
0.04629629629629628,0.08764550236861324,ADMM,8,1067
0.010000000000000009,0.08883917622919699,ADMM,8,1068
0.21551724137931028,0.17685405398418225,ADMM,8,1069
0.0892857142857143,0.11779938794079847,ADMM,8,1070
0.07627118644067798,0.13177872859029474,ADMM,8,1071
0.14754098360655732,0.1526763966486403,ADMM,8,1072
0.3524590163934427,0.4152256455741759,ADMM,8,1073
0.1696428571428572,0.179733541712209,ADMM,8,1074
0.6759259259259259,0.6065247162868633,ADMM,8,1075
0.35185185185185186,0.3071636695734093,ADMM,8,1076
0.21052631578947367,0.22133807645212802,ADMM,8,1077
0.40740740740740744,0.3993488696602608,ADMM,8,1078
0.5089285714285714,0.4695537618919777,ADMM,8,1079
0.3275862068965517,0.35640607458376616,ADMM,8,1080
0.33333333333333326,0.31044983987855607,ADMM,8,1081
0.5350877192982456,0.551250581564487,ADMM,8,1082
0.2321428571428572,0.3673940971006258,ADMM,8,1083
0.7131147540983607,0.6036903846552465,ADMM,8,1084
0.2583333333333333,0.3071749458439718,ADMM,8,1085
0.2232142857142857,0.22745826137324443,ADMM,8,1086
0.3679245283018868,0.35601560052162173,ADMM,8,1087
0.5,0.4633352057656938,ADMM,8,1088
0.2767857142857143,0.2588409534661551,ADMM,8,1089
0.22499999999999998,0.22785491838414584,ADMM,8,1090
0.1071428571428571,0.16380893568270527,ADMM,8,1091
0.3771929824561404,0.31213021725411466,ADMM,8,1092
0.5,0.4424176731336454,ADMM,8,1093
0.1517857142857143,0.15623270857071658,ADMM,8,1094
0.2685185185185186,0.17904235099854182,ADMM,8,1095
0.22413793103448276,0.29356152719860135,ADMM,8,1096
0.2407407407407407,0.2649477120854946,ADMM,8,1097
0.32692307692307687,0.30905522652274026,ADMM,8,1098
0.2931034482758621,0.2635541399003048,ADMM,8,1099
0.5847457627118644,0.6074986181466766,ADMM,8,1100
0.4,0.474154258606891,ADMM,8,1101
0.2807017543859649,0.4452672462481003,ADMM,8,1102
0.3157894736842105,0.34517904437339075,ADMM,8,1103
0.2894736842105263,0.3847150987864062,ADMM,8,1104
0.3275862068965517,0.3690353624639198,ADMM,8,1105
0.3706896551724138,0.40430818468477225,ADMM,8,1106
0.2586206896551724,0.35011869373455246,ADMM,8,1107
0.24545454545454548,0.4118110268689941,ADMM,8,1108
0.49056603773584906,0.42050771699197087,ADMM,8,1109
0.3706896551724138,0.38285611683058535,ADMM,8,1110
0.5089285714285714,0.4492111419574703,ADMM,8,1111
0.5267857142857143,0.4437862362841211,ADMM,8,1112
0.4385964912280702,0.5213863460136042,ADMM,8,1113
0.13709677419354838,0.22618764199834426,ADMM,8,1114
0.43442622950819665,0.45589480796053067,ADMM,8,1115
0.3482142857142857,0.38662030512543705,ADMM,8,1116
0.16393442622950816,0.24961287879603233,ADMM,8,1117
0.2966101694915254,0.23975757203241232,ADMM,8,1118
0.532258064516129,0.5588116123417999,ADMM,8,1119
0.631578947368421,0.6950220420693923,ADMM,8,1120
0.3181818181818181,0.32774006323511223,ADMM,8,1121
0.27692307692307694,0.26393729962764184,ADMM,8,1122
0.3125,0.31380555029972107,ADMM,8,1123
0.4482758620689655,0.42786685659696383,ADMM,8,1124
0.4385964912280702,0.5445932470553015,ADMM,8,1125
0.2068965517241379,0.23953482890525327,ADMM,8,1126
0.7545454545454545,0.531090778912187,ADMM,8,1127
0.1692307692307693,0.14114154043670785,ADMM,9,0
0.8507462686567164,0.728297112007724,ADMM,9,1
0.24626865671641784,0.13113804518577832,ADMM,9,2
0.1691176470588236,0.1707292256414564,ADMM,9,3
0.09848484848484851,0.09008353326977603,ADMM,9,4
0.040983606557377095,0.05701218468894976,ADMM,9,5
0.543859649122807,0.4532234244613966,ADMM,9,6
0.25,0.31130177509876766,ADMM,9,7
0.3305084745762712,0.28509136261172857,ADMM,9,8
0.3671875,0.25164845021792265,ADMM,9,9
0.8484848484848485,0.7222825776226366,ADMM,9,10
0.2033898305084746,0.23234176512697624,ADMM,9,11
0.5970149253731343,0.4943518811642942,ADMM,9,12
0.1311475409836066,0.1767366637509293,ADMM,9,13
0.48461538461538467,0.45325707186414244,ADMM,9,14
0.3046875,0.2592752294557681,ADMM,9,15
0.140625,0.13543430459877795,ADMM,9,16
0.26190476190476186,0.17693089597865327,ADMM,9,17
0.24590163934426235,0.24360093023017584,ADMM,9,18
0.11904761904761907,0.12741253951753972,ADMM,9,19
0.07627118644067798,0.05911987932432231,ADMM,9,20
0.38983050847457634,0.31522980991295535,ADMM,9,21
0.05084745762711862,0.06773877145968629,ADMM,9,22
0.17796610169491522,0.11537432166789395,ADMM,9,23
0.16393442622950816,0.16700907823480748,ADMM,9,24
0.0757575757575758,0.14321542728165843,ADMM,9,25
0.08870967741935487,0.09284161382751985,ADMM,9,26
0.1428571428571428,0.0954652092559886,ADMM,9,27
0.17796610169491522,0.19779345852015692,ADMM,9,28
0.11538461538461542,0.08220273457418802,ADMM,9,29
0.08196721311475408,0.08850280918719206,ADMM,9,30
0.1724137931034483,0.16709709696403005,ADMM,9,31
0.14655172413793105,0.16950890342322225,ADMM,9,32
0.056451612903225756,0.10778278846805996,ADMM,9,33
0.0793650793650793,0.09060260844798347,ADMM,9,34
0.3571428571428572,0.2481424489680967,ADMM,9,35
0.4076923076923077,0.3595849423012652,ADMM,9,36
0.16363636363636358,0.12670598000546365,ADMM,9,37
0.12068965517241381,0.14686012874050264,ADMM,9,38
0.19166666666666665,0.15405155407292162,ADMM,9,39
0.11111111111111116,0.0898070878344542,ADMM,9,40
0.08771929824561409,0.05214941242359571,ADMM,9,41
0.08208955223880599,0.09568286634846311,ADMM,9,42
0.265625,0.24650436005006088,ADMM,9,43
0.17460317460317465,0.11366678260752101,ADMM,9,44
0.15000000000000002,0.15876900348812278,ADMM,9,45
0.23809523809523814,0.23837153480687887,ADMM,9,46
0.3181818181818181,0.25024036684983736,ADMM,9,47
0.9761904761904762,0.847140097714381,ADMM,9,48
0.10185185185185186,0.12179212838303011,ADMM,9,49
0.19444444444444442,0.16042358922252728,ADMM,9,50
0.11016949152542377,0.1169588521626444,ADMM,9,51
0.3070175438596492,0.30934252132772583,ADMM,9,52
0.10526315789473684,0.09041274061140014,ADMM,9,53
0.12878787878787878,0.22963579151517977,ADMM,9,54
0.0636363636363636,0.16302669121235042,ADMM,9,55
0.14754098360655732,0.15351329411992792,ADMM,9,56
0.5172413793103449,0.38925132858763023,ADMM,9,57
0.0803571428571429,0.13668796616427958,ADMM,9,58
0.16666666666666663,0.17060275653164322,ADMM,9,59
0.10833333333333339,0.11962817860686444,ADMM,9,60
0.05555555555555558,0.1385828601299795,ADMM,9,61
0.20491803278688525,0.20426973238452517,ADMM,9,62
0.045454545454545414,0.11347725340428012,ADMM,9,63
0.211864406779661,0.11617627074152599,ADMM,9,64
0.3015873015873016,0.2681794208184226,ADMM,9,65
0.2053571428571428,0.13077165737618898,ADMM,9,66
0.42105263157894735,0.3954118412483382,ADMM,9,67
0.12280701754385959,0.11290534633900383,ADMM,9,68
0.3090909090909091,0.27995323016403706,ADMM,9,69
0.05833333333333335,0.09929664706879084,ADMM,9,70
0.1272727272727272,0.14756153766320815,ADMM,9,71
0.19354838709677424,0.18046511783436558,ADMM,9,72
0.07499999999999996,0.10244022087321056,ADMM,9,73
0.06779661016949157,0.08897852445929938,ADMM,9,74
0.07627118644067798,0.08034917275159544,ADMM,9,75
0.1637931034482758,0.11127310325078667,ADMM,9,76
0.17272727272727273,0.20279996387078844,ADMM,9,77
0.06034482758620685,0.08609949526046157,ADMM,9,78
0.15000000000000002,0.1301868667885176,ADMM,9,79
0.435483870967742,0.3374714178301824,ADMM,9,80
0.5526315789473685,0.38590583890063074,ADMM,9,81
0.06666666666666665,0.07047527951853762,ADMM,9,82
0.08196721311475408,0.16976766789112752,ADMM,9,83
0.2589285714285714,0.3059444277486354,ADMM,9,84
0.1272727272727272,0.06357435951774155,ADMM,9,85
0.15322580645161288,0.1165107284909086,ADMM,9,86
0.13559322033898302,0.13331331429914017,ADMM,9,87
0.07547169811320753,0.11609294877622997,ADMM,9,88
0.07894736842105265,0.07191084683286461,ADMM,9,89
0.05737704918032782,0.050662775551768395,ADMM,9,90
0.07499999999999996,0.08334232896766768,ADMM,9,91
0.10909090909090913,0.14883357995240878,ADMM,9,92
0.3363636363636364,0.21524005984077954,ADMM,9,93
0.11016949152542377,0.1585514749274447,ADMM,9,94
0.1484375,0.10586669676454676,ADMM,9,95
0.09677419354838712,0.0839299828290064,ADMM,9,96
0.5338983050847458,0.5231054879957407,ADMM,9,97
0.35964912280701755,0.35241636796501263,ADMM,9,98
0.16666666666666663,0.12424287370316697,ADMM,9,99
0.08771929824561409,0.15207381480829107,ADMM,9,100
0.7583333333333333,0.6298610103786696,ADMM,9,101
0.10833333333333339,0.06956003122470061,ADMM,9,102
0.47413793103448276,0.37622799653648414,ADMM,9,103
0.15254237288135597,0.12976334269884734,ADMM,9,104
0.3508771929824561,0.4718485911542543,ADMM,9,105
0.23684210526315785,0.30164243078322567,ADMM,9,106
0.14406779661016955,0.14520496174154984,ADMM,9,107
0.2192982456140351,0.16527545624878698,ADMM,9,108
0.1929824561403508,0.19240170394500244,ADMM,9,109
0.1160714285714286,0.08443467282473523,ADMM,9,110
0.1271186440677966,0.08893674095324297,ADMM,9,111
0.24561403508771928,0.1915866968096479,ADMM,9,112
0.07499999999999996,0.0716353304429514,ADMM,9,113
0.15254237288135597,0.16658088144162944,ADMM,9,114
0.12962962962962965,0.12565532812079735,ADMM,9,115
0.13636363636363635,0.11713932617730323,ADMM,9,116
0.0862068965517242,0.09736135809665426,ADMM,9,117
0.10344827586206895,0.15388644532970333,ADMM,9,118
0.2894736842105263,0.29710596574019243,ADMM,9,119
0.09090909090909094,0.11027623150823594,ADMM,9,120
0.11206896551724133,0.05555552930146562,ADMM,9,121
0.17272727272727273,0.13576918169816923,ADMM,9,122
0.20454545454545459,0.07254582632572378,ADMM,9,123
0.07894736842105265,0.15225773323408703,ADMM,9,124
0.1694915254237288,0.1458564346758923,ADMM,9,125
0.44067796610169485,0.28155083773196277,ADMM,9,126
0.46825396825396826,0.4794661793960434,ADMM,9,127
0.13157894736842102,0.1320822032535804,ADMM,9,128
0.2033898305084746,0.15327276272831686,ADMM,9,129
0.21311475409836067,0.12180811213084729,ADMM,9,130
0.0862068965517242,0.11405492380175246,ADMM,9,131
0.05263157894736836,0.0483734980697348,ADMM,9,132
0.1311475409836066,0.07333197523320828,ADMM,9,133
0.18333333333333335,0.253141611881669,ADMM,9,134
0.0847457627118644,0.056265038591830276,ADMM,9,135
0.15740740740740744,0.07994653994743657,ADMM,9,136
0.13157894736842102,0.1531004754817387,ADMM,9,137
0.0423728813559322,0.10569023252748297,ADMM,9,138
0.17543859649122806,0.17792699485029306,ADMM,9,139
0.07627118644067798,0.1319378716950206,ADMM,9,140
0.2666666666666666,0.2721089151339003,ADMM,9,141
0.09259259259259256,0.07531778375856714,ADMM,9,142
0.23275862068965514,0.17018822455572546,ADMM,9,143
0.09999999999999998,0.1491106442372057,ADMM,9,144
0.15573770491803285,0.1723332160921976,ADMM,9,145
0.38596491228070173,0.33981966606349767,ADMM,9,146
0.05263157894736836,0.09866158583411805,ADMM,9,147
0.018181818181818188,0.16540467843290843,ADMM,9,148
0.08181818181818179,0.10041609628974289,ADMM,9,149
0.06140350877192979,0.1073654622835748,ADMM,9,150
0.10526315789473684,0.1481751448089019,ADMM,9,151
0.056451612903225756,0.09320267034767486,ADMM,9,152
0.05084745762711862,0.09560889743203234,ADMM,9,153
0.28688524590163933,0.2939249563134621,ADMM,9,154
0.14655172413793105,0.1429238811597384,ADMM,9,155
0.32407407407407407,0.3394812378543463,ADMM,9,156
0.1339285714285714,0.13965516051512084,ADMM,9,157
0.2909090909090909,0.2799293852444425,ADMM,9,158
0.01754385964912286,0.08946514239887604,ADMM,9,159
0.09166666666666667,0.13437952161036767,ADMM,9,160
0.05084745762711862,0.1387831945632124,ADMM,9,161
0.07758620689655171,0.07142050089874115,ADMM,9,162
0.08064516129032262,0.09147205597614468,ADMM,9,163
0.04385964912280704,0.09228149265805156,ADMM,9,164
0.1428571428571428,0.22237091732688236,ADMM,9,165
0.11818181818181817,0.14167673410997292,ADMM,9,166
0.05263157894736836,0.07254582959603108,ADMM,9,167
0.0431034482758621,0.13503457065902785,ADMM,9,168
0.2457627118644068,0.26916477230431235,ADMM,9,169
0.5258620689655172,0.3968507574116436,ADMM,9,170
0.05737704918032782,0.05240712375775409,ADMM,9,171
0.056451612903225756,0.15587540527450014,ADMM,9,172
0.2543859649122807,0.30582269424499586,ADMM,9,173
0.08196721311475408,0.0935834774641856,ADMM,9,174
0.14655172413793105,0.13555525953953385,ADMM,9,175
0.12280701754385959,0.205984087222654,ADMM,9,176
0.050000000000000044,0.14868546765996402,ADMM,9,177
0.08196721311475408,0.07892746141728062,ADMM,9,178
0.025423728813559365,0.05838962394960973,ADMM,9,179
0.0267857142857143,0.09903187010356533,ADMM,9,180
0.11904761904761907,0.13000453635912,ADMM,9,181
0.4732142857142857,0.4835837962638342,ADMM,9,182
0.22499999999999998,0.2501375304655857,ADMM,9,183
0.43965517241379315,0.28232888739373485,ADMM,9,184
0.868421052631579,0.8044296344376066,ADMM,9,185
0.2666666666666666,0.20635921597056525,ADMM,9,186
0.19491525423728817,0.26934163346984086,ADMM,9,187
0.31034482758620685,0.23045154358399622,ADMM,9,188
0.2589285714285714,0.38355266022694584,ADMM,9,189
0.37037037037037035,0.4222245717441306,ADMM,9,190
0.2931034482758621,0.4104093449320964,ADMM,9,191
0.5083333333333333,0.3706350519278589,ADMM,9,192
0.4067796610169492,0.2993892696093748,ADMM,9,193
0.6454545454545455,0.4850384726539319,ADMM,9,194
0.32499999999999996,0.36892072084165234,ADMM,9,195
0.5526315789473685,0.37630497231025933,ADMM,9,196
0.2583333333333333,0.24679200408210866,ADMM,9,197
0.14035087719298245,0.18851685470009572,ADMM,9,198
0.6583333333333333,0.6832854265851876,ADMM,9,199
0.2272727272727273,0.2686234582521848,ADMM,9,200
0.5677966101694916,0.49557573753360523,ADMM,9,201
0.2727272727272727,0.3377082411073676,ADMM,9,202
0.2592592592592593,0.32267120019282364,ADMM,9,203
0.4298245614035088,0.34185577642811266,ADMM,9,204
0.4019607843137255,0.4140000767992341,ADMM,9,205
0.28846153846153844,0.45317928690404,ADMM,9,206
0.17307692307692313,0.39426112023474313,ADMM,9,207
0.13636363636363635,0.19048629551659907,ADMM,9,208
0.7105263157894737,0.6422188944502636,ADMM,9,209
0.3928571428571428,0.4352099989079854,ADMM,9,210
0.32407407407407407,0.3344803354808653,ADMM,9,211
0.33333333333333326,0.389896126916317,ADMM,9,212
0.34745762711864403,0.25752502376139236,ADMM,9,213
0.3770491803278688,0.32244421802959744,ADMM,9,214
0.6517857142857143,0.5876352612478003,ADMM,9,215
0.2857142857142857,0.3583882884909215,ADMM,9,216
0.2068965517241379,0.24715313319947121,ADMM,9,217
0.375,0.41797090301416945,ADMM,9,218
0.10909090909090913,0.16658605301564947,ADMM,9,219
0.24137931034482762,0.26023569606794167,ADMM,9,220
0.8145161290322581,0.7773934919108663,ADMM,9,221
0.217741935483871,0.29804064646425876,ADMM,9,222
0.2222222222222222,0.30147989793953456,ADMM,9,223
0.2033898305084746,0.32767186027605255,ADMM,9,224
0.3706896551724138,0.4442374562622815,ADMM,9,225
0.23275862068965514,0.21455217879845448,ADMM,9,226
0.7767857142857143,0.6262700498271607,ADMM,9,227
0.6111111111111112,0.55534108131555,ADMM,9,228
0.3508771929824561,0.3734209209969582,ADMM,9,229
0.15254237288135597,0.1077102598927002,ADMM,9,230
0.1785714285714286,0.1594467907345309,ADMM,9,231
0.3125,0.2629953676337211,ADMM,9,232
0.27192982456140347,0.29430955394741437,ADMM,9,233
0.2264150943396226,0.21725768180741525,ADMM,9,234
0.2735849056603774,0.42413963957974143,ADMM,9,235
0.3728813559322034,0.44362709132767375,ADMM,9,236
0.19444444444444442,0.29102230765186876,ADMM,9,237
0.42592592592592593,0.4723189858147166,ADMM,9,238
0.23636363636363633,0.37633648908246903,ADMM,9,239
0.5081967213114754,0.5750193204501061,ADMM,9,240
0.2457627118644068,0.3308779414627395,ADMM,9,241
0.3392857142857143,0.3961908194377796,ADMM,9,242
0.3571428571428572,0.34873848434094673,ADMM,9,243
0.19166666666666665,0.16875551144063658,ADMM,9,244
0.21818181818181814,0.22651316375423944,ADMM,9,245
0.2767857142857143,0.3265169180000427,ADMM,9,246
0.5089285714285714,0.5763579247633172,ADMM,9,247
0.2543859649122807,0.2927844287495311,ADMM,9,248
0.2622950819672132,0.39405870141153515,ADMM,9,249
0.2192982456140351,0.32186619474524597,ADMM,9,250
0.42592592592592593,0.4234706490160601,ADMM,9,251
0.1416666666666666,0.3381692000774116,ADMM,9,252
0.3839285714285714,0.40588353078849093,ADMM,9,253
0.43103448275862066,0.4924203425291723,ADMM,9,254
0.07894736842105265,0.16670565908361376,ADMM,9,255
0.2457627118644068,0.3132731310408136,ADMM,9,256
0.17272727272727273,0.2816066790446111,ADMM,9,257
0.5648148148148148,0.2912812893207594,ADMM,9,258
0.2068965517241379,0.2317093768444273,ADMM,9,259
0.3017241379310345,0.3752233099160165,ADMM,9,260
0.10833333333333339,0.21141980661877452,ADMM,9,261
0.28181818181818175,0.21713130555682522,ADMM,9,262
0.5263157894736842,0.5745750672055228,ADMM,9,263
0.2547169811320755,0.3645044458934407,ADMM,9,264
0.35849056603773577,0.42131024877269074,ADMM,9,265
0.543859649122807,0.49634133389170143,ADMM,9,266
0.15833333333333333,0.0774396699774332,ADMM,9,267
0.2592592592592593,0.24042553833689864,ADMM,9,268
0.4017857142857143,0.5483566407286993,ADMM,9,269
0.49122807017543857,0.4589228680296231,ADMM,9,270
0.08771929824561409,0.10907889638506868,ADMM,9,271
0.26363636363636367,0.2855152108520303,ADMM,9,272
0.25,0.28133677654171824,ADMM,9,273
0.38181818181818183,0.44451623520712535,ADMM,9,274
0.5377358490566038,0.5459662524321363,ADMM,9,275
0.47413793103448276,0.5000604105920282,ADMM,9,276
0.6090909090909091,0.47387102405827614,ADMM,9,277
0.5725806451612904,0.513801254755915,ADMM,9,278
0.39830508474576276,0.40099962371177567,ADMM,9,279
0.6228070175438597,0.7185922641615623,ADMM,9,280
0.4833333333333334,0.546777435112732,ADMM,9,281
0.1293103448275862,0.15373329930553692,ADMM,9,282
0.4811320754716981,0.5151424654282579,ADMM,9,283
0.2894736842105263,0.3192039533775776,ADMM,9,284
0.5603448275862069,0.5456373336113576,ADMM,9,285
0.575,0.4882631109110678,ADMM,9,286
0.5666666666666667,0.5502358485938741,ADMM,9,287
0.368421052631579,0.4313848459527083,ADMM,9,288
0.21818181818181814,0.3285397461372229,ADMM,9,289
0.75,0.7419905278657246,ADMM,9,290
0.6944444444444444,0.7412198383075966,ADMM,9,291
0.24528301886792447,0.3508571363084694,ADMM,9,292
0.5089285714285714,0.5268435266136807,ADMM,9,293
0.967741935483871,0.9015396606563402,ADMM,9,294
0.4098360655737705,0.3456533434380912,ADMM,9,295
0.10169491525423724,0.09332266163003208,ADMM,9,296
0.423728813559322,0.38953742785988443,ADMM,9,297
0.2946428571428572,0.3606621146166329,ADMM,9,298
0.18103448275862066,0.23210342993907615,ADMM,9,299
0.4181818181818182,0.49928738220274854,ADMM,9,300
0.48245614035087714,0.45292116417033823,ADMM,9,301
0.3793103448275862,0.5670660308754937,ADMM,9,302
0.6206896551724138,0.6917668894585357,ADMM,9,303
0.2033898305084746,0.23504530962724712,ADMM,9,304
0.4196428571428572,0.39954972538534994,ADMM,9,305
0.9098360655737705,0.7084965781355897,ADMM,9,306
0.639344262295082,0.48748104539009834,ADMM,9,307
0.38983050847457634,0.4474775351460056,ADMM,9,308
0.20192307692307687,0.15636114725440495,ADMM,9,309
0.16666666666666663,0.21113350203849524,ADMM,9,310
0.603448275862069,0.4852582911368048,ADMM,9,311
0.21052631578947367,0.25497926163600054,ADMM,9,312
0.42105263157894735,0.25758331828725656,ADMM,9,313
0.28301886792452824,0.2444762848517356,ADMM,9,314
0.3076923076923077,0.2688802852961768,ADMM,9,315
0.423728813559322,0.2880995053906839,ADMM,9,316
0.2596153846153846,0.15863115499816285,ADMM,9,317
0.38983050847457634,0.37668896503512583,ADMM,9,318
0.2142857142857143,0.1741394387512499,ADMM,9,319
0.17272727272727273,0.11791311965208325,ADMM,9,320
0.160377358490566,0.2885166149055813,ADMM,9,321
0.3839285714285714,0.2797884380535519,ADMM,9,322
0.29166666666666674,0.21556423085607168,ADMM,9,323
0.21296296296296302,0.10787277952847908,ADMM,9,324
0.2192982456140351,0.17344771459884956,ADMM,9,325
0.1875,0.16908238084300156,ADMM,9,326
0.18103448275862066,0.13324801542481177,ADMM,9,327
0.2685185185185186,0.1234148342746051,ADMM,9,328
0.2844827586206897,0.2642933645628436,ADMM,9,329
0.1696428571428572,0.09950422959320301,ADMM,9,330
0.10344827586206895,0.09156975044818018,ADMM,9,331
0.38181818181818183,0.24305209427632155,ADMM,9,332
0.19491525423728817,0.1380029429519591,ADMM,9,333
0.11403508771929827,0.14816495244189376,ADMM,9,334
0.46226415094339623,0.4066353730313663,ADMM,9,335
0.2090909090909091,0.15154477455067247,ADMM,9,336
0.38983050847457634,0.2572728897310295,ADMM,9,337
0.5,0.33800718277899583,ADMM,9,338
0.24193548387096775,0.20273261377695154,ADMM,9,339
0.3090909090909091,0.20729760888413926,ADMM,9,340
0.37735849056603776,0.2115943294769663,ADMM,9,341
0.15573770491803285,0.0863827888453416,ADMM,9,342
0.18181818181818188,0.14348820075561042,ADMM,9,343
0.6229508196721312,0.37541378089162325,ADMM,9,344
0.11864406779661019,0.11636723533483688,ADMM,9,345
0.19999999999999996,0.13602253304653714,ADMM,9,346
0.2592592592592593,0.16643343054581897,ADMM,9,347
0.32407407407407407,0.26952459271036316,ADMM,9,348
0.3220338983050848,0.28785435614786986,ADMM,9,349
0.4122807017543859,0.3389240000441147,ADMM,9,350
0.17924528301886788,0.24910164040413268,ADMM,9,351
0.5877192982456141,0.5316099075777624,ADMM,9,352
0.4285714285714286,0.34888975472577566,ADMM,9,353
0.5803571428571429,0.5336249972639127,ADMM,9,354
0.3620689655172413,0.35511507740163734,ADMM,9,355
0.42727272727272725,0.4313217348041083,ADMM,9,356
0.3508771929824561,0.3708763569909313,ADMM,9,357
0.41666666666666674,0.4921832633464395,ADMM,9,358
0.11290322580645162,0.15208886828174764,ADMM,9,359
0.19827586206896552,0.2438750925979901,ADMM,9,360
0.6833333333333333,0.5611156534326869,ADMM,9,361
0.16666666666666663,0.2098344135851895,ADMM,9,362
0.423728813559322,0.4239897150913824,ADMM,9,363
0.2068965517241379,0.21365789533590704,ADMM,9,364
0.26415094339622636,0.19406842968986004,ADMM,9,365
0.23275862068965514,0.35157944003498287,ADMM,9,366
0.5298507462686567,0.5156683416641357,ADMM,9,367
0.5084745762711864,0.4511221279571387,ADMM,9,368
0.2704918032786885,0.33561775447803405,ADMM,9,369
0.11864406779661019,0.09718372137109291,ADMM,9,370
0.5865384615384616,0.475535379777251,ADMM,9,371
0.2542372881355932,0.28603280588473123,ADMM,9,372
0.31896551724137934,0.2698128750021641,ADMM,9,373
0.2338709677419355,0.35893727744809295,ADMM,9,374
0.13207547169811318,0.2551522333219081,ADMM,9,375
0.5701754385964912,0.5242946389376641,ADMM,9,376
0.4363636363636363,0.3793005716266173,ADMM,9,377
0.31034482758620685,0.31079894072714337,ADMM,9,378
0.21969696969696972,0.17588597358770186,ADMM,9,379
0.30833333333333335,0.3333733658522963,ADMM,9,380
0.10526315789473684,0.0779097372786323,ADMM,9,381
0.2321428571428572,0.23836104157045573,ADMM,9,382
0.7946428571428571,0.8081567261916877,ADMM,9,383
0.3359375,0.26823853833650757,ADMM,9,384
0.2857142857142857,0.332191291821097,ADMM,9,385
0.46226415094339623,0.4188520637599407,ADMM,9,386
0.33606557377049184,0.523512298325443,ADMM,9,387
0.36111111111111116,0.23659758626218225,ADMM,9,388
0.2966101694915254,0.22123165009558696,ADMM,9,389
0.5086206896551724,0.45976314254272777,ADMM,9,390
0.2033898305084746,0.3879458499981152,ADMM,9,391
0.2192982456140351,0.2497762422729323,ADMM,9,392
0.5803571428571429,0.6670582243660618,ADMM,9,393
0.33333333333333326,0.41200925370675084,ADMM,9,394
0.2807017543859649,0.37151902270089643,ADMM,9,395
0.3070175438596492,0.3070399726666395,ADMM,9,396
0.43965517241379315,0.5071023413753766,ADMM,9,397
0.4285714285714286,0.5387435131674918,ADMM,9,398
0.1785714285714286,0.22866730989962558,ADMM,9,399
0.287037037037037,0.3187782397396525,ADMM,9,400
0.23728813559322037,0.2562605000977804,ADMM,9,401
0.25,0.38509260277657564,ADMM,9,402
0.34905660377358494,0.44954616709346246,ADMM,9,403
0.3070175438596492,0.28933014381007016,ADMM,9,404
0.26363636363636367,0.37056903916265344,ADMM,9,405
0.2232142857142857,0.2650700369542906,ADMM,9,406
0.33018867924528306,0.44788787115068424,ADMM,9,407
0.27450980392156865,0.4275442800071544,ADMM,9,408
0.2627118644067796,0.3534856855936937,ADMM,9,409
0.26363636363636367,0.3940432106588842,ADMM,9,410
0.4636363636363636,0.5169273961961359,ADMM,9,411
0.43965517241379315,0.3837354776725188,ADMM,9,412
0.21551724137931028,0.26026384484082693,ADMM,9,413
0.3916666666666666,0.42095025666966174,ADMM,9,414
0.21666666666666667,0.3690187021873019,ADMM,9,415
0.39473684210526316,0.2326536281018404,ADMM,9,416
0.2857142857142857,0.41704971322677276,ADMM,9,417
0.26190476190476186,0.2940841358514645,ADMM,9,418
0.1964285714285714,0.30319924527983294,ADMM,9,419
0.31034482758620685,0.39469587273061657,ADMM,9,420
0.20370370370370372,0.23171294160620118,ADMM,9,421
0.13157894736842102,0.29648554511897046,ADMM,9,422
0.4385964912280702,0.5111816131056844,ADMM,9,423
0.5892857142857143,0.637005853570749,ADMM,9,424
0.27586206896551724,0.29534167700080016,ADMM,9,425
0.3793103448275862,0.36221627066776324,ADMM,9,426
0.23728813559322037,0.30134467537466303,ADMM,9,427
0.4537037037037037,0.5078298210955908,ADMM,9,428
0.31034482758620685,0.32257347551895643,ADMM,9,429
0.2410714285714286,0.3766133645955677,ADMM,9,430
0.421875,0.5018708818734494,ADMM,9,431
0.5,0.49915128549950394,ADMM,9,432
0.3909090909090909,0.39697714209232926,ADMM,9,433
0.3157894736842105,0.366489637906459,ADMM,9,434
0.4568965517241379,0.4517983766008964,ADMM,9,435
0.21052631578947367,0.24814998846479064,ADMM,9,436
0.24137931034482762,0.287475853019893,ADMM,9,437
0.12264150943396224,0.19246633459737125,ADMM,9,438
0.36363636363636365,0.3774448600603297,ADMM,9,439
0.3571428571428572,0.3555770343689161,ADMM,9,440
0.5703125,0.36857613003123246,ADMM,9,441
0.3416666666666667,0.3965533191007709,ADMM,9,442
0.22499999999999998,0.3270698574701634,ADMM,9,443
0.5982142857142857,0.5116198430453864,ADMM,9,444
0.39473684210526316,0.49460006724164596,ADMM,9,445
0.1454545454545455,0.20238737681349372,ADMM,9,446
0.2457627118644068,0.318937401024596,ADMM,9,447
0.5,0.4505733177202435,ADMM,9,448
0.4426229508196722,0.38502578537407073,ADMM,9,449
0.07627118644067798,0.09826547993211934,ADMM,9,450
0.27192982456140347,0.286247264370056,ADMM,9,451
0.1637931034482758,0.2442129286029909,ADMM,9,452
0.20370370370370372,0.2035282371026269,ADMM,9,453
0.3214285714285714,0.2854517828197538,ADMM,9,454
0.2232142857142857,0.2953759222987828,ADMM,9,455
0.3909090909090909,0.34971056682126384,ADMM,9,456
0.44166666666666665,0.4907409313468109,ADMM,9,457
0.23684210526315785,0.24968802897196904,ADMM,9,458
0.39830508474576276,0.46997549664401767,ADMM,9,459
0.3790322580645161,0.4456795820215676,ADMM,9,460
0.4811320754716981,0.5097195086676899,ADMM,9,461
0.14754098360655732,0.15591235946470572,ADMM,9,462
0.6363636363636364,0.5288308182290852,ADMM,9,463
0.3771929824561404,0.29394173931613515,ADMM,9,464
0.4772727272727273,0.4938126721936434,ADMM,9,465
0.4482758620689655,0.3198627918522867,ADMM,9,466
0.2295081967213115,0.2284384970117895,ADMM,9,467
0.3412698412698413,0.3586150615731281,ADMM,9,468
0.4098360655737705,0.33259277297713535,ADMM,9,469
0.06896551724137934,0.13721919091211096,ADMM,9,470
0.10909090909090913,0.09598312385407591,ADMM,9,471
0.42105263157894735,0.3051859991422536,ADMM,9,472
0.09482758620689657,0.10596640208794374,ADMM,9,473
0.13559322033898302,0.1653242588144946,ADMM,9,474
0.31034482758620685,0.22830366794962623,ADMM,9,475
0.28181818181818175,0.26310694917694005,ADMM,9,476
0.19827586206896552,0.19647097676947614,ADMM,9,477
0.15573770491803285,0.16541837830409298,ADMM,9,478
0.2894736842105263,0.204465706772994,ADMM,9,479
0.1842105263157895,0.10771553789043749,ADMM,9,480
0.1607142857142857,0.1317750428385776,ADMM,9,481
0.35344827586206895,0.28844495200696885,ADMM,9,482
0.2016129032258065,0.19683007076867215,ADMM,9,483
0.19999999999999996,0.11523834317306458,ADMM,9,484
0.27966101694915246,0.2002486577016904,ADMM,9,485
0.25,0.243663056227971,ADMM,9,486
0.7105263157894737,0.6217444205390832,ADMM,9,487
0.36363636363636365,0.29478015410973646,ADMM,9,488
0.125,0.13618097541142848,ADMM,9,489
0.5,0.43456795503609497,ADMM,9,490
0.15454545454545454,0.1740886267015906,ADMM,9,491
0.07017543859649122,0.08212722272703542,ADMM,9,492
0.1484375,0.18459376550971582,ADMM,9,493
0.3813559322033898,0.3386947160238298,ADMM,9,494
0.2586206896551724,0.12458119106389266,ADMM,9,495
0.16666666666666663,0.12911362688310055,ADMM,9,496
0.525,0.40117884617512495,ADMM,9,497
0.26724137931034475,0.2910924598143311,ADMM,9,498
0.3660714285714286,0.46786694098696335,ADMM,9,499
0.2592592592592593,0.27534178074032467,ADMM,9,500
0.27586206896551724,0.2651471026111976,ADMM,9,501
0.296875,0.3312901589727552,ADMM,9,502
0.27586206896551724,0.38291855208369524,ADMM,9,503
0.3214285714285714,0.34736114083862385,ADMM,9,504
0.5789473684210527,0.4462964249972192,ADMM,9,505
0.4528301886792453,0.39200526852630785,ADMM,9,506
0.5423728813559322,0.5417393482009996,ADMM,9,507
0.3214285714285714,0.32371065460226145,ADMM,9,508
0.5666666666666667,0.4635321262528432,ADMM,9,509
0.3363636363636364,0.4736163054425283,ADMM,9,510
0.2058823529411764,0.3456118579530569,ADMM,9,511
0.543859649122807,0.6051544367860109,ADMM,9,512
0.2232142857142857,0.20570918012345538,ADMM,9,513
0.1454545454545455,0.2628066519379164,ADMM,9,514
0.27192982456140347,0.4334874454714251,ADMM,9,515
0.29824561403508776,0.3818975658267536,ADMM,9,516
0.3909090909090909,0.4080245919771704,ADMM,9,517
0.19444444444444442,0.29525811023464615,ADMM,9,518
0.2068965517241379,0.2886282482149593,ADMM,9,519
0.435483870967742,0.449479502481034,ADMM,9,520
0.32499999999999996,0.3014731907206532,ADMM,9,521
0.25,0.14223928316919301,ADMM,9,522
0.4482758620689655,0.33298961027378754,ADMM,9,523
0.5,0.41691806948248555,ADMM,9,524
0.3846153846153846,0.4336323098815126,ADMM,9,525
0.4107142857142857,0.44108809183111747,ADMM,9,526
0.6311475409836066,0.5299889408841064,ADMM,9,527
0.40909090909090917,0.44922859938473186,ADMM,9,528
0.2807017543859649,0.3522582360022295,ADMM,9,529
0.15254237288135597,0.29541258019079597,ADMM,9,530
0.2314814814814815,0.3422605497927295,ADMM,9,531
0.2786885245901639,0.37072626851150403,ADMM,9,532
0.4916666666666667,0.5995494106980206,ADMM,9,533
0.6349206349206349,0.669053431996728,ADMM,9,534
0.6057692307692307,0.5907586351994727,ADMM,9,535
0.5714285714285714,0.6069642254536183,ADMM,9,536
0.3727272727272728,0.47614768502104876,ADMM,9,537
0.5789473684210527,0.6309789018725421,ADMM,9,538
0.20833333333333337,0.2530223014135559,ADMM,9,539
0.211864406779661,0.22198474325912385,ADMM,9,540
0.2767857142857143,0.37356657276551386,ADMM,9,541
0.20175438596491224,0.21804573899187182,ADMM,9,542
0.18867924528301883,0.2502414523473492,ADMM,9,543
0.3392857142857143,0.34777851134368293,ADMM,9,544
0.35344827586206895,0.38037470799674034,ADMM,9,545
0.4035087719298245,0.47151456997367236,ADMM,9,546
0.3928571428571428,0.5005802068433894,ADMM,9,547
0.6296296296296297,0.41128437618062,ADMM,9,548
0.29824561403508776,0.3193165241190548,ADMM,9,549
0.19047619047619047,0.1967576912212249,ADMM,9,550
0.4568965517241379,0.39563629319673155,ADMM,9,551
0.39655172413793105,0.32816163185502545,ADMM,9,552
0.39423076923076916,0.3592104200960363,ADMM,9,553
0.47115384615384615,0.3659357726974478,ADMM,9,554
0.19090909090909092,0.24221869882758107,ADMM,9,555
0.6754385964912281,0.6211298855022993,ADMM,9,556
0.5086206896551724,0.3925951055000773,ADMM,9,557
0.23728813559322037,0.24193995813944474,ADMM,9,558
0.4528301886792453,0.45262657990570954,ADMM,9,559
0.2627118644067796,0.2551531925959572,ADMM,9,560
0.13888888888888884,0.17478389400049668,ADMM,9,561
0.368421052631579,0.48392670018281814,ADMM,9,562
0.4568965517241379,0.3977656955635052,ADMM,9,563
0.22807017543859653,0.34318067347048936,ADMM,9,564
0.41666666666666674,0.47919583920256903,ADMM,9,565
0.3362068965517242,0.46516250051167557,ADMM,9,566
0.6578947368421053,0.5784407521732556,ADMM,9,567
0.5350877192982456,0.5044559940088056,ADMM,9,568
0.7543859649122807,0.7559651347075622,ADMM,9,569
0.4636363636363636,0.5400003661484334,ADMM,9,570
0.631578947368421,0.631643673905816,ADMM,9,571
0.30645161290322576,0.35519701506503387,ADMM,9,572
0.287037037037037,0.3400831957354475,ADMM,9,573
0.2592592592592593,0.34231362868579257,ADMM,9,574
0.26415094339622636,0.20764332190572432,ADMM,9,575
0.18333333333333335,0.15097424583363048,ADMM,9,576
0.7166666666666667,0.6090352934769124,ADMM,9,577
0.5877192982456141,0.4124479329667099,ADMM,9,578
0.6181818181818182,0.6609734265642772,ADMM,9,579
0.5416666666666666,0.43508751904425513,ADMM,9,580
0.4181818181818182,0.46833989132188497,ADMM,9,581
0.6785714285714286,0.546235548000088,ADMM,9,582
0.3363636363636364,0.39444066763572516,ADMM,9,583
0.2333333333333334,0.3754477721154299,ADMM,9,584
0.5901639344262295,0.4589701240063765,ADMM,9,585
0.39622641509433965,0.4668958314050084,ADMM,9,586
0.5847457627118644,0.5647325674075921,ADMM,9,587
0.09482758620689657,0.09536913929982895,ADMM,9,588
0.4298245614035088,0.4248631863496687,ADMM,9,589
0.3879310344827587,0.462229411333778,ADMM,9,590
0.2053571428571428,0.24844972628993048,ADMM,9,591
0.3303571428571428,0.4362210596603103,ADMM,9,592
0.25,0.35113603583230324,ADMM,9,593
0.1875,0.26384046122151106,ADMM,9,594
0.825,0.7795399895815901,ADMM,9,595
0.3879310344827587,0.3506992691293493,ADMM,9,596
0.5849056603773585,0.5050994560526411,ADMM,9,597
0.4152542372881356,0.5421376165249874,ADMM,9,598
0.2589285714285714,0.4137950429137153,ADMM,9,599
0.4918032786885246,0.3703224816900159,ADMM,9,600
0.6833333333333333,0.6015474582311304,ADMM,9,601
0.603448275862069,0.4868270901264151,ADMM,9,602
0.6363636363636364,0.6079590522003603,ADMM,9,603
0.34905660377358494,0.32187433867781595,ADMM,9,604
0.23728813559322037,0.2403011710687909,ADMM,9,605
0.21052631578947367,0.271618637204904,ADMM,9,606
0.31896551724137934,0.3114965347187351,ADMM,9,607
0.2421875,0.20499045532941862,ADMM,9,608
0.4722222222222222,0.42695284036792636,ADMM,9,609
0.38181818181818183,0.264680801134901,ADMM,9,610
0.6339285714285714,0.5912152527916426,ADMM,9,611
0.4285714285714286,0.34041526281346285,ADMM,9,612
0.4035087719298245,0.35269907091384534,ADMM,9,613
0.5089285714285714,0.4962727176767546,ADMM,9,614
0.3113207547169812,0.2662915411549144,ADMM,9,615
0.17592592592592593,0.21654628910648868,ADMM,9,616
0.21818181818181814,0.26130917192180864,ADMM,9,617
0.7545454545454545,0.6589619365090645,ADMM,9,618
0.5471698113207547,0.40302893775717397,ADMM,9,619
0.11206896551724133,0.11812215330628621,ADMM,9,620
0.6810344827586207,0.5973775740768604,ADMM,9,621
0.17924528301886788,0.20317315475469633,ADMM,9,622
0.09322033898305082,0.17087242731079144,ADMM,9,623
0.3157894736842105,0.2935964224419811,ADMM,9,624
0.3660714285714286,0.34649065610338,ADMM,9,625
0.1885245901639344,0.26297522127365797,ADMM,9,626
0.5350877192982456,0.5817773930137848,ADMM,9,627
0.44999999999999996,0.3799860735069409,ADMM,9,628
0.31034482758620685,0.204980847809744,ADMM,9,629
0.5423728813559322,0.5534642699832484,ADMM,9,630
0.46031746031746024,0.40364029908498666,ADMM,9,631
0.4035087719298245,0.42332032034551315,ADMM,9,632
0.6140350877192983,0.5547336546801189,ADMM,9,633
0.4642857142857143,0.4646709830154263,ADMM,9,634
0.2946428571428572,0.3466855035193613,ADMM,9,635
0.27966101694915246,0.3821254819972935,ADMM,9,636
0.37735849056603776,0.2806841909190635,ADMM,9,637
0.29166666666666674,0.3575272479958969,ADMM,9,638
0.2338709677419355,0.290235826754624,ADMM,9,639
0.4818181818181818,0.40282097528232114,ADMM,9,640
0.4537037037037037,0.381269275876503,ADMM,9,641
0.43103448275862066,0.36357340467951654,ADMM,9,642
0.3545454545454545,0.4666410464426677,ADMM,9,643
0.3727272727272728,0.5581415523173218,ADMM,9,644
0.3070175438596492,0.3814395424638806,ADMM,9,645
0.3090909090909091,0.3940095128891121,ADMM,9,646
0.5,0.5764732556320266,ADMM,9,647
0.34905660377358494,0.44841012886936094,ADMM,9,648
0.5,0.4240734282703423,ADMM,9,649
0.39814814814814814,0.34493042477975294,ADMM,9,650
0.17543859649122806,0.2538171078431312,ADMM,9,651
0.7982456140350878,0.6398471215171114,ADMM,9,652
0.47540983606557374,0.5247013692986501,ADMM,9,653
0.21311475409836067,0.24454944568773754,ADMM,9,654
0.3771929824561404,0.5615224015790493,ADMM,9,655
0.20967741935483875,0.2936999257316446,ADMM,9,656
0.2232142857142857,0.2310731929505581,ADMM,9,657
0.4655172413793103,0.46092355228061627,ADMM,9,658
0.34615384615384615,0.3409729186279046,ADMM,9,659
0.3728813559322034,0.36309642186194635,ADMM,9,660
0.4722222222222222,0.47729782630084283,ADMM,9,661
0.4051724137931034,0.46825061873493856,ADMM,9,662
0.49122807017543857,0.4835411392028688,ADMM,9,663
0.9224137931034483,0.8324780873240463,ADMM,9,664
0.2192982456140351,0.23375790776795868,ADMM,9,665
0.4083333333333333,0.44008482629755435,ADMM,9,666
0.17272727272727273,0.26211332346727195,ADMM,9,667
0.27118644067796605,0.34066119966788155,ADMM,9,668
0.24561403508771928,0.2355808544850844,ADMM,9,669
0.3909090909090909,0.4132091897539176,ADMM,9,670
0.2547169811320755,0.2789072280354491,ADMM,9,671
0.7142857142857143,0.6739624865526124,ADMM,9,672
0.6551724137931034,0.7128091610262383,ADMM,9,673
0.3278688524590163,0.33490432173860335,ADMM,9,674
0.5083333333333333,0.5483129414300818,ADMM,9,675
0.1785714285714286,0.24958014557773567,ADMM,9,676
0.22807017543859653,0.2661085314917478,ADMM,9,677
0.1923076923076923,0.28739792781064294,ADMM,9,678
0.631578947368421,0.5718982283439608,ADMM,9,679
0.8947368421052632,0.7587176404120539,ADMM,9,680
0.10169491525423724,0.07968987333401202,ADMM,9,681
0.4491525423728814,0.4009613893903602,ADMM,9,682
0.2090909090909091,0.21854996167639387,ADMM,9,683
0.1929824561403508,0.30534608663615564,ADMM,9,684
0.2844827586206897,0.2859287350693163,ADMM,9,685
0.31896551724137934,0.37658887955036596,ADMM,9,686
0.12037037037037035,0.2130600295383855,ADMM,9,687
0.525,0.5841416539687663,ADMM,9,688
0.35964912280701755,0.3276624616872533,ADMM,9,689
0.2983870967741935,0.38518798220793093,ADMM,9,690
0.6166666666666667,0.5386177211264036,ADMM,9,691
0.5901639344262295,0.5338068343302759,ADMM,9,692
0.5350877192982456,0.539334068283611,ADMM,9,693
0.36440677966101687,0.47402925614931796,ADMM,9,694
0.2807017543859649,0.2935958814774593,ADMM,9,695
0.22413793103448276,0.2382660836907489,ADMM,9,696
0.6,0.4910839746430151,ADMM,9,697
0.2777777777777778,0.16659908397413686,ADMM,9,698
0.6578947368421053,0.6661729264168674,ADMM,9,699
0.4363636363636363,0.416301385803141,ADMM,9,700
0.39655172413793105,0.46174280750705093,ADMM,9,701
0.4067796610169492,0.4292110743387135,ADMM,9,702
0.2931034482758621,0.37429415361753865,ADMM,9,703
0.29166666666666674,0.43248342845560045,ADMM,9,704
0.3125,0.4010030884441794,ADMM,9,705
0.34259259259259256,0.4080163170768934,ADMM,9,706
0.4298245614035088,0.42947360254137007,ADMM,9,707
0.5727272727272728,0.5605591956005356,ADMM,9,708
0.42307692307692313,0.3891695586739074,ADMM,9,709
0.10344827586206895,0.06015186902315316,ADMM,9,710
0.6428571428571429,0.5636133365582843,ADMM,9,711
0.5416666666666666,0.6207886956464516,ADMM,9,712
0.2033898305084746,0.1806221864874992,ADMM,9,713
0.7203389830508474,0.6355653377870683,ADMM,9,714
0.2767857142857143,0.36642177579929985,ADMM,9,715
0.2142857142857143,0.2901255004044492,ADMM,9,716
0.5357142857142857,0.5821778245849742,ADMM,9,717
0.2421875,0.3414192970664553,ADMM,9,718
0.4351851851851851,0.3696405992520967,ADMM,9,719
0.31896551724137934,0.39038296302713094,ADMM,9,720
0.19999999999999996,0.3013632809893369,ADMM,9,721
0.1610169491525424,0.25623582035984616,ADMM,9,722
0.375,0.46737178518741956,ADMM,9,723
0.1428571428571428,0.21570181818692916,ADMM,9,724
0.2946428571428572,0.29848301118672216,ADMM,9,725
0.10377358490566035,0.1720464835000339,ADMM,9,726
0.2946428571428572,0.371338183124604,ADMM,9,727
0.2857142857142857,0.3155586661444571,ADMM,9,728
0.7719298245614035,0.6610456055101928,ADMM,9,729
0.7166666666666667,0.728078061764121,ADMM,9,730
0.4137931034482758,0.29473852424412655,ADMM,9,731
0.46226415094339623,0.4865533471945646,ADMM,9,732
0.2410714285714286,0.2847014586757319,ADMM,9,733
0.2589285714285714,0.2996512064830263,ADMM,9,734
0.2807017543859649,0.3748461947829812,ADMM,9,735
0.44545454545454544,0.4220548378485852,ADMM,9,736
0.8706896551724138,0.7003951394114523,ADMM,9,737
0.018181818181818188,0.11614668835950985,ADMM,9,738
0.5701754385964912,0.5293375811689396,ADMM,9,739
0.2407407407407407,0.2006907513130976,ADMM,9,740
0.20370370370370372,0.21649509434019917,ADMM,9,741
0.3545454545454545,0.3415082153865831,ADMM,9,742
0.2547169811320755,0.35034981031951723,ADMM,9,743
0.13636363636363635,0.23976199235782494,ADMM,9,744
0.4913793103448276,0.5874017118943025,ADMM,9,745
0.24561403508771928,0.35317352245488387,ADMM,9,746
0.603448275862069,0.5745756231605669,ADMM,9,747
0.5526315789473685,0.4703230648685076,ADMM,9,748
0.38888888888888884,0.3663528198000849,ADMM,9,749
0.35964912280701755,0.4695490448895998,ADMM,9,750
0.3545454545454545,0.293344168854153,ADMM,9,751
0.5272727272727272,0.6539799731290501,ADMM,9,752
0.4907407407407407,0.4650833845904377,ADMM,9,753
0.4351851851851851,0.5225341886970484,ADMM,9,754
0.5789473684210527,0.5913821636147114,ADMM,9,755
0.35964912280701755,0.4578509744345322,ADMM,9,756
0.16666666666666663,0.29740218110022887,ADMM,9,757
0.2857142857142857,0.2949430575171998,ADMM,9,758
0.5576923076923077,0.590639522480193,ADMM,9,759
0.6403508771929824,0.6392118939611572,ADMM,9,760
0.3363636363636364,0.36395568340199386,ADMM,9,761
0.6160714285714286,0.5788259998221873,ADMM,9,762
0.5446428571428571,0.603069660059351,ADMM,9,763
0.27966101694915246,0.3666898942673304,ADMM,9,764
0.3306451612903225,0.3066924922329688,ADMM,9,765
0.18867924528301883,0.24029604197436963,ADMM,9,766
0.4375,0.4439661994932892,ADMM,9,767
0.509090909090909,0.4638664949326632,ADMM,9,768
0.3771929824561404,0.5285586180982348,ADMM,9,769
0.43103448275862066,0.502770258071248,ADMM,9,770
0.4056603773584906,0.5273869739921743,ADMM,9,771
0.5267857142857143,0.6309882578423742,ADMM,9,772
0.25,0.16499495271383102,ADMM,9,773
0.4818181818181818,0.44091515303812756,ADMM,9,774
0.6759259259259259,0.5762119152603679,ADMM,9,775
0.287037037037037,0.38933490151145783,ADMM,9,776
0.09523809523809523,0.1046596388845798,ADMM,9,777
0.4224137931034483,0.40991598051560685,ADMM,9,778
0.2909090909090909,0.2442863160363618,ADMM,9,779
0.27192982456140347,0.3655494737779121,ADMM,9,780
0.3771929824561404,0.42276810970831014,ADMM,9,781
0.5094339622641509,0.47308280235778044,ADMM,9,782
0.3545454545454545,0.4705207419101905,ADMM,9,783
0.13492063492063489,0.1771620077136945,ADMM,9,784
0.55,0.5478384662291299,ADMM,9,785
0.45614035087719296,0.49245703306488176,ADMM,9,786
0.2410714285714286,0.25822856246801223,ADMM,9,787
0.288135593220339,0.44248996899618676,ADMM,9,788
0.35344827586206895,0.5192133965943705,ADMM,9,789
0.5614035087719298,0.5805651977412358,ADMM,9,790
0.1428571428571428,0.08917842971139185,ADMM,9,791
0.3214285714285714,0.31952298916398403,ADMM,9,792
0.2314814814814815,0.2016609397656104,ADMM,9,793
0.4553571428571428,0.3037286278618274,ADMM,9,794
0.3017241379310345,0.409787991610668,ADMM,9,795
0.4716981132075472,0.36760207458896194,ADMM,9,796
0.49122807017543857,0.5548584033287358,ADMM,9,797
0.4,0.45608215203207064,ADMM,9,798
0.18867924528301883,0.33417835383645983,ADMM,9,799
0.3070175438596492,0.5026087607550488,ADMM,9,800
0.38983050847457634,0.48835070208427356,ADMM,9,801
0.4553571428571428,0.4907592725540357,ADMM,9,802
0.2416666666666667,0.16810522715555895,ADMM,9,803
0.6186440677966102,0.6329718263219543,ADMM,9,804
0.26724137931034475,0.3419240284160797,ADMM,9,805
0.17592592592592593,0.25283983980128233,ADMM,9,806
0.1637931034482758,0.2810917797929344,ADMM,9,807
0.22881355932203395,0.25180899450610505,ADMM,9,808
0.1311475409836066,0.22200320883362948,ADMM,9,809
0.1271186440677966,0.12336098455345333,ADMM,9,810
0.185483870967742,0.15564684291960024,ADMM,9,811
0.8909090909090909,0.7522651857625653,ADMM,9,812
0.5175438596491229,0.4465690659312258,ADMM,9,813
0.09090909090909094,0.13765583921966515,ADMM,9,814
0.17272727272727273,0.2448838161408459,ADMM,9,815
0.6,0.6075384064145986,ADMM,9,816
0.16666666666666663,0.14738712688126832,ADMM,9,817
0.7807017543859649,0.5672418207404258,ADMM,9,818
0.2627118644067796,0.41207576767311965,ADMM,9,819
0.2589285714285714,0.22243029088172303,ADMM,9,820
0.2962962962962963,0.2944389541382366,ADMM,9,821
0.18103448275862066,0.15306073551760668,ADMM,9,822
0.11864406779661019,0.2338428643779503,ADMM,9,823
0.6428571428571429,0.5253515145257762,ADMM,9,824
0.2033898305084746,0.19382032482892056,ADMM,9,825
0.11403508771929827,0.21861408912547534,ADMM,9,826
0.3660714285714286,0.30490534392250623,ADMM,9,827
0.2661290322580645,0.4077987560551187,ADMM,9,828
0.27966101694915246,0.4320098614912622,ADMM,9,829
0.3055555555555556,0.4384707770685015,ADMM,9,830
0.3090909090909091,0.4008625314410251,ADMM,9,831
0.29807692307692313,0.4096193959185475,ADMM,9,832
0.15833333333333333,0.29987701669443323,ADMM,9,833
0.3017241379310345,0.3561544797512345,ADMM,9,834
0.3870967741935484,0.3809346782494001,ADMM,9,835
0.23584905660377364,0.26576462001517903,ADMM,9,836
0.2457627118644068,0.31331605988701944,ADMM,9,837
0.41666666666666674,0.4978097673368915,ADMM,9,838
0.4017857142857143,0.508441532174847,ADMM,9,839
0.047169811320754707,0.0699981066100771,ADMM,9,840
0.27118644067796605,0.21646585619837364,ADMM,9,841
0.2767857142857143,0.30693592104401585,ADMM,9,842
0.3125,0.38832084452507426,ADMM,9,843
0.6271186440677966,0.5068824088558389,ADMM,9,844
0.5714285714285714,0.5531138661276697,ADMM,9,845
0.75,0.6176540275036055,ADMM,9,846
0.3018867924528301,0.4139914686681346,ADMM,9,847
0.2407407407407407,0.31670648483407343,ADMM,9,848
0.21818181818181814,0.24861414184091404,ADMM,9,849
0.5,0.4969980864601363,ADMM,9,850
0.25,0.3178199550823824,ADMM,9,851
0.17500000000000004,0.26007470637058755,ADMM,9,852
0.1694915254237288,0.24928243354988855,ADMM,9,853
0.20370370370370372,0.35643957096948164,ADMM,9,854
0.25,0.3015789787049843,ADMM,9,855
0.1578947368421053,0.2653368404019252,ADMM,9,856
0.23684210526315785,0.21488389027142515,ADMM,9,857
0.20175438596491224,0.3391657319507834,ADMM,9,858
0.6578947368421053,0.6065163549307385,ADMM,9,859
0.29166666666666674,0.3042061846636677,ADMM,9,860
0.2068965517241379,0.23440879779148802,ADMM,9,861
0.30952380952380953,0.27403080934678054,ADMM,9,862
0.6339285714285714,0.6881913836279405,ADMM,9,863
0.3482142857142857,0.2954736193550804,ADMM,9,864
0.4056603773584906,0.4921279673613494,ADMM,9,865
0.6090909090909091,0.5887068143549877,ADMM,9,866
0.23770491803278682,0.3536590092770877,ADMM,9,867
0.5283018867924528,0.5516285371989945,ADMM,9,868
0.12068965517241381,0.2802844183738241,ADMM,9,869
0.13157894736842102,0.20623394983599763,ADMM,9,870
0.4375,0.4292851745867752,ADMM,9,871
0.13559322033898302,0.14356592878472496,ADMM,9,872
0.19999999999999996,0.27787509925405535,ADMM,9,873
0.25,0.3133805896240982,ADMM,9,874
0.6666666666666666,0.5392097852592773,ADMM,9,875
0.631578947368421,0.54543787103819,ADMM,9,876
0.39814814814814814,0.3346567431009679,ADMM,9,877
0.3833333333333333,0.4120798878756347,ADMM,9,878
0.5175438596491229,0.4293744314871728,ADMM,9,879
0.5178571428571429,0.5209404782009553,ADMM,9,880
0.3035714285714286,0.3948617132945305,ADMM,9,881
0.6272727272727273,0.6410077933024038,ADMM,9,882
0.4339622641509434,0.5169896937226738,ADMM,9,883
0.34745762711864403,0.33229121298626424,ADMM,9,884
0.05833333333333335,0.09055073313106203,ADMM,9,885
0.4298245614035088,0.3686984902439327,ADMM,9,886
0.5333333333333333,0.5810598001851932,ADMM,9,887
0.2222222222222222,0.3071483461714149,ADMM,9,888
0.75,0.7113149823137686,ADMM,9,889
0.5241935483870968,0.49347204413017354,ADMM,9,890
0.3571428571428572,0.4967622775524301,ADMM,9,891
0.6636363636363637,0.6263007466020079,ADMM,9,892
0.2192982456140351,0.26043525854326294,ADMM,9,893
0.4224137931034483,0.4556857998283542,ADMM,9,894
0.4051724137931034,0.41744491121657423,ADMM,9,895
0.2946428571428572,0.290436809853876,ADMM,9,896
0.44067796610169485,0.3460476652570352,ADMM,9,897
0.4814814814814814,0.31093040643954317,ADMM,9,898
0.3400000000000001,0.3679875327274966,ADMM,9,899
0.7946428571428571,0.5462785149194146,ADMM,9,900
0.6851851851851852,0.5995623119304495,ADMM,9,901
0.4017857142857143,0.47578513664448246,ADMM,9,902
0.8771929824561403,0.794281889913403,ADMM,9,903
0.49056603773584906,0.4774877149182407,ADMM,9,904
0.2272727272727273,0.3266979749293026,ADMM,9,905
0.10169491525423724,0.1284189512947603,ADMM,9,906
0.44736842105263164,0.46151481765600166,ADMM,9,907
0.3125,0.37594506163604446,ADMM,9,908
0.24545454545454548,0.24520554769040953,ADMM,9,909
0.4913793103448276,0.6480863814046843,ADMM,9,910
0.4326923076923077,0.6301680134669251,ADMM,9,911
0.3620689655172413,0.6692689735633299,ADMM,9,912
0.6982758620689655,0.5502467260597403,ADMM,9,913
0.28181818181818175,0.2278703500200402,ADMM,9,914
0.8389830508474576,0.7113157603833522,ADMM,9,915
0.6454545454545455,0.46163138105408624,ADMM,9,916
0.2666666666666666,0.3857377426674045,ADMM,9,917
0.576271186440678,0.5093212585898133,ADMM,9,918
0.26363636363636367,0.2545742687951703,ADMM,9,919
0.5982142857142857,0.5456056079803391,ADMM,9,920
0.33333333333333326,0.42527851154196344,ADMM,9,921
0.19090909090909092,0.346551194288612,ADMM,9,922
0.2777777777777778,0.45289568220469717,ADMM,9,923
0.543859649122807,0.5070996300780131,ADMM,9,924
0.625,0.5704996229519301,ADMM,9,925
0.08490566037735847,0.08316262836553227,ADMM,9,926
0.3392857142857143,0.33467842058815267,ADMM,9,927
0.3035714285714286,0.2984340104308038,ADMM,9,928
0.26415094339622636,0.1903014828723194,ADMM,9,929
0.36363636363636365,0.4050885778335866,ADMM,9,930
0.30327868852459017,0.4152968788218216,ADMM,9,931
0.31034482758620685,0.503913405048482,ADMM,9,932
0.7068965517241379,0.7300063116209881,ADMM,9,933
0.30327868852459017,0.3542598323047811,ADMM,9,934
0.34375,0.39966672876969295,ADMM,9,935
0.4814814814814814,0.574769110033849,ADMM,9,936
0.41666666666666674,0.3593482006113181,ADMM,9,937
0.3421052631578947,0.3078456097805512,ADMM,9,938
0.3706896551724138,0.4640619672435666,ADMM,9,939
0.1339285714285714,0.2661704372702706,ADMM,9,940
0.20175438596491224,0.3201905839113498,ADMM,9,941
0.3362068965517242,0.3804579021523557,ADMM,9,942
0.4655172413793103,0.40224581515159624,ADMM,9,943
0.4576271186440678,0.4926630509081393,ADMM,9,944
0.11864406779661019,0.170703987459519,ADMM,9,945
0.35185185185185186,0.4289523453671747,ADMM,9,946
0.32407407407407407,0.29292489083269674,ADMM,9,947
0.3660714285714286,0.3549608215812352,ADMM,9,948
0.2295081967213115,0.26913988629901364,ADMM,9,949
0.35,0.2940773299195274,ADMM,9,950
0.19444444444444442,0.26709312438723926,ADMM,9,951
0.3666666666666667,0.40025198979188636,ADMM,9,952
0.4516129032258065,0.4426369558696656,ADMM,9,953
0.5272727272727272,0.5256701709656858,ADMM,9,954
0.39655172413793105,0.4985197573376358,ADMM,9,955
0.41129032258064524,0.4281600161853988,ADMM,9,956
0.373015873015873,0.36969826867453054,ADMM,9,957
0.33333333333333326,0.327617424718517,ADMM,9,958
0.23636363636363633,0.3212337599346137,ADMM,9,959
0.4649122807017544,0.42704512987263693,ADMM,9,960
0.3303571428571428,0.37518854912136235,ADMM,9,961
0.1339285714285714,0.24663395855057565,ADMM,9,962
0.0982142857142857,0.10646968369678664,ADMM,9,963
0.31666666666666665,0.4417350424256068,ADMM,9,964
0.3833333333333333,0.45564983374213125,ADMM,9,965
0.6416666666666667,0.5543411000363472,ADMM,9,966
0.509090909090909,0.42763312032206496,ADMM,9,967
0.3928571428571428,0.3886177609169459,ADMM,9,968
0.1694915254237288,0.17169995453020187,ADMM,9,969
0.4196428571428572,0.35228417539104095,ADMM,9,970
0.45238095238095233,0.4134777612726591,ADMM,9,971
0.5,0.3853260052001496,ADMM,9,972
0.38983050847457634,0.3479402504682726,ADMM,9,973
0.19444444444444442,0.3316185287272614,ADMM,9,974
0.509090909090909,0.567211779164282,ADMM,9,975
0.25,0.2718980514862012,ADMM,9,976
0.6754385964912281,0.5248016807896504,ADMM,9,977
0.8245614035087719,0.7774086119115757,ADMM,9,978
0.3571428571428572,0.37367030858317185,ADMM,9,979
0.032786885245901676,0.04838522090284239,ADMM,9,980
0.33333333333333326,0.4409200587372793,ADMM,9,981
0.21052631578947367,0.23365684078854984,ADMM,9,982
0.18181818181818188,0.195123093349325,ADMM,9,983
0.28181818181818175,0.3588671588707808,ADMM,9,984
0.4642857142857143,0.41322715658029474,ADMM,9,985
0.4528301886792453,0.4988042306819512,ADMM,9,986
0.675,0.6447088317645656,ADMM,9,987
0.2333333333333334,0.3004066776564551,ADMM,9,988
0.7796610169491526,0.5916892581159044,ADMM,9,989
0.8559322033898306,0.7346786041376898,ADMM,9,990
0.5338983050847458,0.5800371533564129,ADMM,9,991
0.3392857142857143,0.3698287080550599,ADMM,9,992
0.5689655172413793,0.5814191826124081,ADMM,9,993
0.7678571428571429,0.6198271505499205,ADMM,9,994
0.1454545454545455,0.23198401257737578,ADMM,9,995
0.10377358490566035,0.15195275185124163,ADMM,9,996
0.2583333333333333,0.295837943247086,ADMM,9,997
0.31034482758620685,0.3215524878467845,ADMM,9,998
0.19090909090909092,0.19854186832406662,ADMM,9,999
0.3157894736842105,0.4801989484528261,ADMM,9,1000
0.5089285714285714,0.5277829607893842,ADMM,9,1001
0.6492537313432836,0.643931037390424,ADMM,9,1002
0.5350877192982456,0.6377302731616601,ADMM,9,1003
0.17500000000000004,0.19760176997143702,ADMM,9,1004
0.5416666666666666,0.5355534441776434,ADMM,9,1005
0.5677966101694916,0.5053256182744275,ADMM,9,1006
0.24545454545454548,0.33506328437380595,ADMM,9,1007
0.6228070175438597,0.6222342236185837,ADMM,9,1008
0.2321428571428572,0.26966042534041446,ADMM,9,1009
0.2410714285714286,0.26686453419847767,ADMM,9,1010
0.3125,0.44543379880740946,ADMM,9,1011
0.3125,0.3471017182675187,ADMM,9,1012
0.7844827586206896,0.6976868261391639,ADMM,9,1013
0.2924528301886793,0.30660420675371297,ADMM,9,1014
0.3770491803278688,0.4743920690526967,ADMM,9,1015
0.4913793103448276,0.4700168225093362,ADMM,9,1016
0.1272727272727272,0.24513524906633616,ADMM,9,1017
0.1785714285714286,0.33955051208055037,ADMM,9,1018
0.5681818181818182,0.5837595670230314,ADMM,9,1019
0.2627118644067796,0.3153657798428841,ADMM,9,1020
0.23684210526315785,0.281556973811309,ADMM,9,1021
0.27586206896551724,0.32619801744414456,ADMM,9,1022
0.4285714285714286,0.45376840848142774,ADMM,9,1023
0.19047619047619047,0.21400702584520084,ADMM,9,1024
0.13559322033898302,0.1673383900435296,ADMM,9,1025
0.4017857142857143,0.38146534764389495,ADMM,9,1026
0.6818181818181818,0.49870890270953666,ADMM,9,1027
0.211864406779661,0.27272448495470014,ADMM,9,1028
0.35593220338983045,0.5251118638210461,ADMM,9,1029
0.3909090909090909,0.49469824591285827,ADMM,9,1030
0.47457627118644075,0.47529413646890145,ADMM,9,1031
0.5714285714285714,0.5964376658808128,ADMM,9,1032
0.3305084745762712,0.3277947547759583,ADMM,9,1033
0.8,0.7689243046205007,ADMM,9,1034
0.5166666666666667,0.5387562935536702,ADMM,9,1035
0.20833333333333337,0.3186614782623608,ADMM,9,1036
0.44545454545454544,0.3644590395636901,ADMM,9,1037
0.04166666666666663,0.039582127195283895,ADMM,9,1038
0.39655172413793105,0.39268367096281276,ADMM,9,1039
0.23076923076923084,0.32456360839258885,ADMM,9,1040
0.20370370370370372,0.20115653871327804,ADMM,9,1041
0.30833333333333335,0.4298774858794356,ADMM,9,1042
0.44999999999999996,0.41313498437262086,ADMM,9,1043
0.38596491228070173,0.5415027174665968,ADMM,9,1044
0.6181818181818182,0.6166668429791234,ADMM,9,1045
0.25,0.2654639464030564,ADMM,9,1046
0.4083333333333333,0.3684808915057081,ADMM,9,1047
0.9210526315789473,0.6671115827963049,ADMM,9,1048
0.635593220338983,0.45721798133804203,ADMM,9,1049
0.06896551724137934,0.12478597831976553,ADMM,9,1050
0.21818181818181814,0.2743570643940581,ADMM,9,1051
0.22499999999999998,0.2278368296800034,ADMM,9,1052
0.45192307692307687,0.3654965364630723,ADMM,9,1053
0.3879310344827587,0.28715067362896274,ADMM,9,1054
0.5172413793103449,0.48615514395764,ADMM,9,1055
0.19090909090909092,0.313103707795209,ADMM,9,1056
0.4107142857142857,0.493091805607895,ADMM,9,1057
0.27192982456140347,0.2963545868183234,ADMM,9,1058
0.35593220338983045,0.30487444525136687,ADMM,9,1059
0.37037037037037035,0.3595800842373095,ADMM,9,1060
0.3571428571428572,0.43203570073012787,ADMM,9,1061
0.08771929824561409,0.14358982742317436,ADMM,9,1062
0.26363636363636367,0.35510215175689963,ADMM,9,1063
0.2857142857142857,0.5051519806955697,ADMM,9,1064
0.06557377049180324,0.10232487766841161,ADMM,9,1065
0.17213114754098358,0.18774816905796035,ADMM,9,1066
0.04629629629629628,0.0788845944113575,ADMM,9,1067
0.010000000000000009,0.10804894839535674,ADMM,9,1068
0.21551724137931028,0.1660466128888958,ADMM,9,1069
0.0892857142857143,0.11927423327328106,ADMM,9,1070
0.07627118644067798,0.12586580161821134,ADMM,9,1071
0.14754098360655732,0.10669896348685234,ADMM,9,1072
0.3524590163934427,0.40654724199495235,ADMM,9,1073
0.1696428571428572,0.18098259070565414,ADMM,9,1074
0.6759259259259259,0.603955279825872,ADMM,9,1075
0.35185185185185186,0.3255413914714453,ADMM,9,1076
0.21052631578947367,0.2149525123990539,ADMM,9,1077
0.40740740740740744,0.3784653767628592,ADMM,9,1078
0.5089285714285714,0.4424681372864886,ADMM,9,1079
0.3275862068965517,0.35613131398845055,ADMM,9,1080
0.33333333333333326,0.3337395287550062,ADMM,9,1081
0.5350877192982456,0.5496582960935749,ADMM,9,1082
0.2321428571428572,0.39636435978653906,ADMM,9,1083
0.7131147540983607,0.605346040186082,ADMM,9,1084
0.2583333333333333,0.2899962470458533,ADMM,9,1085
0.2232142857142857,0.22403309578758973,ADMM,9,1086
0.3679245283018868,0.37894112363928467,ADMM,9,1087
0.5,0.45679068141948614,ADMM,9,1088
0.2767857142857143,0.24144679257776216,ADMM,9,1089
0.22499999999999998,0.21652520165971914,ADMM,9,1090
0.1071428571428571,0.1487123295294778,ADMM,9,1091
0.3771929824561404,0.33794069695587436,ADMM,9,1092
0.5,0.4573680192348328,ADMM,9,1093
0.1517857142857143,0.22125822048421953,ADMM,9,1094
0.2685185185185186,0.1675790047205881,ADMM,9,1095
0.22413793103448276,0.33381170298162494,ADMM,9,1096
0.2407407407407407,0.2294661704669718,ADMM,9,1097
0.32692307692307687,0.27094115028288274,ADMM,9,1098
0.2931034482758621,0.2810630963399796,ADMM,9,1099
0.5847457627118644,0.5728206928444403,ADMM,9,1100
0.4,0.5167974408033417,ADMM,9,1101
0.2807017543859649,0.47619189995890904,ADMM,9,1102
0.3157894736842105,0.2905843105472267,ADMM,9,1103
0.2894736842105263,0.36808629796036546,ADMM,9,1104
0.3275862068965517,0.3495163797655266,ADMM,9,1105
0.3706896551724138,0.4133893162950595,ADMM,9,1106
0.2586206896551724,0.4236095017710781,ADMM,9,1107
0.24545454545454548,0.4340402655219552,ADMM,9,1108
0.49056603773584906,0.4174399325047897,ADMM,9,1109
0.3706896551724138,0.3476171753977641,ADMM,9,1110
0.5089285714285714,0.49785419520320356,ADMM,9,1111
0.5267857142857143,0.4118290829008631,ADMM,9,1112
0.4385964912280702,0.5021742709228122,ADMM,9,1113
0.13709677419354838,0.24761783322924075,ADMM,9,1114
0.43442622950819665,0.47050592179448897,ADMM,9,1115
0.3482142857142857,0.3826961206655687,ADMM,9,1116
0.16393442622950816,0.26073089832893936,ADMM,9,1117
0.2966101694915254,0.25633894007127417,ADMM,9,1118
0.532258064516129,0.5841576729303714,ADMM,9,1119
0.631578947368421,0.6993636716934675,ADMM,9,1120
0.3181818181818181,0.33662214404031676,ADMM,9,1121
0.27692307692307694,0.26056388998568547,ADMM,9,1122
0.3125,0.2995001450827449,ADMM,9,1123
0.4482758620689655,0.3719819414344325,ADMM,9,1124
0.4385964912280702,0.5497270346016744,ADMM,9,1125
0.2068965517241379,0.23756394653951948,ADMM,9,1126
0.7545454545454545,0.5358002074778876,ADMM,9,1127
